brand,model,year,fuel_type,transmission,km_driven,owner_type,city,mileage,engine_cc,condition_rating,original_price,listed_price,estimated_final_price,days_to_sell,bargain_percent,car_age,depreciation_amount,resale_value_percent,demand_score,brand_popularity_score,price_per_km,premium_car
Maruti,Baleno,2024,Diesel,Automatic,14345,Second,Bhopal,20,1199,10,1133417,998993,819174,17,18,1,143468,88.14,9.19,10,69.64,0
Hyundai,Creta,2023,Petrol,Automatic,15461,First,Kolkata,21,1493,8,1573516,1257081,1093660,42,13,2,358330,79.89,9.13,10,81.31,0
Hyundai,Alcazar,2024,Petrol,Manual,17868,Third,Pune,20,1999,10,2215825,1929318,1794265,39,7,1,260541,87.07,9.02,10,107.98,0
Hyundai,Creta,2023,Petrol,Manual,21002,First,Bangalore,16,1493,10,1407825,1181587,1110691,26,6,2,253206,83.93,10,10,56.26,0
Tata,Tiago,2020,Petrol,Manual,59742,Second,Chandigarh,14,1199,8,671505,386921,375313,22,3,5,301973,57.62,7.18,8,6.48,0
Toyota,Urban Cruiser,2016,Petrol,Manual,122511,Second,Ahmedabad,20,1462,6,845210,195074,159960,50,18,9,630674,23.08,5.3,8,1.59,0
Kia,EV6,2023,Diesel,Automatic,35431,First,Hyderabad,15,0,7,9477903,7537776,6934753,31,8,2,2044477,79.53,8.52,8,212.75,1
Hyundai,i20,2017,Petrol,Manual,93191,First,Coimbatore,20,1197,4,903041,374491,322062,62,14,8,510815,41.47,5.09,8,4.02,0
Kia,Seltos,2018,Petrol,Manual,114934,First,Mumbai,21,1497,5,1106571,475050,437046,47,8,7,630703,42.93,7.84,8,4.13,0
Nissan,Kicks,2025,CNG,Automatic,500,First,Jaipur,21,1461,10,1572041,1493438,1403831,18,6,0,0,95,8.53,4,2986.88,0
Skoda,Kushaq,2017,Petrol,Manual,76084,Second,Mumbai,22,1498,6,1230929,551210,463016,35,16,8,689152,44.78,7,5,7.24,0
Hyundai,Grand i10,2020,Petrol,Automatic,72635,First,Lucknow,18,1197,7,887070,461986,397307,34,14,5,402506,52.08,8.95,10,6.36,0
Maruti,Swift,2020,Petrol,Manual,107600,Second,Bhopal,15,1197,8,965703,560687,476583,21,15,5,413244,58.06,8.62,10,5.21,0
Maruti,Baleno,2010,Petrol,Automatic,365168,Third,Jaipur,20,1197,2,532484,79872,68689,77,14,15,630746,15,3.19,10,0.22,0
Renault,Kiger,2020,Diesel,Automatic,95214,Second,Ahmedabad,25,999,6,971258,544778,522986,48,4,5,416819,56.09,8.19,7,5.72,0
Mahindra,XUV300,2022,Petrol,Automatic,47311,Second,Kolkata,16,1199,8,1239707,949739,835770,30,12,3,319126,76.61,7.63,7,20.07,0
Toyota,Glanza,2016,Petrol,Manual,109670,First,Bangalore,20,1197,4,883386,255740,217379,43,15,9,627228,28.95,6.18,9,2.33,0
Nissan,Terrano,2020,Petrol,Manual,78365,Second,Ahmedabad,22,1461,8,1065381,702405,611092,36,13,5,394172,65.93,5.94,6,8.96,0
Kia,EV6,2022,Petrol,Automatic,44809,First,Hyderabad,17,0,8,8147342,5791130,5038283,14,13,3,2332860,71.08,7.98,6,129.24,1
Tata,Tigor,2022,Diesel,Automatic,64989,Fourth,Kolkata,24,1199,7,826533,623536,573653,34,8,3,221036,75.44,9.4,9,9.59,0
Kia,EV6,2022,Electric,Automatic,40508,First,Jaipur,243,0,7,9303225,6700182,5963161,28,11,3,2510544,72.02,8.83,7,165.4,1
MG,Astor,2024,Petrol,Manual,24257,Second,Delhi,20,1499,10,1719455,1546477,1268111,23,18,1,191880,89.94,9.62,6,63.75,0
MG,Astor,2021,Diesel,Manual,86490,Second,Lucknow,25,1495,7,1420172,1008606,837142,27,17,4,392011,71.02,6.48,6,11.66,0
Hyundai,Aura,2024,Diesel,Manual,24893,Third,Coimbatore,19,1196,10,898526,792230,649628,35,18,1,119221,88.17,10,9,31.83,0
Hyundai,Verna,2022,Petrol,Manual,33990,Second,Delhi,16,1497,8,1290275,815711,709668,27,13,3,436474,63.22,8.02,9,24,0
Ford,Figo,2023,Petrol,Manual,22022,Second,Bhopal,19,1194,10,870057,690825,649375,33,6,2,177848,79.4,7.75,5,31.37,0
Hyundai,Tucson,2022,Petrol,Automatic,48409,Second,Kolkata,18,1998,9,3383768,2194035,1842989,22,16,3,1090542,64.84,8.23,10,,1
Hyundai,Verna,2024,Diesel,Automatic,7063,First,Mumbai,27,1497,10,1491386,1310779,1087946,15,17,1,170517,87.89,7.92,8,185.58,0
Tata,Nexon,2023,CNG,Manual,41335,Second,Mumbai,26,1496,7,1444961,1087333,956853,41,12,2,322158,75.25,9.42,9,26.31,0
Ford,Aspire,2023,Diesel,Manual,30231,First,Nagpur,20,1194,8,1138022,943192,830008,20,12,2,227595,82.88,6.51,4,31.2,0
Hyundai,Tucson,2020,Diesel,Automatic,74102,Second,Lucknow,,1998,7,3223109,1888419,1661808,45,12,5,1314424,58.59,7.92,8,25.48,1
Renault,Duster,2019,Diesel,Manual,94316,Third,Surat,19,1498,5,1272734,659148,547092,37,17,6,624683,51.79,7.37,7,6.99,0
Mahindra,Thar,2024,CNG,Manual,20976,Second,Lucknow,30,2184,10,2263172,1983896,1666472,39,16,1,246041,87.66,9.53,7,94.58,0
Toyota,Innova,2025,Petrol,Automatic,5683,Second,Bhopal,14,2393,10,2735176,2598417,2312591,17,11,0,0,95,8.91,8,1281.17,0
Hyundai,Verna,2022,Diesel,Automatic,55282,Second,Surat,25,1497,9,1243952,913807,895530,37,2,3,352756,73.46,9.67,9,35.21,0
Tata,Harrier,2025,Petrol,Manual,500,First,Nagpur,18,1956,10,2419208,2298247,2114387,30,8,0,0,95,10,9,4596.49,0
Skoda,Slavia,2023,Diesel,Automatic,33950,First,Nagpur,17,1498,9,1700342,1395640,1353770,30,3,2,316158,82.08,9.44,6,41.11,0
Nissan,Terrano,2019,Diesel,Manual,105612,First,Kolkata,22,1461,6,1123747,533105,437146,50,18,6,582220,47.44,5.02,4,5.05,0
Mahindra,XUV300,2022,Diesel,Manual,51843,Fourth,Nagpur,28,1197,7,1139072,827307,719757,46,13,3,337984,72.63,7.22,9,15.96,0
Ford,EcoSport,2025,Petrol,Manual,500,Second,Delhi,17,1497,10,1266256,1202943,1106707,13,8,0,0,95,8.89,4,2405.89,0
Honda,Amaze,2019,Petrol,Manual,79693,First,Ahmedabad,20,1199,5,1040105,536902,510056,37,5,6,527989,51.62,5.72,8,6.74,0
Ford,Endeavour,2016,Petrol,Automatic,153355,Fourth,Coimbatore,16,1996,5,4378450,1248296,1011119,42,19,9,3094913,28.51,5.05,5,8.14,1
Volkswagen,Vento,2025,Petrol,Manual,722,Second,Chandigarh,21,1598,10,1218278,1157364,1041627,15,10,0,0,95,10,6,1603,0
Toyota,Camry,2015,Diesel,Automatic,176757,First,Surat,24,2487,4,4434168,864219,717301,37,17,10,3536649,19.49,6.01,8,4.89,1
Hyundai,Creta,2025,Diesel,Manual,500,First,Pune,18,1493,10,1778999,1690049,1402740,40,17,0,0,95,9.29,10,3380.1,0
Hyundai,i20,2023,Petrol,Manual,40688,Second,Chandigarh,19,1197,9,1181038,950381,807823,25,15,2,255023,80.47,9.1,8,23.36,0
Hyundai,Tucson,2024,Diesel,Manual,6925,First,Jaipur,21,1998,10,4447199,3766332,3578015,23,5,1,574236,84.69,8.92,10,543.87,1
Tata,Punch,2022,Petrol,Automatic,26687,First,Chandigarh,19,1199,10,1015782,700076,686074,29,2,3,313933,68.92,10,8,26.23,0
Skoda,Kushaq,2018,Petrol,Manual,120673,First,Jaipur,21,1498,5,1161362,509837,469050,54,8,7,635589,43.9,4.33,6,4.22,0
Volkswagen,Taigun,2024,CNG,Manual,13371,Second,Nagpur,26,1498,10,1442347,1233206,1072889,28,13,1,193171,85.5,8.74,6,92.23,0
Renault,Kiger,2017,Petrol,Manual,145019,First,Ahmedabad,21,999,5,815424,255880,209821,40,18,8,583781,31.38,6.44,7,1.76,0
Renault,Kiger,2019,CNG,Manual,180068,Third,Delhi,21,999,5,786966,397260,365479,38,8,6,398624,50.48,4.96,6,2.21,0
Honda,Jazz,2015,CNG,Automatic,120490,First,Ahmedabad,27,1199,5,838180,155147,147389,38,5,10,701309,18.51,5.19,7,1.29,0
Ford,Aspire,2020,Petrol,Automatic,92141,First,Hyderabad,15,1194,10,891376,582514,559213,47,4,5,312660,65.35,6.8,4,6.32,0
Skoda,Kushaq,2025,Diesel,Automatic,500,First,Jaipur,26,1498,10,1577504,1498628,1408710,17,6,0,0,95,10,7,2997.26,0
Hyundai,Creta,2012,Petrol,Automatic,173678,First,Chennai,17,1491,3,1026377,153956,147797,65,4,13,1150595,15,6.06,9,0.89,0
Maruti,Ertiga,2025,Petrol,Manual,269,First,Coimbatore,18,1462,10,1347286,1279921,1190326,30,7,0,0,95,9.82,10,4758.07,0
Toyota,Innova,2020,Petrol,Manual,70904,Third,Jaipur,19,2393,6,2358319,1406501,1293980,30,8,5,951121,59.64,8.07,10,19.84,0
Mahindra,XUV700,2020,Petrol,Automatic,45049,First,Chandigarh,20,2184,8,2644781,1795541,1759630,22,2,5,923773,67.89,7.62,7,39.86,1
Honda,Amaze,2023,Diesel,Automatic,33684,Second,Delhi,19,1199,7,1189833,977566,948239,32,3,2,215660,82.16,7.94,7,29.02,0
Maruti,WagonR,2013,CNG,Manual,226215,Second,Chandigarh,23,1197,4,564036,84605,78682,41,7,12,590269,15,6.01,10,0.37,0
Tata,Tigor,2024,Diesel,Manual,18352,Second,Bangalore,21,1199,10,915554,777854,668954,18,14,1,118474,84.96,9.62,7,42.39,0
Tata,Harrier,2017,Diesel,Manual,91446,First,Delhi,21,1956,7,1805617,779123,740166,30,5,8,997763,43.15,7.13,9,8.52,0
Tata,Altroz,2020,Petrol,Manual,86314,Third,Bhopal,22,1199,6,822833,548006,460325,54,16,5,296481,66.6,8.02,7,6.35,0
Honda,Amaze,2019,Petrol,Manual,91832,Fourth,Bhopal,13,1197,6,925340,500886,470832,43,6,6,408764,54.13,6.1,8,5.45,0
Maruti,WagonR,2018,Petrol,Manual,95667,Second,Chandigarh,18,1197,5,600476,295734,245459,53,17,7,299841,49.25,7.95,9,3.09,0
Hyundai,Verna,2019,Petrol,Automatic,91573,Second,Nagpur,19,1497,6,1318011,774595,658405,29,15,6,572290,58.77,6.96,8,8.46,0
MG,ZS EV,2024,Petrol,Automatic,25207,Second,Pune,,0,10,3566159,3074029,2520703,24,18,1,461831,86.2,,8,121.95,1
Volkswagen,Polo,2021,Diesel,Automatic,50677,First,Surat,22,999,8,1113995,734345,704971,22,4,4,374492,65.92,8.31,5,14.49,0
Renault,Kiger,2021,Petrol,Automatic,92065,Second,Mumbai,21,999,7,1002143,624134,605409,50,3,4,364786,62.28,5.67,6,6.78,0
Toyota,Glanza,2025,Diesel,Manual,500,Second,Jaipur,25,1197,10,1005084,954829,859346,23,10,0,0,95,8.27,8,1909.66,0
Skoda,Octavia,2018,Petrol,Automatic,115327,First,Kolkata,16,1982,5,2756639,1024918,881429,45,14,7,1729739,37.18,5.54,5,8.89,1
Tata,Punch,2025,Diesel,Manual,3012,Second,Delhi,18,1199,9,1051508,998932,948985,16,5,0,0,95,9.28,9,331.65,0
Maruti,WagonR,2024,Petrol,Manual,10704,First,bangalore,16,1197,10,909275,805890,693065,39,14,1,109848,88.63,,9,75.29,0
Skoda,Kodiaq,2025,CNG,Automatic,5440,Fourth,Bhopal,21,1984,10,5180393,4921373,4626090,6,6,0,0,95,8.05,5,904.66,1
Skoda,Slavia,2018,Petrol,Manual,100099,First,Bangalore,,1498,6,1408247,578507,520656,33,10,7,868931,41.08,5.31,6,5.78,0
Toyota,Innova,2025,Diesel,Manual,642,Second,Surat,16,2393,9,2908164,2762755,2265459,31,18,0,0,95,10,10,4303.36,0
Volkswagen,Polo,2021,CNG,Manual,52004,First,Lucknow,30,999,8,979414,687254,604783,36,12,4,269153,70.17,7.94,5,13.22,0
Tata,Harrier,2025,Petrol,Automatic,90,First,Ahmedabad,22,1956,10,2296365,2181546,2072468,20,5,0,0,95,10,8,24239.4,0
Volkswagen,Taigun,2025,DIESEL,Automatic,5577,Fourth,Ahmedabad,25,1498,10,1572938,1494291,1389690,15,7,0,0,95,10,6,267.94,0
Tata,Tigor,2023,Diesel,Automatic,21773,First,Delhi,,1199,8,905787,742020,712339,42,4,2,156564,81.92,7.66,8,34.08,0
Maruti,Dzire,2022,Diesel,Automatic,84389,Third,Hyderabad,26,1197,6,1066629,780452,632166,48,19,3,277707,73.17,8.39,10,9.25,0
Maruti,Ciaz,2025,Diesel,Automatic,257,First,Coimbatore,22,1462,10,1417400,1346530,1279203,37,5,0,0,95,10,10,5239.42,0
Hyundai,Verna,2021,Petrol,Manual,57231,Second,Nagpur,22,1497,8,1239524,820564,763124,29,7,4,439708,66.2,7.27,8,14.34,0
Volkswagen,Polo,2024,Diesel,Manual,19742,Second,Coimbatore,22,999,10,959926,851166,825631,33,3,1,99743,88.67,8.02,6,43.11,0
Toyota,Glanza,2023,Diesel,Manual,60504,Third,Ahmedabad,21,1197,6,1164583,948087,881720,35,7,2,212581,81.41,8.48,10,15.67,0
Ford,EcoSport,2025,Diesel,Automatic,772,Third,Nagpur,25,1497,8,1385507,1316231,1105634,20,16,0,0,95,7.59,6,1704.96,0
Ford,Figo,2020,Diesel,Automatic,84346,Second,Lucknow,18,,8,837195,517051,423981,34,18,5,333562,61.76,7.56,6,6.13,0
Tata,Altroz,2025,Diesel,Manual,4242,Second,Pune,27,1199,9,1026432,975110,887350,18,9,0,0,95,7.41,7,229.87,0
Toyota,Fortuner,2018,Diesel,Automatic,124553,First,Jaipur,20,2755,6,4293762,1997887,1878013,51,6,7,2300832,46.53,5.88,10,16.04,1
Maruti,Dzire,2024,Petrol,Manual,22095,Second,Delhi,19,1197,10,1023626,914916,841722,21,8,1,108011,89.38,9.86,10,41.41,0
Tata,Nexon,2018,CNG,Manual,126007,First,Mumbai,28,1497,7,1054547,524742,482762,26,8,7,517362,49.76,8.59,9,4.16,0
Tata,Safari,2020,Petrol,Manual,65797,First,Hyderabad,17,1956,8,2138362,1285583,1144168,41,11,5,818915,60.12,6.59,7,19.54,0
Tata,Punch,2018,Petrol,Manual,129715,Second,Delhi,20,1199,7,984789,361023,350192,29,3,7,606039,36.66,6.82,7,2.78,0
Renault,Kwid,2013,Petrol,Manual,223962,Second,Bhopal,20,799,3,363135,54470,49023,70,10,12,360895,15,3.33,7,0.24,0
Ford,Aspire,2025,Petrol,Manual,226,Fourth,Bangalore,13,1194,9,1075441,1021668,817334,25,20,0,0,95,7.5,5,4520.65,0
Kia,EV6,2023,Diesel,Automatic,26608,Second,Nagpur,16,0,10,8316890,6474698,6021469,18,7,2,1621569,77.85,7.97,6,243.34,1
Skoda,Kodiaq,2018,Petrol,Automatic,159055,Second,Hyderabad,13,1984,7,4152070,2059426,1977048,36,4,7,2072952,49.6,7.15,5,12.95,1
Toyota,Fortuner,2024,Diesel,Automatic,11350,First,Ahmedabad,16,2755,10,5504859,4600410,4002356,12,13,1,746473,83.57,10,10,405.32,1
Maruti,Brezza,2023,CNG,Manual,63550,Fourth,Pune,23,1462,8,1372643,1072720,858176,45,20,2,260515,78.15,8.47,9,16.88,0
Tata,Nexon,2021,Petrol,Manual,125781,Fourth,Pune,20,1497,6,1055760,656893,558359,39,15,4,384861,62.22,6.68,9,5.22,0
Hyundai,Aura,2017,CNG,Manual,195397,Third,Nagpur,27,1197,3,831940,220464,178575,49,19,8,602130,26.5,6.25,9,1.13,0
Tata,Nexon,2022,Petrol,Automatic,30485,First,Ahmedabad,,1497,9,1112738,754325,716608,24,5,3,367689,67.79,9.12,9,24.74,0
Toyota,Camry,2018,CNG,Automatic,127548,Second,Coimbatore,23,2487,7,5700435,2183266,1964939,32,10,7,3547044,38.3,7.65,10,17.12,1
Nissan,Magnite,2023,Petrol,Automatic,55438,Third,Lucknow,13,999,6,937424,788186,662076,51,16,2,164532,84.08,5.57,4,14.22,0
Maruti,Ertiga,2024,Petrol,Manual,20958,Third,Coimbatore,21,1462,9,1288502,1174598,998408,45,15,1,138334,91.16,8.42,9,56.05,0
Renault,Kwid,2014,Petrol,Manual,167084,First,Kolkata,,799,5,411994,70615,57904,41,18,11,341812,17.14,6.18,7,0.42,0
Renault,Triber,2022,Petrol,Automatic,39399,First,Pune,16,999,8,1034652,706874,586705,27,17,3,329819,68.32,8.17,6,17.94,0
Ford,Endeavour,2021,Petrol,Automatic,86796,Second,Jaipur,19,1996,6,5107546,3601330,3529303,40,2,4,1400458,70.51,6,5,41.49,1
Kia,Carens,2021,Petrol,Manual,43062,Second,Surat,16,1497,6,1459442,1000447,890397,48,11,4,500080,68.55,7.15,8,23.23,0
MG,ZS EV,2015,Diesel,Automatic,160659,First,Bangalore,27,0,5,2315019,609313,517916,39,15,10,1710912,26.32,6.38,6,3.79,1
Kia,Seltos,2012,Petrol,Automatic,240916,Second,Chandigarh,21,1497,2,914453,137167,128936,49,6,13,927465,15,3,8,0.57,0
Volkswagen,Virtus,2024,Petrol,Automatic,10009,First,Lucknow,20,1498,10,1614385,1390469,1307040,15,6,1,199971,86.13,8.39,6,138.92,0
Mahindra,Thar,2018,Diesel,Manual,101971,Second,Mumbai,16,,6,1772848,751864,736826,31,2,7,1062896,42.41,5.38,8,7.37,0
Skoda,Slavia,2024,Petrol,Manual,17432,First,Coimbatore,13,1500,10,1620170,1416838,1331827,36,6,1,210851,87.45,9.93,7,81.28,0
Honda,WR-V,2024,Petrol,Automatic,20038,Second,Kolkata,19,1199,10,1318673,1202497,1034147,13,14,1,150427,91.19,8.68,7,60.01,0
MG,ZS EV,2025,Diesel,Automatic,2335,First,Pune,18,0,9,3743682,3556497,3129717,25,12,0,0,95,6.94,6,1523.13,1
Nissan,Terrano,2025,Diesel,Manual,3051,Second,Jaipur,28,1461,10,1300432,1235410,1210701,18,2,0,0,95,9.51,5,404.92,0
Mahindra,XUV700,2014,Petrol,Automatic,195149,Second,Bangalore,15,2184,3,1695005,254250,231367,46,9,11,1529701,15,4.13,7,1.3,1
Toyota,Urban Cruiser,2021,Petrol,Automatic,55560,Second,Lucknow,22,1462,7,1336453,954093,877765,24,8,4,363868,71.39,8.06,8,17.17,0
Hyundai,Creta,2022,Diesel,Automatic,56757,Second,Delhi,19,1493,7,1472997,1036547,891430,44,14,3,436676,70.37,8.07,10,18.26,0
Renault,Kwid,2018,CNG,Automatic,134689,Second,Chennai,25,799,6,511686,239673,230086,40,4,7,287282,46.84,7.3,6,1.78,0
Hyundai,Creta,2024,Petrol,Manual,7427,First,Bangalore,18,1493,9,1677084,1478684,1345602,28,9,1,183547,88.17,10,9,199.1,0
MG,Astor,2020,CNG,Automatic,95352,Second,Bangalore,21,1497,8,1333835,853387,725378,31,15,5,455297,63.98,6.7,8,8.95,0
Honda,Elevate,2016,Petrol,Manual,180090,Second,Chandigarh,18,1200,4,831893,164631,159692,41,3,9,665334,19.79,5.54,9,0.91,0
Mahindra,XUV300,2024,Petrol,Manual,20595,Second,Bangalore,15,1199,10,1134068,974958,945709,37,3,1,144328,85.97,8.21,9,47.34,0
Toyota,Glanza,2020,Petrol,Manual,74945,First,Chandigarh,19,1197,7,912653,530616,456329,,14,5,390542,58.14,6.43,8,7.08,0
Maruti,Ciaz,2016,Diesel,Manual,74942,First,Mumbai,24,1462,4,1007801,217483,200084,37,8,9,771939,21.58,5.84,10,2.9,0
Renault,Duster,2024,CNG,Automatic,10841,Fourth,Chandigarh,22,1498,8,1559319,1342105,1234736,16,8,1,189718,86.07,8,5,123.8,0
Renault,Triber,2016,Diesel,Manual,161035,Fourth,Bangalore,26,999,6,797956,203000,158340,34,22,9,613701,25.44,5.67,6,1.26,0
Maruti,Dzire,2018,Petrol,Automatic,204334,Fourth,Nagpur,21,1197,4,870015,358881,330170,62,8,7,497677,41.25,5.47,10,1.76,0
Kia,Carens,2015,Petrol,Manual,144117,Third,Lucknow,17,1497,3,1117039,328186,275676,70,16,10,805151,29.38,4.26,6,2.28,0
Skoda,Kushaq,2016,Petrol,Manual,300639,Fourth,Ahmedabad,13,1498,3,1150074,317420,269807,59,15,9,832304,27.6,4.02,7,1.06,0
Volkswagen,Vento,2021,Petrol,Automatic,88381,Third,Jaipur,15,1598,6,1218287,772881,656948,34,15,4,422601,63.44,6.32,7,8.74,0
Honda,WR-V,2024,CNG,Manual,16295,Second,Chandigarh,28,1199,10,1240700,1084247,1062562,27,2,1,162441,87.39,10,8,66.54,0
Skoda,Kushaq,2025,Petrol,Manual,837,Second,Surat,17,1498,10,1659358,1576390,1308403,34,17,0,0,95,8.64,5,1883.38,0
Volkswagen,Vento,2025,Petrol,Manual,500,First,Bhopal,14,1598,10,1343032,1275880,1173809,35,8,0,0,95,7.13,5,2551.76,0
Maruti,Baleno,2021,Petrol,Manual,45726,First,Delhi,16,1197,7,939146,615140,522869,46,15,4,328194,65.5,7.12,10,13.45,0
Honda,Amaze,2021,Petrol,Automatic,71154,First,Jaipur,21,1199,7,1164841,827503,703377,22,15,4,328472,71.04,7.99,9,11.63,0
Honda,Amaze,2024,Petrol,Automatic,22640,Third,Mumbai,14,1199,9,1246203,1087436,1011315,47,7,1,152376,87.26,7.76,7,48.03,0
Nissan,Magnite,2023,CNG,Automatic,28351,First,Nagpur,26,999,8,956261,783560,705204,22,10,2,197794,81.94,7.72,6,41.67,0
Mahindra,Bolero,2018,Petrol,Manual,110623,Second,Kolkata,19,1493,5,979854,518538,482240,41,7,7,483160,52.92,5.44,8,4.69,0
Maruti,Dzire,2021,Diesel,Automatic,55170,Second,Mumbai,18,1197,7,1013694,701881,617655,50,12,4,299219,69.24,8.47,10,12.72,0
Nissan,Terrano,2023,Petrol,Manual,36059,First,Ahmedabad,20,1461,8,1457645,1154163,1107996,23,4,2,330480,79.18,6.16,5,32.01,0
MG,ZS EV,2018,Diesel,Automatic,128114,Second,Hyderabad,20,0,5,2771141,1103468,926913,40,16,7,1688265,39.82,7.38,7,8.61,1
Hyundai,Venue,2013,CNG,Manual,200282,Second,Chandigarh,26,1197,3,813572,122035,103729,,15,12,839313,15,4.06,8,0.61,0
Maruti,Ertiga,2024,Petrol,Manual,11975,Second,Pune,14,1462,9,1463387,1290268,1187046,25,8,1,166137,88.17,10,10,107.75,0
Honda,Amaze,2024,Petrol,Manual,15215,First,Delhi,22,1199,10,998952,864992,813092,31,6,1,122948,86.59,9.61,9,56.85,0
Maruti,Dzire,2019,Diesel,Manual,87272,First,Mumbai,23,1197,7,859537,492428,457958,30,7,6,368708,57.29,6.34,9,5.64,0
Honda,WR-V,2024,Petrol,Automatic,18804,Third,Kolkata,14,1199,8,1270580,1088632,1034200,34,5,1,158988,85.68,6.66,7,57.89,0
Toyota,Urban Cruiser,2022,Diesel,Manual,37112,Second,Delhi,20,1462,8,1070605,717840,631699,35,12,3,339081,67.05,6.95,8,19.34,0
Kia,Seltos,2024,Petrol,Manual,20417,Fourth,Coimbatore,20,1497,10,1541655,1402443,1248174,14,11,1,173258,90.97,7.65,6,,0
Tata,Nexon,2024,Petrol,Manual,18029,Second,Jaipur,18,1497,10,1500375,1299624,1143669,22,12,1,191186,86.62,8.99,8,72.09,0
Hyundai,Venue,2020,Diesel,Automatic,61656,First,Coimbatore,16,1197,6,1005432,574101,556877,29,3,5,446045,57.1,7.6,10,26.85,0
Tata,Tiago,2024,Petrol,Automatic,19182,First,Bhopal,19,1199,10,776857,671903,638307,35,5,1,102080,86.49,8.08,7,35.03,0
Nissan,Terrano,2023,Petrol,Automatic,22313,Second,Lucknow,22,1461,8,1377137,1102811,970473,47,12,2,260466,80.08,8.64,5,49.42,0
Hyundai,Verna,2023,Petrol,Automatic,30973,Second,Nagpur,22,1497,7,1379299,1077370,1023501,,5,2,301440,78.11,8.71,9,74.5,0
Tata,Safari,2022,Diesel,Manual,65946,Fourth,Hyderabad,23,1956,7,2596431,1703518,1601306,24,6,3,882316,65.61,8.8,8,25.83,0
Tata,Punch,2013,Petrol,Manual,196757,Third,Mumbai,13,1199,1,620029,98088,89260,76,9,12,518345,15.82,4.75,7,0.5,0
Kia,EV6,2021,Diesel,Automatic,85952,Third,Lucknow,24,0,6,8789248,5686643,4663047,50,18,4,2958990,64.7,7.08,7,66.16,1
Honda,WR-V,2015,Diesel,Manual,239695,Third,Kolkata,19,1199,3,916214,272115,242182,54,11,10,665500,29.7,5.87,7,1.14,0
Honda,HR-V,2024,Petrol,Manual,5195,First,Jaipur,17,1498,9,1870060,1662109,1362929,16,18,1,200469,88.88,8.13,7,319.94,0
Tata,Altroz,2018,Petrol,Manual,103832,First,Delhi,17,1199,6,883688,371237,334113,56,10,7,507809,42.01,5.58,8,3.58,0
Volkswagen,Vento,2025,Diesel,Manual,200,Second,Kolkata,17,1597,9,1416628,1345796,1157384,24,14,0,0,95,9.9,6,6728.98,0
Nissan,Kicks,2022,CNG,Automatic,47517,First,Surat,21,1461,9,1393897,954540,830449,18,13,3,478378,68.48,6.19,5,20.09,0
Hyundai,i20,2025,Petrol,Automatic,834,Third,Chennai,15,1196,8,1252042,1189439,1022917,43,14,0,0,95,9.62,8,1426.19,0
Nissan,Magnite,2023,Petrol,Automatic,24116,First,Jaipur,18,1001,9,1120173,877431,816010,29,7,2,239245,78.33,,5,93.32,0
Honda,Jazz,2024,Diesel,Automatic,15300,Second,Jaipur,21,1201,10,1369228,1176988,988669,31,16,1,182372,85.96,8.24,8,76.93,0
Skoda,Kushaq,2025,CNG,Automatic,1889,First,Chennai,24,1498,10,1655777,1572988,1305580,38,17,0,0,95,8.5,5,832.71,0
Ford,Endeavour,2023,Petrol,Automatic,24392,First,Mumbai,17,1996,10,5652842,4652854,3954925,9,15,2,1103312,82.31,7.54,6,459.2,1
Maruti,Swift,2019,Petrol,Automatic,107946,Second,Chennai,13,1197,5,870008,467194,439162,47,6,6,388673,53.7,7.66,10,4.33,0
Maruti,Baleno,2021,Petrol,Manual,101850,Third,Pune,13,1197,7,933502,603882,483105,39,20,4,319201,64.69,7.27,10,5.93,0
Honda,Elevate,2025,Petrol,Manual,1561,First,Kolkata,,1200,10,1254186,1191476,977010,17,18,0,0,95,10,9,763.28,0
Ford,Aspire,2020,Petrol,Automatic,139007,Third,Bhopal,17,1196,7,856447,554720,460417,39,17,5,319882,64.77,7.56,6,3.99,0
MG,Hector,2019,Petrol,Manual,109554,Second,Bhopal,19,1956,7,1753016,996589,817202,29,18,6,760283,56.85,8.74,8,9.1,0
Kia,Seltos,2022,Petrol,Manual,49203,Second,Coimbatore,13,1497,8,1540310,1082529,930974,28,14,3,480646,70.28,9.45,8,22,0
MG,Gloster,2023,Diesel,Manual,30158,Second,Ahmedabad,,1996,9,4536560,3594316,3234884,18,10,2,952304,79.23,8.51,7,119.18,1
Kia,EV6,2013,Petrol,Manual,95075,First,Nagpur,15,0,3,5065500,759825,699039,39,8,12,4497264,15,6.29,8,7.99,1
Maruti,Dzire,2019,Petrol,Automatic,128726,Second,Bangalore,21,1197,7,830829,406940,386593,40,5,6,439250,48.98,8.5,9,3.16,0
Nissan,Kicks,2024,Petrol,Automatic,22051,Third,Ahmedabad,15,1461,9,1399840,1243477,1106694,18,11,1,182609,88.83,7.11,5,56.39,0
Toyota,Camry,2022,Petrol,Automatic,28381,First,Bangalore,15,2487,8,6304185,4488579,3994835,16,11,3,1809971,71.2,8.95,10,313.79,1
Maruti,Ertiga,2022,Petrol,Manual,33330,First,Bhopal,21,1462,9,1082420,775337,752076,24,3,3,304803,71.63,9.07,9,23.26,0
Kia,EV6,2017,Petrol,Automatic,71547,First,Bhopal,19,0,4,5942485,1854055,1779892,29,4,8,3922840,31.2,5.49,6,25.91,1
Renault,Kiger,2022,Petrol,Manual,48921,First,Chennai,13,,7,977594,677179,562058,27,17,3,275575,69.27,6.78,5,13.84,0
Nissan,Kicks,2020,CNG,Automatic,77659,First,Ahmedabad,28,1463,6,1242375,819097,786333,38,4,5,459881,65.93,5.52,6,10.55,0
Honda,Amaze,2018,Petrol,Manual,120337,Second,Mumbai,15,1199,5,973610,355075,308915,33,13,7,590148,36.47,7.5,7,2.95,0
Tata,Tiago,2019,CNG,Automatic,77792,First,Mumbai,21,1199,6,632092,279700,271309,32,3,6,338336,44.25,7.02,7,3.6,0
Maruti,Brezza,2024,Petrol,Automatic,9755,First,Pune,18,1462,10,1363105,1224886,1114646,14,9,1,142444,89.86,8.06,9,125.56,0
Hyundai,i20,2020,Petrol,Manual,115958,Second,Chennai,15,1197,7,1081546,587712,546572,31,7,5,479923,54.34,8.72,9,5.07,0
Toyota,Fortuner,2024,Petrol,Automatic,19301,Third,Pune,18,2755,10,5280451,4568118,4065625,38,11,1,604263,86.51,10,10,236.68,1
Toyota,Urban Cruiser,2022,CNG,Manual,54234,Third,Pune,23,1462,7,1282597,902948,695269,47,23,3,397774,70.4,7.3,8,,0
Volkswagen,Virtus,2024,Petrol,Manual,16699,Third,Nagpur,18,1500,8,1467580,1316272,1145156,47,13,1,162751,89.69,9.56,7,78.82,0
Skoda,Kodiaq,2023,Petrol,Manual,36756,First,Mumbai,15,1984,8,5466054,4293038,3606151,19,16,2,1170133,78.54,8.8,6,116.8,1
Hyundai,Creta,2020,Petrol,Manual,110717,Second,Chandigarh,19,1493,7,1373174,877458,737064,42,16,5,523138,63.9,8.42,9,7.93,0
MG,ZS EV,2024,CNG,Automatic,6573,First,Mumbai,27,0,10,3435515,2984431,2506922,23,16,1,457577,86.87,10,7,454.04,1
Mahindra,XUV300,2024,CNG,Manual,18579,Second,Chennai,25,1197,10,1311240,1165561,1002382,17,14,1,157038,88.89,7.72,7,62.74,0
Honda,Amaze,2024,CNG,Automatic,11510,Second,Ahmedabad,25,1199,10,1212514,1097810,999007,32,9,1,139085,90.54,,9,95.38,0
Volkswagen,Polo,2023,CNG,Automatic,38692,Second,Chandigarh,21,999,8,1166987,921569,820196,36,11,2,261769,78.97,8.04,5,23.82,0
Hyundai,Verna,2024,Diesel,Automatic,16726,Third,Pune,27,1497,10,1473537,1323825,1217919,34,8,1,175485,89.84,8.72,10,120.23,0
Kia,Sonet,2025,Petrol,Automatic,3607,Third,Ahmedabad,19,1197,8,1393087,1323432,1085214,49,18,0,0,95,8.4,6,927.11,0
Honda,Elevate,2018,Petrol,Manual,122788,First,Hyderabad,20,1200,6,1105281,518266,450891,46,13,7,567473,46.89,7.41,8,4.22,0
Kia,Seltos,2015,Diesel,Manual,164746,First,Delhi,28,1497,5,1021404,153210,142485,63,7,10,900264,15,5.77,8,0.93,0
Toyota,Urban Cruiser,2021,Petrol,Manual,52520,First,Surat,18,1461,7,1334367,947267,928321,35,2,4,387579,70.99,6.83,8,18.04,0
MG,Hector,2024,Petrol,Manual,16890,Second,Ahmedabad,21,1956,10,2302483,1964017,1885456,34,4,1,297689,85.3,9.49,7,116.28,0
Hyundai,Grand i10,2022,Petrol,Manual,40771,Second,Ahmedabad,22,1196,8,778486,594529,546966,23,8,3,199494,76.37,7.25,9,14.58,0
Mahindra,Scorpio,2022,CNG,Automatic,62040,Second,Surat,26,2184,9,1788065,1313870,1116789,34,15,3,504132,73.48,8.74,7,21.18,0
Hyundai,Venue,2024,Petrol,Automatic,10800,Second,Lucknow,21,1199,10,1086568,959656,921269,21,4,1,113190,88.32,10,9,88.86,0
Toyota,Urban Cruiser,2016,Petrol,Automatic,120417,First,Bangalore,14,1462,6,1014441,268319,222704,46,17,9,732341,26.45,6.32,8,2.23,0
Maruti,Ciaz,2021,Petrol,Manual,48263,Second,Lucknow,14,1462,6,1128479,803025,658480,46,18,4,344987,71.16,6.51,10,16.64,0
Honda,HR-V,2013,CNG,Automatic,152780,First,Surat,21,1498,2,1084530,162679,151291,49,7,12,976580,15,4.14,9,1.06,0
Maruti,Alto,2025,CNG,Automatic,1892,Second,Nagpur,20,796,10,560308,532292,505677,27,5,0,0,95,10,10,281.34,0
Toyota,Fortuner,2025,Petrol,Automatic,500,First,Coimbatore,17,2755,10,5332258,5065645,4964332,9,2,0,0,95,8.39,9,10131.29,1
Kia,EV6,2021,Diesel,Automatic,74981,Second,Mumbai,28,0,6,7929553,5679145,4713690,22,17,4,2416596,71.62,8.28,7,75.74,1
Tata,Safari,2022,Diesel,Automatic,65753,Second,Surat,25,1956,7,2482063,1738188,1494841,37,14,3,763007,70.03,7.4,9,67.37,0
Skoda,Octavia,2024,Diesel,Automatic,20847,First,Lucknow,20,1984,10,4022409,3585173,3119100,27,13,1,527072,89.13,7.67,7,171.98,1
Toyota,Glanza,2023,Petrol,Manual,22019,Second,Nagpur,17,1197,8,980647,726953,596101,32,18,2,225257,74.13,7.49,8,33.01,0
Maruti,WagonR,2024,Petrol,Manual,20852,First,Bhopal,16,1197,9,934357,833353,708350,34,15,1,110705,89.19,7.96,9,39.97,0
Tata,Safari,2023,Petrol,Manual,74529,Fourth,Hyderabad,18,1956,7,2432564,1914671,1761497,23,8,2,512654,78.71,7.74,9,25.69,0
MG,Astor,2013,Diesel,Manual,186110,Third,Hyderabad,16,1497,2,1020467,153070,131640,55,14,12,1103491,15,4.29,6,0.82,0
Volkswagen,Polo,2022,CNG,Manual,52517,First,Mumbai,21,999,8,1142108,832025,682260,37,18,3,297067,72.85,7.06,6,29.7,0
Toyota,Camry,2022,Petrol,Automatic,29841,Second,Delhi,20,2487,10,6321621,4551567,3823316,27,16,3,1878248,72,9.39,10,152.53,1
Toyota,Innova,2024,Diesel,Manual,12510,First,Hyderabad,27,2393,10,3316575,2862535,2633532,18,8,1,389764,86.31,9.37,10,228.82,0
Mahindra,Thar,2018,Petrol,Automatic,71279,Second,Kolkata,16,2184,5,1706808,696036,619472,44,11,7,1037181,40.78,7.55,8,9.76,0
Kia,EV6,2025,Petrol,Manual,4154,First,Chennai,22,0,9,9258882,8795937,7916343,35,10,0,0,95,8.24,8,2117.46,1
Maruti,Ciaz,2011,Petrol,Manual,218159,First,Chandigarh,22,1462,1,827270,124090,114162,54,8,14,854578,15,4.57,9,0.57,0
Kia,Seltos,2018,Petrol,Manual,111371,Fourth,Jaipur,21,1497,5,1081587,407650,346502,50,15,7,670327,37.69,7.35,7,3.66,0
Maruti,Baleno,2016,Petrol,Manual,139468,Third,Pune,19,1197,3,694386,238799,205367,65,14,9,456590,34.39,4.4,9,1.71,0
Hyundai,Venue,2021,CNG,Automatic,74105,Second,Nagpur,25,1197,7,1225139,858332,712415,43,17,4,338040,70.06,7.94,9,11.58,0
Kia,EV6,2015,Petrol,Automatic,171256,First,Surat,21,0,3,5720379,1621727,1459554,62,10,10,4233876,28.35,5.26,6,9.47,1
Hyundai,Creta,2024,Petrol,Manual,13124,First,Nagpur,14,1493,9,1662596,1440971,1224825,21,15,1,193618,86.67,10,8,109.8,0
Toyota,Fortuner,2021,Petrol,Automatic,84275,Fourth,Kolkata,16,2755,6,4912666,3028658,2453212,40,19,4,1781611,61.65,8.28,9,60.23,1
Hyundai,Aura,2023,CNG,Manual,32995,Fourth,Pune,26,1197,6,876736,686747,563132,45,18,2,188436,78.33,7.55,9,20.81,0
Honda,WR-V,2022,Petrol,Manual,50548,First,Bangalore,16,1199,9,1174854,876911,833065,28,5,3,329927,74.64,8.74,7,17.35,0
Skoda,Slavia,2020,Diesel,Automatic,60036,Second,Jaipur,16,1498,6,1515757,890810,864085,46,3,5,665474,58.77,5.45,7,14.84,0
Tata,Tigor,2022,Petrol,Manual,85449,Third,Surat,22,1199,7,942286,711802,597913,43,16,3,242713,75.54,7.93,7,8.33,0
MG,ZS EV,2012,Petrol,Automatic,233281,First,Nagpur,19,0,2,2080270,312040,255872,64,18,13,2161186,15,4.73,6,3.55,1
Mahindra,Thar,2021,CNG,Automatic,40794,First,Kolkata,30,2186,8,2201141,1435364,1277473,,11,4,750893,65.21,7.66,7,35.19,0
Nissan,Magnite,2020,Petrol,Automatic,44981,First,hyderabad,22,999,6,900048,547409,498142,38,9,5,348082,60.82,7.19,5,12.17,0
Nissan,Magnite,2020,Petrol,Manual,120094,Third,Pune,14,999,7,964750,577981,468164,45,19,5,360448,59.91,5.06,4,4.81,0
Renault,Duster,2024,Petrol,Automatic,24172,Second,Hyderabad,13,1498,10,1263087,1136273,1011282,39,11,1,154147,89.96,7.94,7,47.01,0
Ford,Aspire,2015,Diesel,Automatic,116403,First,Jaipur,18,1194,3,838876,249901,242403,60,3,10,601758,29.79,3.22,4,2.15,0
MG,ZS EV,2020,Diesel,Automatic,101530,Third,Nagpur,24,0,7,3013624,1679492,1578722,36,6,5,1249468,55.73,7.49,6,16.54,1
Kia,Sonet,2024,Petrol,Manual,10678,Second,Bangalore,20,1197,9,1075524,910753,819677,25,10,1,132809,84.68,8.51,8,85.29,0
Hyundai,Tucson,2022,Diesel,Automatic,48723,First,Hyderabad,16,1998,10,3997543,2617191,2381643,38,9,3,1262291,65.47,10,10,53.72,1
Kia,EV6,2023,Electric,Automatic,18537,First,Ahmedabad,376,0,8,8542877,7145262,6573641,26,8,2,1535791,83.64,7.92,8,385.46,1
Hyundai,Alcazar,2025,CNG,Automatic,223,First,Coimbatore,27,1999,10,2626013,2494712,2070610,33,17,0,0,95,10,9,11187.05,0
Volkswagen,Taigun,2018,Petrol,Automatic,135464,Second,Kolkata,13,1498,6,1114698,533717,458996,45,14,7,554658,47.88,6.01,5,3.94,0
Mahindra,XUV700,2020,Petrol,Automatic,109795,Second,chennai,15,2182,6,2645030,1642034,1477830,44,10,5,1033194,62.08,7.12,8,14.96,1
Honda,City,2021,Petrol,Manual,46718,Second,Bangalore,13,1497,7,1227027,844194,827310,22,2,4,376203,68.8,7.49,8,18.07,0
Toyota,Fortuner,2025,CNG,Automatic,4295,First,Mumbai,21,2755,9,5221391,4960321,4067463,10,18,0,0,95,8.23,10,1154.91,1
Volkswagen,Virtus,2021,Petrol,Manual,79455,Fourth,Mumbai,21,1498,6,1429114,1028962,956934,36,7,4,423033,72,6.45,5,12.95,0
Honda,Elevate,2021,Petrol,Automatic,55800,First,Delhi,14,1200,7,1282105,805033,748680,25,7,4,447099,62.79,8.09,9,14.43,0
Tata,Punch,2022,Petrol,Manual,34639,First,Pune,15,1199,7,1076024,788725,733514,47,7,3,287515,73.3,6,7,22.77,0
Volkswagen,Polo,2013,Petrol,Manual,160168,Second,Bangalore,22,999,3,637863,95679,86111,71,10,12,560991,15,4.06,7,0.6,0
Maruti,Ertiga,2017,Petrol,Manual,110451,First,Chennai,14,1462,4,866662,276551,271019,53,2,8,585408,31.91,5.41,10,2.5,0
Ford,EcoSport,2025,Petrol,Automatic,500,Second,Coimbatore,13,1497,10,1430215,1358704,1195659,25,12,0,0,95,7.44,6,2717.41,0
Toyota,Urban Cruiser,2015,Diesel,Automatic,165356,Second,Bhopal,21,1462,5,903403,137407,131910,60,4,10,758311,15.21,6.19,10,0.83,0
Hyundai,Alcazar,2017,Petrol,Manual,181886,Second,Nagpur,21,1999,6,1788444,511852,455548,52,11,8,1247972,28.62,5.24,8,2.81,0
Volkswagen,Virtus,2022,CNG,Automatic,51832,First,Bangalore,28,1498,9,1437089,1036716,922677,30,11,3,431060,72.14,7.64,6,20,0
Renault,Duster,2021,Petrol,Manual,83739,Second,Coimbatore,13,1498,6,1147108,829014,787563,41,5,4,322160,72.27,7.2,5,9.9,0
Nissan,Terrano,2025,Petrol,Automatic,1274,First,Delhi,22,1461,10,1551633,1474051,1400348,30,5,0,0,95,9.21,5,1157.03,0
Skoda,Kodiaq,2024,Diesel,Automatic,12264,First,lucknow,21,1984,10,5803402,5035031,4632228,8,8,1,782799,86.76,7.3,5,410.55,1
Tata,Punch,2025,Diesel,Automatic,1206,Second,Pune,27,1199,10,1154875,1097131,1064217,14,3,0,0,95,8.63,8,909.73,0
Hyundai,Alcazar,2023,Petrol,Automatic,34767,First,Ahmedabad,16,1999,7,2241005,1804009,1551447,35,14,2,438731,80.5,9.37,10,51.89,0
Nissan,Kicks,2017,Petrol,Automatic,90732,First,Hyderabad,20,1461,4,1089102,511333,470426,58,8,8,608403,46.95,6.18,6,5.64,0
Toyota,Innova,2019,Petrol,Automatic,118142,Second,Nagpur,21,2393,6,2163845,1337039,1203335,33,10,6,885016,61.79,8.44,10,11.32,0
Tata,Nexon,2016,Petrol,Automatic,190310,Third,Surat,22,1497,5,926234,286391,249160,42,13,9,659344,30.92,6.02,8,1.5,0
Maruti,Dzire,2024,CNG,Manual,16998,Second,Ahmedabad,24,1197,10,1161836,1025901,1005382,,2,1,148964,88.3,10,9,60.35,0
Maruti,WagonR,2015,Petrol,Automatic,227715,Third,Kolkata,15,1197,2,636853,184177,149183,64,19,10,456015,28.92,4.37,9,0.81,0
Maruti,Baleno,2025,Diesel,Manual,4800,Second,Lucknow,26,1197,10,1124548,1068320,908072,34,15,0,0,95,9.39,10,222.57,0
Renault,Kiger,2019,Petrol,Automatic,65218,First,Chandigarh,21,999,5,749498,443103,407654,42,8,6,323312,59.12,4.76,7,6.79,0
Tata,Punch,2016,Petrol,Manual,105549,Second,lucknow,14,1199,5,761780,234704,201845,62,14,9,511395,30.81,6.73,8,2.22,0
Hyundai,Tucson,2022,Petrol,Automatic,74343,Third,Bangalore,21,1998,8,3502268,2424620,2279142,28,6,3,1143019,69.23,,9,32.61,1
Nissan,Magnite,2023,Diesel,Manual,29150,Second,Surat,25,999,8,1033919,830857,689611,33,17,2,218885,80.36,5.94,4,28.5,0
Maruti,Brezza,2024,Petrol,Automatic,17414,Second,Delhi,22,1462,10,1396196,1274587,1083398,26,15,1,145960,91.29,9.29,10,73.19,0
Tata,Nexon,2024,Diesel,Manual,9606,First,Bangalore,22,1497,10,1436919,1306446,1110479,17,15,1,169980,90.92,10,7,136,0
MG,Hector,2021,Petrol,Manual,66373,First,Surat,16,1956,7,1845376,1146901,1112493,52,3,4,675143,62.15,5.85,7,17.28,0
Maruti,Baleno,2022,Petrol,Manual,41831,First,Chennai,21,1197,10,933928,664583,624708,22,6,3,293911,71.16,10,9,15.89,0
Nissan,Magnite,2019,Diesel,Automatic,125430,Second,Chennai,28,999,6,789273,379482,330149,35,13,6,414232,48.08,6.34,5,3.03,0
Mahindra,XUV300,2016,Petrol,Automatic,77773,First,Kolkata,20,1199,6,962246,176668,144867,43,18,9,789098,18.36,7.21,9,2.27,0
Hyundai,Alcazar,2017,Petrol,Automatic,76543,First,Pune,20,1999,4,1647569,712408,619794,37,13,8,903583,43.24,5.76,9,9.31,0
Honda,HR-V,2025,Diesel,Manual,500,First,Lucknow,16,1498,10,1669912,1586416,1316725,36,17,0,0,95,10,8,3172.83,0
Kia,EV6,2013,Petrol,Automatic,171369,Second,Mumbai,19,0,7,4865445,729816,605747,33,17,12,4341084,15,7.7,8,4.26,1
Skoda,Octavia,2025,Petrol,Automatic,500,First,Ahmedabad,13,1984,10,4217493,4006618,3926485,13,2,0,0,95,9.13,5,8013.24,1
Volkswagen,Taigun,2023,CNG,Automatic,40307,Second,Ahmedabad,27,1498,7,1542155,1278292,1188811,23,7,2,272452,82.89,6.82,5,31.71,0
Mahindra,Bolero,2024,Petrol,Automatic,9050,Second,Ahmedabad,20,1493,9,1488849,1294256,1203658,38,7,1,188114,86.93,8.38,8,143.01,0
Volkswagen,Vento,2021,CNG,Manual,98776,Third,Kolkata,22,1596,7,1292922,866257,788293,57,9,4,397927,67,7.49,7,8.77,0
Tata,Harrier,2019,Petrol,Manual,153480,Fourth,Jaipur,21,1956,4,2178853,1000529,860454,45,14,6,1185380,45.92,5.21,8,6.52,0
Maruti,Baleno,2023,Petrol,Manual,28941,First,Pune,18,1197,8,1015973,830253,747227,45,10,2,202467,81.72,7.54,10,28.69,0
Maruti,Dzire,2023,Petrol,Manual,27387,Second,Chandigarh,15,1197,8,949898,763907,664599,44,13,2,172273,80.42,9.23,10,27.89,0
Tata,Harrier,2020,Diesel,Manual,70314,First,Pune,28,1956,7,2243494,1284175,1130074,35,12,5,982960,57.24,6.16,8,18.26,0
Maruti,Baleno,2010,Petrol,Automatic,199639,Second,Jaipur,22,1197,2,586715,88007,74805,77,15,15,790678,15,4.11,9,0.44,0
Skoda,Slavia,2025,Petrol,Manual,2885,Third,Pune,18,1498,10,1691988,1607388,1543092,45,4,0,0,95,8.85,5,557.15,0
Renault,Duster,2021,Petrol,Automatic,62670,First,Coimbatore,21,1498,7,1345417,925781,879491,30,5,4,401161,68.81,7.55,7,14.77,0
Hyundai,Venue,2024,Petrol,Automatic,37847,Fourth,Coimbatore,15,1197,8,1149240,1015928,954972,42,6,1,133641,88.4,8.15,10,26.84,0
Volkswagen,Taigun,2018,Petrol,Manual,74868,Second,Ahmedabad,14,1498,6,1428031,610483,506700,51,17,7,858795,42.75,7.28,5,8.15,0
Maruti,Dzire,2023,Petrol,Automatic,28120,First,Coimbatore,16,1197,8,969002,774135,750910,20,3,2,190184,79.89,8.8,10,27.53,0
Nissan,Kicks,2025,Petrol,Manual,500,First,Mumbai,15,1461,10,1368728,1300291,1144256,16,12,0,0,95,7.98,4,2600.58,0
Honda,HR-V,2014,Petrol,Automatic,178038,First,Chennai,22,1498,5,1182304,177345,159610,46,10,11,1165033,15,6.85,8,,0
Honda,City,2022,Diesel,Manual,86231,Third,Nagpur,22,1497,8,1409585,990797,842177,28,15,3,394406,70.29,7.74,9,11.49,0
Renault,Duster,2022,Petrol,Manual,43062,Second,Hyderabad,22,1498,8,1484760,1017357,997009,41,2,3,494631,68.52,8.02,7,23.63,0
Ford,Aspire,2021,Diesel,Automatic,70254,First,Nagpur,24,1194,6,1097163,773280,657288,33,15,4,329747,70.48,6.96,6,11.01,0
Hyundai,Grand i10,2018,Petrol,Automatic,112104,First,Jaipur,21,1197,7,691941,291583,242013,31,17,7,414480,42.14,7.22,8,2.6,0
Toyota,Camry,2021,Petrol,Automatic,76839,Second,Bhopal,18,2487,6,6281250,4562071,3923381,28,14,4,1752902,72.63,7.8,10,59.37,1
Tata,Punch,2021,Petrol,Manual,58961,First,Mumbai,15,1199,7,969129,629643,585567,36,7,4,327673,64.97,8.47,7,10.68,0
Maruti,Brezza,2017,Petrol,Manual,102192,First,Pune,15,1462,5,1086429,475638,409048,,14,8,617832,43.78,5.98,10,4.65,0
Skoda,Kodiaq,2025,Petrol,Automatic,83,First,Chennai,19,1982,10,5269930,5006433,4906304,8,2,0,0,95,9.24,5,60318.47,1
Honda,Jazz,2023,Petrol,Manual,34120,Second,Ahmedabad,20,1199,8,1225795,950358,845818,,11,2,251748,77.53,8.88,8,68.98,0
Maruti,Ertiga,2023,Petrol,Automatic,40251,Second,Chennai,22,1462,8,1101065,861583,706498,32,18,2,233930,78.25,9.51,9,36.63,0
Maruti,Brezza,2014,Petrol,Manual,242352,Third,Surat,22,1462,4,860683,129102,104572,66,19,11,805857,15,5.53,9,0.53,0
Renault,Duster,2023,Petrol,Automatic,50003,Fourth,Surat,18,1498,7,1264951,1034982,859035,29,17,2,253412,81.82,6.54,6,20.7,0
Tata,Harrier,2014,Petrol,Manual,335748,Third,Ahmedabad,17,1956,3,1512089,289111,234179,49,19,11,1199896,19.12,4.84,8,1.35,0
Renault,Kwid,2018,Diesel,Manual,67916,Second,Jaipur,23,799,5,484892,241864,198328,34,18,7,247395,49.88,4.83,5,3.56,0
Volkswagen,Taigun,2025,Petrol,Automatic,5694,Second,Surat,19,1498,10,1590512,1510986,1420326,40,6,0,0,95,9.97,6,265.36,0
Ford,Endeavour,2024,Petrol,Automatic,16650,Second,Surat,14,1996,9,6851774,6051486,5083248,36,16,1,787988,88.32,6.27,4,363.45,1
Mahindra,XUV700,2016,Diesel,Automatic,148240,First,Chandigarh,,2184,6,2227009,611759,501642,55,18,9,1630364,27.47,6.53,7,4.13,1
Maruti,Alto,2020,Petrol,Automatic,125183,Third,Hyderabad,19,796,6,460964,250764,193088,49,23,5,201773,54.4,7.58,10,2,0
Maruti,Alto,2024,Petrol,Automatic,16228,First,Chennai,20,796,9,575510,510880,464900,41,9,1,62537,88.77,8.73,10,31.48,0
Honda,Amaze,2017,Petrol,Manual,87768,First,Bhopal,22,1199,6,961095,345898,283636,35,18,8,623098,35.99,8.38,9,3.94,0
Ford,EcoSport,2018,Petrol,Manual,1069900,Second,Bangalore,21,1495,7,918585,339876,333078,55,2,7,574046,37,4.52,4,3.18,0
Honda,Elevate,2013,Diesel,Automatic,211532,Second,Delhi,24,1200,3,734203,110130,95813,60,13,12,790232,15,4.99,7,0.52,0
MG,Gloster,2020,CNG,Automatic,52931,Second,Hyderabad,22,1996,6,4187384,2661082,2368362,45,11,5,1572485,63.55,7.05,7,50.27,1
Kia,Carens,2021,Diesel,Manual,65236,First,Coimbatore,27,1497,7,1393131,979928,960329,49,2,4,406593,70.34,7.24,8,30.46,0
Kia,Carens,2023,Diesel,Automatic,47456,Third,Chandigarh,17,1497,7,1663141,1302405,1172164,26,10,2,368071,78.31,8.61,7,27.44,0
Maruti,Alto,2021,Diesel,Automatic,75100,Second,Pune,19,796,7,519345,332640,299376,27,10,4,174992,64.05,7.72,10,4.43,0
Nissan,Magnite,2024,Petrol,Manual,5820,First,Surat,,999,10,955682,849983,807483,36,5,1,127665,88.94,9.46,5,146.05,0
Hyundai,Aura,2012,Petrol,Manual,289575,Second,Surat,21,1197,5,591847,88777,79011,64,11,13,628497,15,5.94,8,0.31,0
Kia,Seltos,2025,Petrol,Automatic,500,Third,Surat,20,1497,10,1539541,1462563,1301681,23,11,0,0,95,10,8,2925.13,0
Hyundai,Grand i10,2025,Petrol,Manual,500,First,Bangalore,13,1197,9,1015193,964433,848701,35,12,0,0,95,,10,1928.87,0
Honda,Jazz,2016,Petrol,Manual,163824,First,Pune,13,1199,4,921250,236761,194144,58,18,9,676806,25.7,4.84,8,1.45,0
Honda,Jazz,2024,Petrol,Automatic,10507,Second,Ahmedabad,21,1199,10,1266796,1069809,1016318,15,5,1,159918,84.45,9.74,8,101.82,0
Nissan,Magnite,2024,Petrol,Automatic,22059,Third,Kolkata,18,999,9,960047,815847,652677,30,20,1,120767,84.98,7.67,5,36.98,0
Toyota,Fortuner,2025,Diesel,Automatic,4885,First,Coimbatore,27,2755,9,5952705,5655069,4919910,36,13,0,0,95,8.44,9,1157.64,1
Toyota,Innova,2024,Petrol,Automatic,20980,Third,Surat,13,2393,10,2929188,2483365,2110860,26,15,1,382322,84.78,9.29,10,203.73,0
Tata,Nexon,2023,Diesel,Manual,33555,Third,Hyderabad,26,1497,8,1160169,891125,766367,49,14,2,251786,76.81,6.84,8,26.56,0
Skoda,Octavia,2022,CNG,Automatic,60038,Second,Delhi,24,1984,9,3239539,2208069,1943100,32,12,3,939314,68.16,8.76,6,36.78,1
Skoda,Kushaq,2023,Petrol,Automatic,30972,First,Surat,20,1498,9,1374099,1125112,1091358,25,3,2,258273,81.88,8.74,6,36.33,0
Hyundai,Verna,2024,Diesel,Automatic,14177,Second,Surat,25,1499,10,1616750,1460571,1372936,18,6,1,179024,90.34,9.48,8,103.02,0
Honda,City,2023,Diesel,Manual,33024,First,Chennai,17,1495,7,1677154,1373085,1235776,47,10,2,316690,81.87,6.2,7,41.58,0
Toyota,Glanza,2012,Petrol,Manual,149467,Second,Ahmedabad,20,1197,3,732211,109831,97749,54,11,13,765657,15,6.05,10,0.73,0
Kia,Carens,2013,Petrol,Automatic,125202,First,Coimbatore,19,1497,3,1005438,150815,144782,44,4,12,879931,15,4.14,7,1.2,0
Honda,Jazz,2024,Petrol,Manual,22191,Third,Lucknow,21,1199,8,1139996,995330,855983,31,14,1,135607,87.31,6.85,7,44.85,0
Ford,Endeavour,2024,Diesel,Automatic,16997,First,Ahmedabad,16,1996,9,6308058,5591462,5088230,38,9,1,753255,88.64,8.05,6,328.97,1
Renault,Duster,2019,Petrol,Manual,55615,Second,Chennai,21,1498,7,1258066,632807,569526,41,10,6,625149,50.3,6.75,5,11.38,0
MG,Hector,2024,Petrol,Manual,10963,First,Nagpur,14,1956,9,2433481,2127349,1978434,16,7,1,305604,87.42,9.16,6,194.05,0
Hyundai,Grand i10,2018,Diesel,Manual,92688,First,Lucknow,20,1197,7,805636,313150,284966,26,9,7,501437,38.87,8.2,9,3.38,0
Volkswagen,Vento,2023,Diesel,Manual,33611,Second,Mumbai,27,1598,9,1408967,1104630,1082537,24,2,2,323456,78.4,7.77,5,32.87,0
Nissan,Kicks,2024,CNG,Automatic,8595,Second,Bhopal,24,1461,9,1424424,1221016,1147755,38,6,1,195620,85.72,7.84,6,142.06,0
Nissan,Kicks,2021,Petrol,Manual,91335,Third,Chandigarh,19,1461,5,1197910,764745,657680,34,14,4,422908,63.84,5.87,5,8.37,0
Tata,Tigor,2018,Petrol,Automatic,182417,Third,Surat,14,1199,5,723969,356482,317268,42,11,7,356418,49.24,6.67,7,1.95,0
Toyota,Innova,2024,Petrol,Automatic,5526,Second,Chennai,20,2393,10,2671910,2256160,1940297,28,14,1,358089,84.44,9.72,10,408.28,0
Tata,Punch,2018,Diesel,Automatic,115356,Second,Delhi,16,1199,5,972253,386956,340521,36,12,7,559258,39.8,8.02,9,3.35,0
Tata,Nexon,2020,Diesel,Manual,64359,First,Hyderabad,26,1497,7,1296568,843806,734111,29,13,5,473341,65.08,7.02,9,13.11,0
Mahindra,XUV400,2023,Diesel,Automatic,17089,First,Surat,24,0,9,2137590,1633760,1568409,25,4,2,440806,76.43,9.05,7,95.6,0
Maruti,Ertiga,2023,Diesel,Manual,31163,First,Pune,20,1462,8,1140542,931822,903867,22,3,2,204558,81.7,9.29,10,29.9,0
Mahindra,Scorpio,2012,Petrol,Manual,125649,First,Chandigarh,14,2184,2,1234532,185179,170364,57,8,13,1389760,15,3.16,9,1.47,0
Toyota,Glanza,2020,Diesel,Manual,79351,Second,Delhi,26,1197,6,997907,645745,561798,44,13,5,363766,64.71,9.1,10,8.14,0
Skoda,Octavia,2023,Petrol,Manual,50357,Third,Hyderabad,13,1984,6,3826340,3196141,2716719,38,15,2,718905,83.53,6.12,7,63.47,1
Maruti,Ertiga,2020,Diesel,Manual,120785,Third,Hyderabad,18,1462,7,1202983,786991,700421,58,11,5,418614,65.42,8.7,10,6.52,0
Hyundai,Alcazar,2014,Petrol,Manual,99658,First,Surat,20,1999,5,1497870,224680,208952,41,7,11,1434672,15,5.46,10,2.25,0
Kia,Seltos,2017,Petrol,Automatic,95646,First,Mumbai,19,1497,5,1021173,364762,346523,58,5,8,640869,35.72,5.65,8,3.81,0
Hyundai,Verna,2022,Petrol,Automatic,50221,First,Jaipur,22,1497,7,1333933,866656,736657,33,15,3,457118,64.97,7.72,10,17.26,0
Tata,Safari,2021,CNG,Manual,102349,Second,Chennai,20,1956,7,2296391,1540189,1293758,37,16,4,800544,67.07,6.05,7,15.05,0
Ford,Aspire,2021,Petrol,Automatic,70804,Second,Jaipur,18,1194,8,878667,601886,589848,24,2,4,282499,68.5,5.54,4,8.5,0
Tata,Nexon,2024,Diesel,Automatic,24487,Second,Jaipur,22,1497,10,1513244,1317732,1185958,36,10,1,170266,87.08,9.83,7,53.81,0
Honda,HR-V,2021,Diesel,Manual,64454,First,Bhopal,24,1498,7,1721249,1200054,1104049,24,8,4,571863,69.72,7.67,9,18.62,0
Honda,Jazz,2022,CNG,Automatic,49159,Second,Chandigarh,28,1199,8,1257393,960396,883564,39,8,3,323537,76.38,8.99,7,19.54,0
Honda,Amaze,2022,CNG,Manual,29250,First,Lucknow,20,1199,8,1028538,772226,640947,24,17,3,270883,75.08,7.12,9,26.4,0
Volkswagen,Polo,2025,CNG,Manual,500,First,Kolkata,29,999,9,1284800,1220560,1147326,18,6,0,0,95,7.62,7,2441.12,0
Tata,Altroz,2017,Diesel,Manual,65060,First,Delhi,28,1199,4,882554,220108,198097,61,10,8,648496,24.94,7.21,8,3.38,0
Ford,Aspire,2019,Petrol,Automatic,55408,First,Surat,15,1194,7,895331,398601,350768,51,12,6,470157,44.52,5.87,5,7.19,0
Hyundai,Venue,2023,Petrol,Automatic,35580,Second,Lucknow,14,1197,9,1250322,981752,932664,33,5,2,265377,78.52,9.27,9,27.59,0
Tata,Nexon,2021,Petrol,Automatic,59910,Second,Mumbai,21,1497,7,1272960,922896,812148,40,12,4,387560,72.5,6.71,7,15.4,0
Maruti,Ertiga,2023,CNG,Manual,19096,First,Coimbatore,28,1462,9,1110048,898361,853442,41,5,2,243225,80.93,9.81,10,47.04,0
Kia,EV6,2025,Petrol,Automatic,4330,First,Mumbai,17,0,10,9386174,8916865,7668503,14,14,0,0,95,8,6,2059.32,1
Tata,Tiago,2019,Diesel,Automatic,103648,First,Coimbatore,18,1199,7,636431,367157,345127,40,6,6,283637,57.69,6.98,9,3.54,0
Hyundai,i20,2021,Diesel,Manual,70049,First,Delhi,30,1197,8,1000305,687309,563593,50,18,4,319181,68.71,9.23,8,9.81,0
Tata,Altroz,2021,Petrol,Manual,51519,Second,Surat,14,1199,8,929478,632416,594471,44,6,4,302919,68.04,6.52,8,12.28,0
MG,ZS EV,2020,CNG,Automatic,98760,Second,Hyderabad,20,0,8,3079341,1697948,1443255,19,15,5,1358414,55.14,7.76,8,17.19,1
Hyundai,Verna,2018,Petrol,Automatic,99665,First,Bangalore,19,1497,5,1221715,537554,478423,57,11,7,701291,44,5.38,9,5.39,0
Kia,Seltos,2017,Petrol,Automatic,76005,First,Hyderabad,13,1497,4,1272680,584414,485063,57,17,8,696810,45.92,5.16,7,7.69,0
Toyota,Camry,2025,Diesel,Automatic,500,First,Nagpur,26,2487,10,7555425,7177653,6101005,24,15,0,0,95,10,9,14355.31,1
Mahindra,XUV400,2021,Petrol,Automatic,80254,Second,Nagpur,20,0,7,2072143,1476401,1210648,45,18,4,565721,71.25,8.07,9,18.4,0
Toyota,Fortuner,2012,Petrol,Automatic,270678,Fourth,Lucknow,15,2755,1,2732128,409819,360640,67,12,13,2858532,15,2.91,9,1.51,1
Honda,HR-V,2018,Petrol,Automatic,81987,Second,Nagpur,15,1498,6,1394651,651720,593065,28,9,7,707103,46.73,6.61,7,7.95,0
Maruti,WagonR,2010,Petrol,Automatic,205631,Second,Nagpur,19,1197,2,463891,69583,64016,76,8,15,541158,15,5.53,9,0.34,0
Maruti,Baleno,2019,Petrol,Automatic,60627,Second,Jaipur,20,1197,7,800890,452182,411485,41,9,6,351663,56.46,7.06,10,7.46,0
Maruti,Baleno,2022,CNG,Manual,48599,First,Ahmedabad,25,1197,7,1092621,768549,637895,35,17,3,333669,70.34,6.85,10,15.81,0
Maruti,WagonR,2020,CNG,Manual,71480,First,Ahmedabad,22,1197,7,660207,377440,324598,52,14,5,282754,57.17,6.9,10,5.28,0
Ford,EcoSport,2025,Petrol,Automatic,5307,First,Delhi,14,1497,10,1462264,1389150,1180777,30,15,0,0,95,9.5,5,261.76,0
Renault,Duster,2022,Diesel,Manual,55811,Fourth,Lucknow,26,1498,6,1280139,871390,819106,37,6,3,385645,68.07,5.59,5,15.61,0
Ford,Endeavour,2024,Petrol,Automatic,6961,First,Chandigarh,20,1996,10,6189056,5547869,4604731,27,17,1,734522,89.64,7.3,6,796.99,1
MG,Gloster,2012,Petrol,Automatic,234180,Second,Delhi,22,1996,2,2944790,441718,397546,40,10,13,3021370,15,4.43,7,1.89,1
Mahindra,XUV300,2017,Diesel,Automatic,144504,Second,Delhi,19,1199,6,859209,259910,228720,35,12,8,574300,30.25,7.53,7,,0
Kia,Sonet,2016,Diesel,Automatic,74354,First,coimbatore,17,1197,4,879211,138563,133020,38,4,9,719239,15.76,4.12,6,1.86,0
Kia,Sonet,2018,Petrol,Manual,96391,First,Hyderabad,17,1197,7,1029915,398989,371059,36,7,7,637719,38.74,8.59,8,4.14,0
Volkswagen,Taigun,2023,Petrol,Manual,43072,Second,Pune,21,1498,9,1431290,1112684,1057049,21,5,2,292596,77.74,7.18,6,25.83,0
Volkswagen,Virtus,2025,Petrol,Manual,1240,Second,Bhopal,17,1498,10,1579261,1500297,1470291,24,2,0,0,95,8.7,5,1209.92,0
Hyundai,i20,2023,CNG,Automatic,43395,Second,Bhopal,29,1197,7,1186132,897071,780451,45,13,2,265963,75.63,7.94,8,20.67,0
MG,ZS EV,2022,Petrol,Automatic,50846,Second,Mumbai,15,0,9,3289325,2407128,2046058,41,15,3,957540,73.18,,8,47.34,1
Mahindra,Thar,2016,Petrol,Manual,129699,First,Coimbatore,22,2184,4,1880717,430872,405019,39,6,9,1442481,22.91,,9,3.32,0
Kia,Seltos,2020,Diesel,Manual,95503,Fourth,Hyderabad,22,1499,5,1172829,637197,560733,45,12,5,537397,54.33,5.53,8,6.67,0
Maruti,Ciaz,2021,Petrol,Manual,45581,First,Kolkata,,1462,6,1033976,685009,630208,34,8,4,326661,66.25,8.71,9,15.03,0
Renault,Duster,2021,Diesel,Automatic,49502,First,Hyderabad,24,1498,6,1432973,996202,856733,41,14,4,425862,69.52,7.36,6,20.12,0
Nissan,Kicks,2022,PETROL,Automatic,31848,Second,Pune,15,1463,9,1238887,852478,784279,23,8,3,423577,68.81,8.93,6,26.77,0
Renault,Triber,2019,Petrol,Manual,65928,First,Nagpur,22,999,6,796322,383667,372156,31,3,6,434660,48.18,6.95,7,12.45,0
Nissan,Magnite,2024,Petrol,Manual,20408,Second,Chennai,13,999,9,924278,839244,797281,28,5,1,108916,90.8,8.23,4,41.12,0
Skoda,Kodiaq,2022,Petrol,Automatic,24308,First,Bhopal,21,1984,8,5145232,3601662,3349545,18,7,3,1407538,70,6.79,7,148.17,1
Tata,Altroz,2024,Diesel,Automatic,25311,Third,Pune,28,1199,10,903284,829576,763209,30,8,1,94045,91.84,7.9,7,32.78,0
Maruti,Ciaz,2022,Diesel,Automatic,36077,Second,Lucknow,23,1462,10,1349621,954586,782760,29,18,3,432017,70.73,10,10,26.46,0
Nissan,Terrano,2021,Petrol,Manual,44744,Third,Delhi,22,1461,5,1291832,868111,798662,45,8,4,414946,67.2,5.68,6,19.4,0
Hyundai,i20,2014,Petrol,Manual,265785,Fourth,Nagpur,15,1197,4,783661,155243,142823,49,8,11,616094,19.81,6.78,8,0.58,0
Maruti,Ciaz,2016,Petrol,Manual,176568,Fourth,Chennai,14,1462,3,872166,262085,225393,37,14,9,615408,30.05,6.11,10,1.48,0
Tata,Tigor,2025,Diesel,Manual,500,Third,Lucknow,20,1199,8,825606,784325,690206,,12,0,0,95,8.12,8,1568.65,0
Maruti,Brezza,2025,Petrol,Automatic,4653,Second,Bangalore,14,1462,10,1226140,1164833,1071646,38,8,0,0,95,10,9,250.34,0
Toyota,Urban Cruiser,2024,Petrol,Manual,8874,Second,Bhopal,21,1461,10,1379208,1264182,1087196,41,14,1,143696,91.66,10,8,142.46,0
Renault,Kwid,2023,Diesel,Manual,27127,First,Mumbai,16,799,8,527637,407388,382944,20,6,2,110034,77.21,8.25,5,15.02,0
Skoda,Kodiaq,2021,Petrol,Manual,48575,First,Chennai,21,1984,8,5108516,3384902,2809468,36,17,4,1593735,66.26,8.26,5,175.73,1
Mahindra,XUV400,2023,Diesel,Manual,40371,Third,Chandigarh,28,0,8,2010705,1627866,1399964,39,14,2,413856,80.96,8.42,7,40.32,0
Hyundai,Alcazar,2024,Petrol,Manual,12733,Third,Chennai,17,1999,10,2075959,1809198,1610186,24,11,1,262718,87.15,9.1,10,142.09,0
Toyota,Fortuner,2025,Petrol,Automatic,500,Fourth,Kolkata,19,2755,10,4694220,4459509,3790582,24,15,0,0,95,10,10,8919.02,1
Maruti,Alto,2013,Petrol,Manual,155053,Second,Pune,15,796,2,311656,46748,40203,55,14,12,304805,15,4.45,10,0.3,0
Ford,Figo,2019,Petrol,Automatic,114967,Second,Nagpur,22,1194,5,773137,384867,330985,36,14,6,395035,49.78,4.34,5,3.35,0
Toyota,Innova,2022,Petrol,Manual,86299,Third,Lucknow,14,2393,6,2885635,2102762,1787347,29,15,3,750270,72.87,6.57,10,24.37,0
MG,Gloster,2021,CNG,Manual,56743,First,Chennai,21,1996,6,4487023,3040406,2918789,36,4,4,1579524,67.76,7.15,6,53.58,1
Skoda,Kushaq,2020,Diesel,Manual,70627,First,Hyderabad,19,1498,6,1198793,731743,658568,54,10,5,494554,61.04,7.62,6,10.36,0
Toyota,Urban Cruiser,2020,Diesel,Automatic,88760,Second,Nagpur,19,1462,7,1226355,729435,678374,49,7,5,490969,59.48,8.35,8,8.22,0
Tata,Punch,2015,CNG,Automatic,148618,First,Pune,,1199,5,777902,169349,150720,,11,10,613616,21.77,6.67,9,1.14,0
Kia,Sonet,2020,Petrol,Manual,67950,Third,Chennai,20,1197,5,1034844,558401,491392,38,12,5,461358,53.96,7.8,8,8.22,0
Renault,Triber,2024,Petrol,Manual,20822,Second,Lucknow,20,999,9,965689,839280,738566,15,12,1,119791,86.91,9.59,7,40.31,0
Mahindra,Scorpio,2020,Petrol,Automatic,158653,Fourth,Jaipur,18,2184,7,1960983,1155607,889817,45,23,5,780463,58.93,7.35,7,7.28,0
Kia,Seltos,2025,CNG,Manual,500,First,Mumbai,20,1497,10,1738456,1651533,1502895,19,9,0,0,95,8.93,6,3303.07,0
Ford,Endeavour,2018,Petrol,Manual,55288,First,Chennai,19,1996,7,4368390,1778371,1618317,35,9,7,2685176,40.71,,6,32.17,1
Skoda,Kushaq,2022,Petrol,Automatic,42828,Third,Chandigarh,17,1498,8,1571390,1079702,982528,51,9,3,533480,68.71,6.83,5,25.21,0
Ford,Figo,2018,Petrol,Automatic,90399,Second,Nagpur,15,1194,6,883884,430981,400812,43,7,7,448194,48.76,4.75,4,4.77,0
Renault,Duster,2025,Diesel,Automatic,4741,Second,Chennai,17,1498,10,1567802,1489411,1325575,13,11,0,0,95,9.82,5,314.16,0
MG,Gloster,2010,Petrol,Automatic,385629,Third,Coimbatore,13,1996,2,2203255,330488,274305,60,17,15,2671108,15,3.83,8,1.59,1
Tata,Punch,2022,Petrol,Manual,25092,First,Lucknow,21,1199,8,955710,728633,612051,48,16,3,248273,76.24,8.29,7,29.04,0
Maruti,Baleno,2024,Petrol,Manual,19280,First,Coimbatore,17,1197,9,955315,822526,723822,14,12,1,122885,86.1,9.19,10,42.66,0
Maruti,Alto,2019,Petrol,Manual,94520,First,Pune,19,796,7,504612,229043,208429,54,9,6,263879,45.39,8.85,10,2.42,0
Hyundai,Alcazar,2020,Petrol,Manual,125810,Third,Bangalore,15,1999,7,2187695,1202138,985753,50,18,5,999913,54.95,6.79,9,27.47,0
Hyundai,Creta,2021,Diesel,Manual,92434,Second,Hyderabad,23,1493,6,1591711,1015511,985045,47,3,4,555426,63.8,7.34,8,10.99,0
Toyota,Glanza,2025,Diesel,Automatic,500,Second,Hyderabad,24,1199,10,1287469,1223095,1137478,36,7,0,0,95,8.67,9,2446.19,0
Tata,Punch,2024,Petrol,Manual,35098,Fourth,Coimbatore,14,1199,9,1014915,922151,857600,40,7,1,114624,90.86,9.22,9,26.27,0
Volkswagen,Vento,2025,Petrol,Automatic,500,Third,Coimbatore,19,1598,10,1281950,1217852,937746,17,23,0,0,95,10,6,,0
Mahindra,XUV400,2019,Petrol,Automatic,135380,Second,Jaipur,20,0,6,1957598,912044,802598,46,12,6,1079262,46.59,7.86,7,6.74,0
Nissan,Terrano,2025,Diesel,Manual,3779,First,Kolkata,24,1461,10,1591431,1511859,1285080,24,15,0,0,95,6.85,4,400.07,0
Kia,Carens,2024,Petrol,Manual,15546,Second,chandigarh,15,1497,10,1645295,1472374,1280965,16,13,1,176985,89.49,7.94,6,94.71,0
Toyota,Camry,2021,Diesel,Automatic,108895,Fourth,Chandigarh,24,2487,7,5406122,3894570,3154601,46,19,4,1557135,72.04,7.11,10,,1
Tata,Tiago,2021,Diesel,Manual,84362,Second,Bangalore,27,1199,8,632961,417247,404729,36,3,4,230316,65.92,8.06,7,4.95,0
Honda,Jazz,2021,Petrol,Manual,68646,Second,Chandigarh,20,1199,7,1016335,694664,652984,33,6,4,336360,68.35,7.13,8,10.12,0
MG,ZS EV,2015,Diesel,Automatic,144363,First,Pune,25,0,5,2108365,498417,483464,51,3,10,1632492,23.64,6.31,6,3.45,1
Ford,Endeavour,2018,Petrol,Automatic,160806,Second,Ahmedabad,15,1996,6,5147000,2244092,2131887,50,5,7,3056222,43.6,6.69,4,13.96,1
MG,ZS EV,2022,Diesel,Automatic,31790,Second,Ahmedabad,17,0,9,3319290,2363666,2269119,12,4,3,963489,71.21,6.48,6,74.35,1
Kia,EV6,2016,Petrol,Automatic,109923,First,Nagpur,17,0,5,5667394,2015892,1773984,55,12,9,3706141,35.57,4.54,7,18.34,1
Renault,Triber,2020,Petrol,Manual,95782,Second,Chandigarh,17,999,8,752200,422134,346149,37,18,5,335229,56.12,7.14,7,4.41,0
Tata,Harrier,2020,Diesel,Manual,104755,Second,Hyderabad,18,1956,8,1859491,1004125,843465,29,16,5,849436,54,7.84,9,9.59,0
Renault,Duster,2025,Petrol,Manual,1722,Fourth,Coimbatore,13,1498,8,1638979,1557030,1276764,16,18,0,0,95,7.09,6,904.2,0
Hyundai,Verna,2021,CNG,Manual,70996,First,Surat,28,1497,6,1451292,987459,967709,33,2,4,461615,68.04,7.6,10,13.91,0
MG,Astor,2025,Petrol,Automatic,500,Fourth,Hyderabad,24,1497,10,1817098,1726243,1450044,26,16,0,0,95,10,6,3452.49,0
Toyota,Camry,2019,Petrol,Automatic,117506,Second,Bangalore,18,2487,6,5758135,3325898,2860272,49,14,6,2430821,57.76,7.37,8,28.3,1
Ford,Aspire,2015,Diesel,Automatic,81147,First,Bangalore,24,1194,3,738812,162464,142968,44,12,10,578189,21.99,,5,2,0
Mahindra,XUV400,2022,Diesel,Manual,58177,Fourth,Surat,27,0,8,2307533,1743802,1412479,45,19,3,614646,75.57,8.07,7,29.97,0
Tata,Harrier,2024,Diesel,Automatic,13441,First,Coimbatore,28,1956,9,2637543,2316554,1922739,25,17,1,280224,87.83,,7,172.35,0
Maruti,Ciaz,2018,CNG,Manual,105471,Second,Bangalore,23,1461,5,985428,445314,391876,33,12,7,568242,45.19,5.82,9,4.22,0
Kia,EV6,2018,Petrol,Automatic,111977,First,Hyderabad,13,0,5,6197657,2746801,2307312,32,16,7,3493390,44.32,5.47,8,24.53,1
Hyundai,Grand i10,2021,Diesel,Manual,75203,Second,Hyderabad,16,1197,9,903202,646692,543221,37,16,4,279017,71.6,7.86,10,18.71,0
Hyundai,i20,2012,Petrol,Automatic,191432,Second,Nagpur,15,1197,5,618199,92729,84383,49,9,13,668964,15,6.44,10,0.48,0
Honda,HR-V,2025,Diesel,Manual,500,First,Mumbai,21,1498,10,1763397,1675227,1524456,19,9,0,0,95,8.95,9,3350.45,0
Honda,Elevate,2024,Petrol,Manual,10476,First,Delhi,,1200,10,1244786,1120805,941476,20,16,1,139334,90.04,9.21,7,106.99,0
Volkswagen,Vento,2021,Petrol,Automatic,67553,First,Ahmedabad,22,1598,8,1142350,786964,716137,37,9,4,382004,68.89,5.89,5,11.65,0
Hyundai,Venue,2025,Diesel,Manual,2214,Third,Ahmedabad,21,1197,10,1176598,1117768,983635,33,12,0,0,95,10,8,504.86,0
Toyota,Camry,2025,Petrol,Manual,307,First,Surat,13,2487,10,7693149,7308491,6431472,12,12,0,0,95,9.82,9,23806.16,1
Honda,HR-V,2016,Petrol,Manual,120935,First,Chandigarh,17,1500,6,1253885,448890,408489,47,9,9,773750,35.8,6.02,7,9.59,0
Renault,Triber,2020,CNG,Automatic,83923,Second,Pune,22,997,6,915382,538702,500992,49,7,5,384133,58.85,6.29,6,6.42,0
Volkswagen,Taigun,2023,Petrol,Manual,30455,Third,Nagpur,19,1498,8,1346178,110871,864795,22,22,2,262282,82.36,7.98,7,36.4,0
Mahindra,Bolero,2023,Petrol,Manual,30546,First,Hyderabad,19,1492,9,1233577,1012890,972374,26,4,2,212378,82.11,9.04,8,33.16,0
Ford,Aspire,2024,Petrol,Automatic,30482,Fourth,Chennai,22,1194,10,984913,853821,776977,37,9,1,114047,86.69,7.23,5,28.01,0
Tata,Tiago,2024,Petrol,Manual,14451,First,Surat,15,1199,9,904566,791585,704510,19,11,1,94643,87.51,8.97,9,54.78,0
Ford,EcoSport,2022,Petrol,Manual,46612,Second,Hyderabad,18,1497,9,1290528,838197,737613,16,12,3,438560,64.95,8.13,4,17.98,0
Kia,EV6,2025,CNG,Automatic,500,First,Nagpur,20,0,10,7999127,7599170,7067228,19,7,0,0,95,9.39,6,15198.34,1
Tata,Nexon,2022,Petrol,Automatic,75007,Third,Nagpur,16,1497,8,1294974,899618,791663,35,12,3,433995,69.47,8.62,8,11.99,0
Hyundai,Venue,2020,Petrol,Automatic,55857,First,Bhopal,22,1195,8,1127194,702241,660106,44,6,5,403497,62.3,9.05,10,12.57,0
Skoda,Kodiaq,2023,Diesel,Automatic,35712,First,Chennai,17,1983,9,4828726,4027640,3785981,22,6,2,911668,83.41,8.22,5,112.78,1
Renault,Kiger,2014,Diesel,Automatic,193552,First,Nagpur,27,999,4,707189,106078,99713,52,6,11,708422,15,5.22,7,0.55,0
Renault,Duster,2025,CNG,Manual,1506,First,Hyderabad,30,1498,10,1336506,1269680,1117318,37,12,0,0,95,8.08,6,843.08,0
MG,Hector,2022,Petrol,Automatic,50325,Third,Ahmedabad,17,1956,8,2171655,1547087,1392378,27,10,3,635365,71.24,6.85,7,30.74,0
Mahindra,Scorpio,2024,Petrol,Manual,8612,First,Surat,20,2184,10,1917349,1723888,1654932,41,4,1,202830,89.91,8.88,8,200.17,0
Honda,City,2020,Petrol,Manual,80159,First,Bangalore,14,1497,7,1183092,656970,545285,50,17,5,502958,55.53,6.42,7,8.2,0
Tata,Punch,2020,Petrol,Automatic,95980,Second,Lucknow,16,1199,8,892436,495658,465918,22,6,5,409040,55.54,9.65,9,5.16,0
Mahindra,Scorpio,2024,Petrol,Automatic,18910,Second,Lucknow,19,2184,9,2195633,1884511,1714905,39,9,1,252653,85.83,8.25,8,99.66,0
Mahindra,Bolero,2014,CNG,Manual,179925,Second,Pune,22,1493,4,981660,147249,129579,65,12,11,851439,15,6.02,8,,0
Honda,HR-V,2023,Petrol,Manual,46960,Third,Delhi,17,1498,8,1623801,1318851,1015515,35,23,2,322044,81.22,9.24,8,28.08,0
Honda,Jazz,2021,Petrol,Automatic,52642,First,Nagpur,15,1199,7,1224715,897226,789558,46,12,4,339163,73.26,8.36,7,17.04,0
Skoda,Kodiaq,2020,Diesel,Automatic,74659,First,Kolkata,19,1984,8,5134783,2978174,2888828,44,3,5,2177114,58,7.93,5,84.36,1
Honda,City,2025,CNG,Automatic,715,Third,Ahmedabad,26,1497,8,1724215,1638004,1359543,22,17,0,0,95,8.3,7,2290.91,0
Tata,Nexon,2020,Petrol,Manual,59941,First,Kolkata,16,1497,6,1319542,781168,726486,33,7,5,561470,59.2,7.05,7,13.03,0
Mahindra,Thar,2024,Petrol,Automatic,16623,First,Bangalore,14,2184,10,2624399,2393976,2058819,16,14,1,300215,91.22,8.95,8,144.02,0
Honda,HR-V,2018,Petrol,Manual,75291,First,Ahmedabad,15,1498,6,1462748,710017,589314,31,17,7,789175,48.54,7.22,8,9.43,0
Ford,Aspire,2020,CNG,Manual,74459,Second,Mumbai,22,1194,8,1032395,597137,537423,21,10,5,421319,57.84,7.15,4,8.02,0
Mahindra,XUV400,2023,Petrol,Manual,34316,Third,Jaipur,19,0,6,2088287,1641184,1312947,38,20,2,465025,78.59,8.93,8,47.83,0
Renault,Duster,2022,Petrol,Manual,28930,First,Surat,21,1498,9,1515866,1024725,963241,17,6,3,519176,67.6,6.69,6,35.42,0
Kia,EV6,2019,CNG,Manual,120749,Fourth,Coimbatore,21,0,6,7478488,4253016,3317352,49,22,6,3365117,56.87,5.69,7,35.22,1
Mahindra,XUV700,2017,Diesel,Automatic,164397,Third,Nagpur,17,2184,6,2329378,874914,787422,34,10,8,1498545,37.56,6.08,8,5.32,1
Maruti,Baleno,2017,Diesel,Manual,117579,Third,Chandigarh,26,1197,3,792213,291217,241710,65,17,8,489994,36.76,6.93,10,2.48,0
Toyota,Glanza,2021,Petrol,Automatic,72643,First,Surat,16,1197,6,928512,614396,577532,44,6,4,290066,66.17,7.18,8,,0
Kia,Sonet,2024,Petrol,Automatic,21858,Second,Chennai,20,1197,10,1109208,933953,803199,21,14,1,149122,84.2,7.49,6,42.73,0
Honda,Jazz,2024,Petrol,Manual,8083,Second,Bangalore,18,1199,10,1274153,1169672,1122885,35,4,1,130145,91.8,8.49,8,144.71,0
Nissan,Terrano,2023,Petrol,Manual,35615,Second,Bangalore,18,1461,9,1259831,1034825,962387,39,7,2,243447,82.14,6.43,5,29.06,0
Kia,Carens,2022,CNG,Manual,38420,Second,Hyderabad,27,1497,9,1596924,1144355,1064250,46,7,3,471486,71.66,6.71,6,29.79,0
Nissan,Terrano,2014,Diesel,Automatic,129624,Second,Coimbatore,27,1461,4,794238,172349,167178,,3,11,601012,21.7,5.52,4,1.33,0
Ford,EcoSport,2024,Petrol,Automatic,8167,Second,Ahmedabad,20,1497,10,1370684,1233204,1035891,39,16,1,164717,89.97,8.78,4,151,0
Kia,Sonet,2024,Petrol,Automatic,31144,Fourth,Hyderabad,21,1199,8,1053041,898559,862616,15,4,1,133499,85.33,9.46,7,,0
Volkswagen,Polo,2023,Diesel,Manual,30375,First,Jaipur,,999,9,947257,789443,742076,38,6,2,169798,83.34,7.55,6,25.99,0
Toyota,Innova,2021,Diesel,Manual,71163,Second,Jaipur,25,2393,8,2523803,1705586,1552083,23,9,4,817979,67.58,9.51,9,23.97,0
Mahindra,XUV700,2022,CNG,Automatic,52434,Fourth,Delhi,30,2184,8,2431917,1736388,1389110,37,20,3,650768,71.4,8.79,9,33.12,1
MG,ZS EV,2018,Diesel,Automatic,75468,First,Lucknow,23,0,5,2865453,1322406,1216613,51,8,7,1550721,46.15,5.08,6,17.52,1
Skoda,Kodiaq,2022,Petrol,Automatic,69993,Third,Nagpur,21,1984,7,5660344,4016580,3855916,38,4,3,1492872,70.96,7.66,6,57.39,1
Renault,Kiger,2022,Petrol,Manual,82283,Third,Nagpur,21,999,7,930754,636914,484054,28,24,3,279094,68.43,7.3,7,7.74,0
Ford,Figo,2020,Diesel,Manual,39429,First,Coimbatore,27,1194,7,839634,541144,454560,44,16,5,292828,64.45,5.8,4,13.72,0
Tata,Tigor,2025,CNG,Automatic,157,First,Coimbatore,29,1199,10,1062843,1009700,979409,35,3,0,0,95,9.49,9,6431.21,0
Honda,Jazz,2025,Petrol,Manual,500,First,Surat,21,1199,10,1301068,1236014,1149493,15,7,0,0,95,8.99,9,2472.03,0
Mahindra,XUV700,2020,Diesel,Automatic,70208,Second,Lucknow,23,2184,8,2655835,1618997,1457097,21,10,5,979595,60.96,6.95,7,35.69,1
Mahindra,Bolero,2021,Petrol,Automatic,118572,Fourth,Bangalore,16,1493,7,1250319,869846,721972,48,17,4,351285,69.57,6.59,9,7.34,0
Tata,Altroz,2016,Petrol,Automatic,121466,First,Bhopal,21,1199,5,775984,206489,189969,40,8,9,579860,26.61,5.07,7,4.85,0
Skoda,Octavia,2024,Diesel,Automatic,8610,Second,Surat,20,1984,9,4071206,3604238,3063602,35,15,1,462139,88.53,6.98,6,,1
Toyota,Innova,2020,Petrol,Automatic,146693,Fourth,Hyderabad,21,2393,5,2397972,1455808,1324785,45,9,5,990584,60.71,6.12,9,9.92,0
Volkswagen,Polo,2013,Diesel,Manual,122473,First,Coimbatore,27,999,2,717722,139955,130158,54,7,12,595513,19.5,4.2,5,1.14,0
Renault,Triber,2022,Petrol,Automatic,56682,Third,Nagpur,16,999,6,1032856,738388,649781,44,12,3,323624,71.49,6.83,7,36.84,0
Tata,Tigor,2019,CNG,Manual,102754,Third,Lucknow,23,1199,4,718484,338693,267567,46,21,6,376012,47.14,7.64,9,3.3,0
Mahindra,Bolero,2010,Diesel,Automatic,221946,Second,Bangalore,26,1493,3,659221,98883,82072,66,17,15,881727,15,3.96,9,0.45,0
Toyota,Glanza,2025,Diesel,Automatic,500,First,Jaipur,18,1199,10,1153335,1095668,920361,,16,0,0,95,8.1,8,2191.34,0
Toyota,Urban Cruiser,2020,Diesel,Manual,57822,First,Bhopal,15,1460,7,1027061,618804,600239,46,3,5,381679,60.25,9.12,9,10.7,0
Maruti,Brezza,2024,Diesel,Automatic,13656,First,Bhopal,16,1462,9,1188531,1031526,1000580,16,3,1,159012,86.79,9.9,10,75.54,0
Mahindra,Scorpio,2025,Petrol,Manual,500,Third,Bhopal,17,2184,9,2252292,2139677,1690344,31,21,0,0,95,10,8,4279.35,0
Ford,EcoSport,2024,Petrol,Automatic,18519,Third,Pune,20,1497,8,1311119,1143689,1052193,28,8,1,173056,87.23,7.58,4,61.76,0
Hyundai,Verna,2025,Petrol,Manual,500,Third,Jaipur,14,1497,10,1392700,1323065,1111374,35,16,0,0,95,9.13,9,2646.13,0
Toyota,Innova,2023,Petrol,Manual,32793,Third,Coimbatore,18,2393,8,2634574,2150075,1892066,27,12,2,556877,81.61,8.03,9,65.57,0
Kia,Seltos,2024,Diesel,Manual,13069,Second,Bhopal,20,1497,10,1435797,1239236,1202058,13,3,1,185535,86.31,8.41,7,94.82,0
Maruti,WagonR,2019,Petrol,Manual,82893,First,Hyderabad,16,1197,8,655307,355176,298347,23,16,6,296996,54.2,9.43,9,4.28,0
Maruti,Swift,2015,Petrol,Automatic,193685,Second,Hyderabad,20,1197,3,708458,106268,87139,57,18,10,630836,15,5.73,10,0.55,0
Hyundai,Verna,2025,Petrol,Manual,500,Fourth,Coimbatore,15,1497,8,1517965,1442066,1341121,16,7,0,0,95,8.43,8,2884.13,0
Mahindra,Scorpio,2022,Petrol,Manual,59276,Second,Ahmedabad,16,2184,10,1812106,1254520,1216884,35,3,3,519008,69.23,10,9,21.16,0
Hyundai,Venue,2023,Petrol,Automatic,56997,Fourth,Lucknow,17,1197,9,1151834,890943,703844,36,21,2,258714,77.35,7.44,8,15.63,0
Honda,WR-V,2023,Petrol,Manual,27142,Second,Ahmedabad,16,1199,10,1175294,929892,827603,25,11,2,223335,79.12,9.44,7,34.26,0
Nissan,Kicks,2018,Petrol,Automatic,106594,Third,Delhi,17,1461,6,1255272,614581,534685,54,13,7,677191,48.96,5.25,4,5.77,0
Mahindra,XUV400,2019,Petrol,Automatic,95955,Third,Bhopal,19,0,4,1946802,957437,852118,41,11,6,937487,49.18,,8,9.98,0
Volkswagen,Vento,2010,CNG,Manual,393983,Fourth,Bhopal,28,1598,1,744117,111617,97106,57,13,15,884316,15,2.39,7,0.28,0
Toyota,Urban Cruiser,2020,CNG,Manual,74346,Second,Chennai,30,1460,8,1240618,718565,589223,38,18,5,533281,57.92,6.43,8,9.67,0
Honda,Elevate,2023,Petrol,Manual,21356,First,Chennai,,1200,8,1420210,1170963,1135834,37,3,2,289869,82.45,8.01,8,,0
Tata,Harrier,2020,Petrol,Automatic,77486,First,Ahmedabad,19,1956,7,2004248,1089308,958591,33,12,5,910499,54.35,7.45,9,14.06,0
Toyota,Camry,2024,Petrol,Automatic,15299,Fourth,mumbai,21,2487,10,7389646,6705364,5297237,8,21,1,871771,90.74,10,10,926.9,1
Volkswagen,Taigun,2024,Petrol,Manual,16467,First,Chandigarh,19,1498,10,1665473,1469113,1278128,18,13,1,218955,88.21,9.48,5,89.22,0
Toyota,Innova,2024,Diesel,Manual,15084,First,Mumbai,22,2393,10,2660701,2321461,2112529,38,9,1,327126,87.25,9.3,8,153.9,0
Volkswagen,Polo,2022,Petrol,Manual,42212,First,Mumbai,14,999,8,1099625,803495,763320,36,5,3,324151,73.07,6.17,6,19.03,0
Renault,Kiger,2025,Diesel,Automatic,500,Second,Kolkata,23,999,10,1136924,1080077,982870,21,9,0,0,95,9.16,6,2160.15,0
Hyundai,Venue,2023,Petrol,Manual,37752,Second,Coimbatore,13,1197,7,1090479,880670,854249,44,3,2,208708,80.76,7.04,8,57.33,0
Renault,Kwid,2023,Diesel,Automatic,31445,Second,Nagpur,26,799,10,548188,461135,442689,26,4,2,94158,84.12,10,7,14.66,0
Maruti,WagonR,2019,Diesel,Manual,65650,First,Mumbai,28,1197,5,624908,355572,330681,59,7,6,256560,56.9,7.86,10,5.42,0
Mahindra,XUV300,2017,Petrol,Automatic,115054,First,Jaipur,20,1199,5,942732,314872,270789,50,14,8,604868,33.4,6.45,7,2.74,0
Mahindra,XUV700,2017,Petrol,Automatic,140000,Second,Chandigarh,13,2184,4,2122918,687613,577594,33,16,8,1422024,32.39,4.72,8,4.91,1
Tata,Tiago,2021,Petrol,Manual,30265,First,Ahmedabad,14,1199,8,707700,462411,379177,50,18,4,229359,65.34,9.68,9,15.28,0
Honda,Amaze,2024,Diesel,Manual,20983,Second,Coimbatore,26,1199,10,1208371,1110251,988123,33,11,1,127192,91.88,9.88,8,52.91,0
Mahindra,XUV400,2023,Diesel,Manual,21593,Third,Mumbai,23,0,9,2299511,1801896,1513592,32,16,2,508412,78.36,7.32,8,83.45,0
Hyundai,Verna,2023,Petrol,Manual,40737,First,Hyderabad,21,1497,8,1443979,1185939,1114782,34,6,2,270611,82.13,7.49,8,29.11,0
Toyota,Camry,2019,Diesel,Automatic,63096,First,Pune,22,2487,7,5886756,3108795,2891179,34,7,6,2652920,52.81,8.57,10,49.27,1
Ford,Figo,2021,Diesel,Manual,62465,First,Mumbai,23,1194,8,847295,538625,484762,48,10,4,298612,63.57,8.49,5,8.62,0
Skoda,Slavia,2024,Petrol,Manual,11831,First,Jaipur,21,1498,10,1600169,1403668,1263301,22,10,1,216101,87.72,8.67,6,118.64,0
Kia,Carens,2020,Petrol,Automatic,72636,First,Delhi,13,1497,7,1495845,954797,840221,39,12,5,560824,63.83,8.72,8,13.14,0
Hyundai,Venue,2016,Petrol,Manual,99941,Second,Kolkata,16,1197,4,933690,169464,162685,39,4,9,759264,18.15,5.31,8,1.7,0
Mahindra,XUV400,2016,Diesel,Automatic,125979,Second,Surat,24,0,4,1697488,496345,431820,53,13,9,1196519,29.24,6.2,8,3.94,0
Nissan,Kicks,2024,Petrol,Automatic,15876,First,Ahmedabad,14,1461,10,1328949,1201901,1141805,11,5,1,145116,90.44,9.16,6,75.71,0
Maruti,Ertiga,2024,Diesel,Automatic,20802,Third,Jaipur,19,1462,10,1369850,1200262,924201,31,23,1,140496,87.62,,10,57.7,0
Hyundai,Verna,2023,Petrol,Automatic,35291,Second,Bhopal,19,1497,8,1458845,1165325,1072099,18,8,2,296781,79.88,9.5,9,33.02,0
Skoda,Kodiaq,2020,Petrol,Automatic,60580,First,Coimbatore,14,1984,7,4966596,2812086,2334031,33,17,5,2191763,56.62,7.53,7,46.42,1
Kia,Sonet,2021,Diesel,Manual,49768,First,Jaipur,21,1197,8,1157290,713237,677575,29,5,4,411885,61.63,9.15,7,14.33,0
Hyundai,Aura,2021,CNG,Automatic,59821,Third,Kolkata,26,1197,6,1015428,639922,524736,33,18,4,350718,63.02,7.25,10,10.7,0
Ford,Aspire,2022,Petrol,Manual,49444,First,Nagpur,17,1194,9,1075178,789718,647568,45,18,3,278290,73.45,7.48,5,15.97,0
MG,Hector,2020,Petrol,Automatic,68432,Fourth,Hyderabad,14,1956,6,2061838,1351947,1068038,45,21,5,744345,65.57,7.38,6,19.76,0
Volkswagen,Taigun,2025,Diesel,Manual,566,Third,Ahmedabad,17,1498,10,1834581,1742851,1463994,37,16,0,0,95,8.06,5,3079.24,0
Toyota,Glanza,2012,CNG,Manual,218892,Second,Delhi,27,1197,2,567411,85111,77451,58,9,13,607832,15,4.85,8,0.39,0
Maruti,Dzire,2024,Petrol,Manual,20470,Third,Nagpur,19,1197,10,1146085,996520,857007,39,14,1,151823,86.95,10,9,48.68,0
Skoda,Slavia,2021,Diesel,Manual,58359,First,Jaipur,28,1498,7,1623507,1085639,933649,45,14,4,510557,66.87,7.5,5,18.6,0
Maruti,Brezza,2024,Diesel,Manual,14341,Second,Hyderabad,25,1462,10,1291888,1194867,1027585,18,14,1,132085,92.49,10,10,83.32,0
Mahindra,XUV300,2025,Diesel,Manual,500,Second,Lucknow,27,1199,9,1141054,1084001,1018960,24,6,0,0,95,8.81,7,2168,0
Tata,Altroz,2024,Petrol,Manual,17235,First,Bhopal,15,1198,10,992187,870644,800992,23,8,1,119299,87.75,9.02,7,50.52,0
Nissan,Kicks,2018,Petrol,Automatic,112589,Second,Mumbai,13,1461,6,1247859,549182,538198,55,2,7,735940,44.01,7.33,5,4.88,0
Volkswagen,Taigun,2017,Petrol,Manual,122101,First,Lucknow,22,1498,6,1343922,418900,406333,,3,8,950214,31.17,5.74,7,3.43,0
Toyota,Fortuner,2023,Diesel,Automatic,40366,Fourth,Chennai,25,2755,7,5585177,4735671,4167390,18,12,2,987099,84.79,9.1,10,117.32,1
Volkswagen,Vento,2017,Diesel,Manual,110642,First,Jaipur,19,1598,6,1116248,384882,369486,39,4,8,743794,34.48,5.98,5,3.48,0
Ford,Endeavour,2021,Diesel,Automatic,36529,First,Jaipur,16,1996,8,6136654,4192562,3689454,29,12,4,1837201,68.32,7.66,5,114.77,1
Hyundai,Grand i10,2016,Petrol,Manual,110012,Third,Nagpur,17,1197,3,626219,235520,214323,63,9,9,389647,37.61,5.54,8,2.14,0
Hyundai,Tucson,2020,Petrol,Automatic,58686,Second,Mumbai,21,1998,6,3339891,1785171,1588802,48,11,5,1521064,53.45,7.23,8,30.42,1
MG,Astor,2018,Petrol,Automatic,89055,Second,Surat,16,1497,7,1248410,689871,669174,37,3,7,594848,55.26,8.03,8,7.75,0
Honda,Jazz,2023,Petrol,Automatic,35104,Second,Pune,14,1199,9,1114316,908501,781310,45,14,2,209688,81.53,8.15,7,25.88,0
Tata,Altroz,2017,Petrol,Automatic,154368,Fourth,Ahmedabad,17,1199,5,758641,263551,245102,34,7,8,503719,34.74,5.37,9,1.71,0
Kia,Carens,2022,Petrol,Automatic,38960,First,Bhopal,14,,8,1299313,884052,831008,39,6,3,405934,68.04,7.42,6,22.69,0
Honda,WR-V,2024,Petrol,Automatic,4700,First,Pune,18,1199,10,1271335,1112163,1000946,40,10,1,158506,87.48,9.7,9,236.63,0
Kia,Seltos,2021,Petrol,Automatic,62879,Second,Kolkata,19,1496,6,1291452,921838,765125,48,17,4,356953,71.38,6.7,6,14.66,0
MG,ZS EV,2022,Petrol,Automatic,28029,First,Ahmedabad,15,0,9,3226026,2197568,2087689,15,5,3,1000220,68.12,8.09,7,78.4,1
Mahindra,Bolero,2015,CNG,Manual,180052,First,Ahmedabad,23,1493,4,995517,302935,269612,,11,10,703282,30.43,5.02,8,1.68,0
MG,ZS EV,2014,Petrol,Manual,226541,Second,Nagpur,22,0,6,1971572,295735,251374,44,15,11,1737381,15,5.56,8,1.31,1
Volkswagen,Virtus,2023,Petrol,Manual,40053,Second,Jaipur,16,1498,8,1524369,1194800,1075320,20,10,2,318613,78.38,8.9,7,29.83,0
Skoda,Kushaq,2023,CNG,Automatic,18200,First,Kolkata,22,1498,10,1563482,1286902,1222556,34,5,2,272510,82.31,7.52,6,70.71,0
Toyota,Camry,2024,Diesel,Automatic,15285,Second,Delhi,18,2487,9,7015206,6089198,5845630,35,4,1,934294,86.8,9.96,9,398.38,1
Renault,Kiger,2013,Diesel,Manual,313510,Third,Bangalore,19,999,3,648330,97249,78771,50,19,12,610660,15,5.8,7,0.31,0
Toyota,Innova,2024,CNG,Manual,20481,First,Kolkata,27,2393,10,2576163,221060,1989544,18,10,1,333350,85.81,9.22,10,107.93,0
Mahindra,XUV400,2020,Petrol,Manual,95629,Second,Mumbai,22,0,8,2219329,1329156,1262698,50,5,5,904917,59.89,6.99,7,34.87,0
Maruti,Brezza,2023,CNG,Manual,30573,First,Jaipur,28,1462,9,1153124,951788,913716,,4,2,227409,82.54,8.11,10,31.13,0
Ford,Figo,2020,Petrol,Automatic,95533,Second,Lucknow,14,1194,7,774389,491040,481219,29,2,5,296818,63.41,5.34,4,5.14,0
Tata,Altroz,2015,Petrol,Manual,110088,Third,Mumbai,17,1199,2,798701,243523,204559,57,16,10,575081,30.49,4.95,7,2.21,0
Mahindra,XUV300,2018,Petrol,Manual,59640,First,Bhopal,20,1199,6,1038629,551200,501592,38,9,7,513265,53.07,8.46,9,9.24,0
Honda,Jazz,2013,CNG,Automatic,142565,First,Pune,22,1199,4,834113,149639,139164,58,7,12,687226,17.94,6.24,9,1.05,0
Maruti,Swift,2023,Petrol,Manual,33059,First,Kolkata,16,1197,9,862872,661995,569315,15,14,2,181654,76.72,9.41,10,20.02,0
Renault,Duster,2020,Petrol,Manual,63914,First,Lucknow,17,1498,10,1222104,757948,659414,32,13,5,465603,62.02,8.18,5,11.86,0
MG,Gloster,2021,Diesel,Automatic,72775,First,Jaipur,22,1996,7,3993877,2908341,2792007,29,4,4,1189061,72.82,7.71,7,39.96,1
Honda,Amaze,2019,Petrol,Manual,125550,Third,Kolkata,18,1199,5,1008683,552556,447570,53,19,6,437098,54.78,6.98,7,4.4,0
Kia,Sonet,2020,Petrol,Manual,64056,First,Hyderabad,18,1197,8,1098734,640561,602127,24,6,5,437433,58.3,9.04,7,10,0
Volkswagen,Virtus,2020,Diesel,Manual,69071,First,Bhopal,18,1498,6,1556321,909669,827798,43,9,5,691554,58.45,5.65,6,13.17,0
Kia,EV6,2018,Petrol,Automatic,121688,First,Jaipur,20,0,5,7138380,2686172,2417554,30,10,7,4365654,37.63,5.13,6,22.07,1
Honda,WR-V,2016,Petrol,Automatic,117123,Second,Chandigarh,13,1199,5,917093,213407,204870,43,4,9,706261,23.27,7.81,9,1.82,0
Volkswagen,Taigun,2021,CNG,Automatic,84365,Second,Chandigarh,26,1498,6,1523104,1077596,1056044,28,2,4,487252,70.75,5.57,5,12.77,0
Renault,Kiger,2021,CNG,Manual,64258,First,Chandigarh,21,999,8,802330,573746,562271,27,2,4,238968,71.51,6.05,5,8.93,0
Maruti,Ciaz,2018,Petrol,Manual,107204,First,Chennai,17,1462,6,945019,360902,328420,52,9,7,598841,38.19,6.43,10,3.37,0
Ford,Endeavour,2014,CNG,Automatic,186698,First,Hyderabad,28,1996,5,4455353,933396,821388,53,12,11,3556289,20.95,6.03,5,5,1
Honda,WR-V,2024,Petrol,Manual,12156,Third,Bhopal,21,1199,8,1166987,1008393,887385,,12,1,144804,86.41,7.06,8,82.95,0
Skoda,Kushaq,2018,CNG,Manual,155608,Second,Surat,20,1498,7,1091547,538460,522306,41,3,7,552408,49.33,5.68,7,3.46,0
Honda,Amaze,2018,Petrol,Manual,200539,Fourth,Ahmedabad,12,1199,6,989690,456247,392372,57,14,7,554885,46.1,5.79,9,2.28,0
Hyundai,Grand i10,2024,Diesel,Manual,21099,First,Bhopal,16,1197,10,891526,768584,737840,24,4,1,109369,86.21,9.37,9,36.43,0
Honda,Jazz,2013,Diesel,Manual,130131,Third,Surat,,1199,1,694064,104109,84328,59,19,12,668654,15,3.94,7,0.8,0
Toyota,Innova,2013,Diesel,Manual,220359,Second,Delhi,18,2393,3,1832287,274843,247358,52,10,12,1579505,15,4.28,8,1.25,0
MG,ZS EV,2025,CNG,Automatic,500,Fourth,Jaipur,22,0,8,3149391,2991921,2363617,9,21,0,0,95,7.08,7,5983.84,1
Maruti,Swift,2024,CNG,Manual,13113,First,Chandigarh,30,1197,10,1004117,851993,715674,19,16,1,132917,84.85,10,10,64.97,0
Skoda,Kushaq,2025,Diesel,Automatic,3880,Fourth,Kolkata,25,1500,9,1526740,1450403,1232842,20,15,0,0,95,6.89,5,373.82,0
Nissan,Terrano,2025,Petrol,Manual,724,First,Kolkata,18,1459,9,1427454,1356081,1152668,21,15,0,0,95,8.23,6,1873.04,0
Kia,EV6,2019,Petrol,Automatic,77691,First,Mumbai,,0,7,6867862,3234076,3104712,26,4,6,3468230,47.09,,8,41.63,1
Toyota,Camry,2024,Petrol,Automatic,17619,First,Kolkata,22,2487,10,6777580,5861251,5626800,24,4,1,717665,86.48,10,8,332.67,1
Ford,EcoSport,2015,Petrol,Manual,144122,First,Mumbai,21,1497,4,999602,149940,139444,41,7,10,855271,15,3.78,6,1.04,0
Tata,Safari,2022,CNG,Manual,53313,Second,Chennai,30,1956,9,2644194,1721634,1549470,25,10,3,861438,65.11,7.63,9,32.29,0
MG,Hector,2022,CNG,Manual,40902,First,Coimbatore,29,1956,9,1904945,1300886,1079735,21,17,3,564971,68.29,9.63,8,31.8,0
Toyota,Glanza,2025,Petrol,Manual,17,Third,Surat,21,1197,8,1119042,1063089,839840,48,21,0,0,95,9.89,8,62534.65,0
Toyota,Urban Cruiser,2025,CNG,Manual,2506,First,Mumbai,27,1462,10,1271260,1207697,1171466,11,3,0,0,95,10,9,481.92,0
Hyundai,Verna,2025,Petrol,Manual,500,Fourth,Surat,19,1497,10,1637241,1555378,1399840,28,10,0,0,95,8.46,8,3110.76,0
Hyundai,Tucson,2014,Petrol,Automatic,237986,Third,Nagpur,14,1998,4,2578495,386774,293948,63,24,11,2519194,15,4.71,10,1.63,1
Maruti,WagonR,2018,Petrol,Manual,94070,First,Mumbai,19,1197,6,695683,310065,275957,28,11,7,403033,44.57,7.22,9,3.3,0
Toyota,Camry,2020,Petrol,Manual,73886,First,Pune,20,2487,10,6419730,3774159,3283518,14,13,5,2669106,58.79,9.39,8,51.08,1
Hyundai,Grand i10,2025,CNG,Manual,760,First,Delhi,25,1197,10,1045046,992793,893513,30,10,0,0,95,10,10,1306.31,0
Toyota,Glanza,2021,Petrol,Manual,43512,First,Surat,22,1197,6,972110,642953,546510,40,15,4,336061,66.14,6.01,8,14.78,0
MG,Hector,2021,Petrol,Automatic,51581,First,Delhi,14,1956,6,2182347,1427909,1327955,29,7,4,753727,65.43,7.82,6,27.68,0
Renault,Kiger,2022,Petrol,Manual,57862,Second,Nagpur,15,999,8,977215,724116,615498,31,15,3,257837,74.1,6.62,6,22.97,0
MG,ZS EV,2012,Diesel,Automatic,219672,Second,Lucknow,25,0,4,1919762,287964,276445,48,4,13,2040834,15,3.65,7,1.31,1
Kia,EV6,2025,CNG,Automatic,3498,Second,Ahmedabad,27,0,10,9449774,8977285,7540919,9,16,0,0,95,9.14,8,2566.41,1
Kia,EV6,2019,Petrol,Manual,105539,Second,Pune,14,0,7,6705766,3505103,3154592,34,10,6,3169147,52.27,7.82,6,33.21,1
Nissan,Terrano,2025,Petrol,Automatic,500,Second,Pune,20,1461,9,1574703,1495967,1391249,35,7,0,0,95,6.61,5,2991.93,0
Mahindra,Bolero,2024,Petrol,Manual,13156,Second,Lucknow,17,1493,9,1548074,1376702,1156429,22,16,1,176455,88.93,9.57,9,104.64,0
Volkswagen,Taigun,2025,Diesel,Manual,500,Second,Ahmedabad,23,1498,10,1712920,1627274,1497092,20,8,0,0,95,10,7,3254.55,0
Skoda,Octavia,2022,Petrol,Automatic,62821,Third,Jaipur,19,1984,6,3736342,2705485,2380826,33,12,3,1009389,72.41,6.07,6,43.07,1
Nissan,Terrano,2021,Petrol,Automatic,45673,Second,Mumbai,16,1461,8,1352159,916358,888867,32,3,4,435140,67.77,,5,20.06,0
Hyundai,Creta,2019,Petrol,Automatic,148101,Third,Mumbai,18,1493,7,1418709,744822,588409,42,21,6,661912,52.5,8.52,8,5.03,0
Honda,Elevate,2017,Petrol,Automatic,138482,Second,Delhi,17,1200,6,1023726,396181,332792,54,16,8,621257,38.7,8.26,9,2.86,0
Hyundai,Grand i10,2021,CNG,Manual,72073,Second,Lucknow,23,1197,8,806358,519939,483543,22,7,4,277599,64.48,7.83,9,7.21,0
Maruti,Alto,2025,Petrol,Manual,3787,Second,Chennai,22,796,9,541273,514209,452503,41,12,0,0,95,10,10,135.78,0
MG,Gloster,2019,Diesel,Automatic,95085,Second,Lucknow,20,1996,9,4261296,2567430,2362035,23,8,6,1795624,60.25,9.11,7,27,1
Hyundai,Alcazar,2023,Petrol,Automatic,25309,Second,Coimbatore,17,1999,9,2237383,1810937,1774718,36,2,2,399192,80.94,8.68,9,,0
Ford,Aspire,2023,Diesel,Automatic,63168,Fourth,Mumbai,22,1194,6,963261,787754,677468,43,14,2,174969,81.78,7.16,5,12.47,0
Renault,Kwid,2020,Diesel,Automatic,60103,Third,Kolkata,26,797,7,563851,333687,266949,40,20,5,214819,59.18,7.97,6,,0
Maruti,Brezza,2023,Petrol,Manual,31188,First,Coimbatore,21,1462,8,1181873,967599,928895,17,4,2,232343,81.87,9.73,10,31.02,0
Kia,Carens,2025,Diesel,Manual,2354,First,Coimbatore,24,1497,9,1479862,1405868,1279339,31,9,0,0,95,7.08,6,597.23,0
Renault,Triber,2022,Petrol,Manual,50710,First,Lucknow,15,999,9,868681,603298,524869,28,13,3,272404,69.45,7.75,7,11.9,0
Volkswagen,Vento,2023,Petrol,Manual,30207,Second,Pune,22,1598,7,1470480,1227703,1043547,20,15,2,253657,83.49,8.09,5,40.64,0
Hyundai,Grand i10,2025,Petrol,Manual,500,Second,Chandigarh,19,1197,10,877050,833197,716549,26,14,0,0,95,10,10,1666.39,0
Hyundai,Grand i10,2022,PETROL,Manual,45244,Second,Chandigarh,19,1197,7,766307,526452,500129,49,5,3,220483,68.7,8.81,9,11.64,0
Maruti,Swift,2020,Petrol,Automatic,120139,Fourth,Bangalore,,1197,6,951857,578443,491676,44,15,5,390710,60.77,7.05,10,4.81,0
Toyota,Glanza,2024,Diesel,Manual,7375,First,Pune,23,,10,1027181,923127,812351,,12,1,131936,89.87,9.48,10,125.17,0
Renault,Triber,2024,Diesel,Manual,9096,First,Coimbatore,22,999,10,940065,833743,775380,26,7,1,126310,88.69,6.85,5,91.66,0
Kia,Seltos,2021,Diesel,Manual,105781,Third,Pune,22,1497,5,1380523,986383,897608,37,9,4,411516,71.45,7.04,8,9.32,0
Honda,HR-V,2019,Diesel,Automatic,72529,Second,Pune,23,1498,5,1295444,558206,541459,29,3,6,710868,43.09,6.8,9,7.7,0
Skoda,Kodiaq,2024,Petrol,Automatic,23873,Fourth,Jaipur,13,1984,10,5057816,4604129,4419963,6,4,1,588680,91.03,8.99,6,192.86,1
Ford,EcoSport,2019,Diesel,Automatic,88528,First,Lucknow,28,1497,7,1195081,626102,588535,39,6,6,604671,52.39,6.62,5,7.07,0
Ford,Aspire,2025,Petrol,Automatic,4496,Third,Bhopal,,1194,9,1128284,1071869,857495,44,20,0,0,95,6.88,4,238.41,0
Maruti,Ciaz,2021,Diesel,Manual,67369,Second,Chandigarh,17,1462,6,1053870,723481,701776,34,3,4,352649,68.65,8.57,10,10.74,0
MG,Gloster,2023,Petrol,Manual,43202,Second,Bhopal,13,1996,9,4752467,3753498,3340613,10,11,2,1026311,78.98,7.38,8,86.88,1
Toyota,Camry,2010,Diesel,Automatic,165028,First,Chennai,21,2487,3,3726748,559012,475160,57,15,15,4026519,15,5.3,8,3.39,1
Mahindra,XUV300,2023,Petrol,Automatic,26677,Second,Chennai,16,1199,8,1048864,862900,733465,37,15,2,212941,82.27,8.23,8,32.35,0
MG,Astor,2013,Petrol,Automatic,241479,Third,Surat,15,1497,3,1051569,157735,127765,48,19,12,1030890,15,5.32,7,0.65,0
Toyota,Urban Cruiser,2020,Petrol,Manual,130018,Third,Chandigarh,16,1462,5,1031960,635687,546690,34,14,5,383098,61.6,6.71,9,4.89,0
Tata,Tigor,2024,Diesel,Manual,10631,First,Hyderabad,17,1199,10,1004444,867839,755019,21,13,1,129118,86.4,9.23,8,130.91,0
Volkswagen,Vento,2022,Petrol,Manual,47558,Third,Bhopal,21,1598,9,1233515,892324,749552,50,16,3,354204,72.34,7.43,6,18.76,0
Toyota,Urban Cruiser,2012,Diesel,Manual,290086,Second,Kolkata,19,1462,3,874610,131191,114136,51,13,13,862697,15,5.81,9,0.45,0
Honda,WR-V,2020,CNG,Manual,52994,First,Jaipur,21,1199,8,1046814,681894,620523,33,9,5,357155,65.14,8.4,7,12.87,0
Honda,WR-V,2022,CNG,Automatic,50704,First,Lucknow,29,1199,8,1192699,842880,792307,42,6,3,364431,70.67,7.07,9,16.62,0
Maruti,WagonR,2024,Petrol,Automatic,30129,Third,Lucknow,13,1197,7,754129,692441,595499,38,14,1,79731,91.82,7.67,10,22.98,0
Kia,Seltos,2010,Diesel,Automatic,225513,Second,Bangalore,26,1497,3,741413,111211,104538,59,6,15,834102,15,2.78,7,0.49,0
Kia,Seltos,2020,Diesel,Manual,92104,Third,Surat,20,1497,6,1366559,824991,692992,43,16,5,561438,60.37,7.51,8,8.96,0
Tata,Safari,2022,Petrol,Automatic,39151,Second,Chennai,15,1956,8,2564279,1793456,1524437,,15,3,783657,69.94,9.63,9,45.81,0
Skoda,Slavia,2025,Diesel,Manual,500,Second,Bhopal,17,1498,10,1583957,1504759,1294092,31,14,0,0,95,8.46,7,3009.52,0
Toyota,Glanza,2022,CNG,Manual,69655,Third,Chennai,22,1197,6,1117374,797469,757595,29,5,3,347571,71.37,6.25,9,22.29,0
Nissan,Magnite,2021,Petrol,Manual,59774,Second,Surat,21,999,6,843504,557471,457126,31,18,4,303287,66.09,7.03,5,9.33,0
Kia,Carens,2016,Diesel,Automatic,153301,First,Delhi,24,1497,5,1010204,209011,204830,41,2,9,811204,20.69,7.51,8,1.36,0
Renault,Triber,2023,Petrol,Manual,21615,First,Nagpur,15,999,9,1023086,818161,719981,44,12,2,200870,79.97,9.28,7,37.85,0
Maruti,Baleno,2023,Diesel,Manual,30133,Second,Pune,27,1197,10,942694,708434,580915,32,18,2,210323,75.15,9.78,10,23.51,0
Toyota,Camry,2024,Petrol,Automatic,9224,First,Bangalore,14,2487,9,6557504,5904376,5136807,21,13,1,758575,90.04,9.36,10,640.11,1
Nissan,Terrano,2019,Petrol,Manual,69124,First,Nagpur,17,1460,7,1255431,563688,490408,26,13,6,688647,44.9,7.19,6,8.15,0
Honda,City,2019,Petrol,Automatic,117970,Fourth,Chennai,13,1497,5,1110247,628843,547093,49,13,6,490441,56.64,5.64,9,5.33,0
Kia,EV6,2013,Diesel,Automatic,266702,Third,Ahmedabad,25,0,1,5087432,763114,656278,73,14,12,4312709,15,3.03,6,2.86,1
Hyundai,Venue,2023,Diesel,Manual,17894,First,Jaipur,27,1197,9,1241349,979300,881370,19,10,2,272230,78.89,7.52,8,54.73,0
Tata,Harrier,2023,Diesel,Manual,18493,Third,Lucknow,25,,8,2425998,1977673,1582138,52,20,2,517675,81.52,6.61,7,106.94,0
Honda,WR-V,2025,Petrol,Manual,955,Third,Chandigarh,14,1199,9,1303751,1238563,1176634,17,5,0,0,95,8.01,8,1296.92,0
Nissan,Kicks,2024,Petrol,Automatic,9099,First,Ahmedabad,17,1461,9,1375792,1244266,1032740,40,17,1,157593,90.44,7.15,4,136.75,0
Nissan,Magnite,2024,Petrol,Manual,26492,Fourth,Nagpur,19,999,10,1142139,1033407,857727,39,17,1,142609,90.48,7.43,6,39.01,0
Kia,Carens,2024,Diesel,Manual,9225,First,Jaipur,23,1497,9,1570246,1337849,1137171,35,15,1,191421,85.2,8.78,7,145.02,0
Kia,EV6,2024,Petrol,Automatic,15691,Second,Lucknow,20,0,9,8344373,7589207,6450825,18,15,1,890248,90.95,7.66,6,483.67,1
Hyundai,i20,2020,PETROL,Manual,52182,First,Nagpur,19,1197,8,1069251,612039,581437,46,5,5,452214,57.24,6.58,8,11.73,0
Mahindra,Thar,2020,Petrol,Manual,63517,Second,Pune,17,2184,7,2042572,1323995,1218075,43,8,5,772267,64.82,7.62,9,20.84,0
Tata,Tiago,2024,Petrol,Automatic,13755,Second,Kolkata,15,1199,10,737274,625798,594508,27,5,1,89442,84.88,7.91,7,45.5,0
Kia,EV6,2024,Petrol,Automatic,4775,First,Bhopal,18,0,10,8840802,7740122,7430517,30,4,1,916028,87.55,7.77,6,1620.97,1
Hyundai,Grand i10,2024,Petrol,Manual,9685,First,Nagpur,17,1197,10,881779,797128,725386,26,9,1,100619,90.4,10,9,82.31,0
Maruti,Ciaz,2022,Petrol,Automatic,44710,Third,Lucknow,17,1462,9,1269730,862400,681296,41,21,3,422771,67.92,8.34,9,19.29,0
Hyundai,i20,2022,Diesel,Manual,43273,First,Ahmedabad,17,1197,9,984093,690538,621484,27,10,3,281035,70.17,8.93,8,15.96,0
Ford,Aspire,2021,Petrol,Automatic,35330,First,Ahmedabad,21,1194,8,1035311,672330,638713,25,5,4,333490,64.94,8.27,5,19.03,0
Kia,Sonet,2020,Petrol,Manual,116029,Third,Mumbai,18,1199,6,923334,522145,469930,41,10,5,385230,56.55,7.7,8,4.5,0
Kia,EV6,2024,Petrol,Automatic,13647,Second,Chennai,17,0,9,9365356,8614254,7838971,10,9,1,986767,91.98,6.98,6,631.22,1
Tata,Safari,2023,Petrol,Automatic,20519,Second,Hyderabad,21,1956,8,2474969,2032444,1788550,42,12,2,506604,82.12,8.46,9,99.05,0
Maruti,Dzire,2022,Diesel,Automatic,35378,First,Hyderabad,,1197,9,976314,737409,693164,16,6,3,266184,75.53,10,10,20.84,0
Volkswagen,Vento,2017,Petrol,Manual,103117,Second,Kolkata,15,1598,4,938901,260357,244735,52,6,8,671659,27.73,5.81,7,2.52,0
Hyundai,i20,2022,Diesel,Automatic,61833,Second,Mumbai,25,1197,9,1192805,834963,768165,23,8,3,323461,70,10,10,13.5,0
Renault,Duster,2021,Petrol,Manual,50559,First,Kolkata,16,1498,6,1171533,836474,803015,54,4,4,344642,71.4,6.07,6,16.54,0
Nissan,Kicks,2015,Petrol,Manual,186552,Third,Jaipur,18,1461,2,882209,214994,180594,72,16,10,693022,24.37,2.32,4,1.15,0
Mahindra,XUV400,2019,Diesel,Manual,82368,First,Kolkata,23,0,6,1767946,826514,719067,52,13,6,898632,46.75,6.94,9,10.03,0
Volkswagen,Polo,2022,Petrol,Automatic,55587,First,Chandigarh,13,999,9,1113297,784985,769285,22,2,3,346826,70.51,7.29,7,14.12,0
Mahindra,XUV700,2025,Petrol,Automatic,500,First,Bangalore,13,2184,9,2863133,2719976,2665576,19,2,0,0,95,7.81,9,5439.95,1
Mahindra,XUV300,2022,Petrol,Manual,22934,First,Surat,15,1199,10,1103007,769788,754392,25,2,3,335494,69.79,8.87,7,33.57,0
Hyundai,Alcazar,2022,Petrol,Manual,33352,First,Jaipur,18,1999,7,2428717,1606110,1493682,41,7,3,833136,66.13,7.06,9,48.16,0
Ford,Figo,2021,Petrol,Manual,35092,Second,Pune,17,1194,10,971679,618085,574819,,7,4,349459,63.61,9.63,6,17.61,0
Skoda,Slavia,2016,Petrol,Automatic,173567,Third,Ahmedabad,18,1498,5,1257050,374475,333282,55,11,9,897696,29.79,6.93,7,2.16,0
Toyota,Innova,2023,Petrol,Automatic,25327,First,Chennai,,2393,8,2775686,2163647,2077101,19,4,2,583397,77.95,9.58,8,85.43,0
Maruti,WagonR,2023,Petrol,Automatic,21241,First,Lucknow,22,1196,8,899737,706563,586447,21,17,2,197290,78.53,8.41,10,,0
Skoda,Kodiaq,2024,Petrol,Automatic,10308,First,Coimbatore,16,1984,9,5232258,4609096,3779458,11,18,1,583958,88.09,7.66,6,447.14,1
Maruti,Brezza,2020,Petrol,Manual,45334,First,Nagpur,,1462,6,1066659,613222,502842,27,18,5,461391,57.49,8.69,9,13.53,0
Toyota,Glanza,2024,CNG,Automatic,14343,Second,Pune,20,1197,9,1099843,998987,899088,28,10,1,131657,90.83,7.89,9,69.65,0
Toyota,Fortuner,2025,Diesel,Manual,397,Fourth,Ahmedabad,17,2755,8,5466249,5192936,4621713,32,11,0,0,95,7.53,9,22616.94,1
Tata,Altroz,2024,CNG,Automatic,24005,Third,Ahmedabad,26,1199,8,1152701,1009304,948745,21,6,1,139689,87.56,8.89,8,42.05,0
Honda,Amaze,2013,Diesel,Manual,300441,Third,Ahmedabad,17,1199,1,806616,120992,99213,80,18,12,709169,15,2.73,7,0.4,0
Mahindra,XUV300,2018,Petrol,Automatic,170834,Fourth,Delhi,16,1199,4,986973,455981,405823,59,11,7,526527,46.2,5.95,8,2.67,0
Ford,Figo,2019,Diesel,Manual,72065,Second,Pune,22,1194,7,893257,467084,383008,52,18,6,436308,52.29,7.34,6,6.48,0
Hyundai,i20,2025,Petrol,Automatic,500,First,Pune,19,1197,10,1137225,1080363,939915,12,13,0,0,95,10,10,2160.73,0
Hyundai,i20,2025,Diesel,Manual,609,Second,Surat,19,1197,9,1132025,1075423,1010897,22,6,0,0,95,9.79,8,1765.88,0
Skoda,Kodiaq,2019,Diesel,Automatic,108021,Second,Hyderabad,,1984,6,4191596,2125139,1827619,42,14,6,2154660,50.7,6.88,5,19.67,1
MG,Hector,2024,Diesel,Manual,19366,Second,Kolkata,16,1956,10,2482402,2140078,2054474,23,4,1,289259,86.21,7.94,6,110.51,0
Honda,HR-V,2021,Diesel,Manual,41798,Second,Nagpur,19,1498,6,1477054,981059,814278,44,17,4,508156,66.42,6.23,7,23.47,0
Mahindra,Scorpio,2018,Petrol,Manual,197031,Fourth,Mumbai,19,2184,4,1617305,747518,598014,46,20,7,830062,46.22,4.24,7,3.79,0
Mahindra,Thar,2014,Diesel,Manual,236274,Second,Pune,16,2184,5,1666095,249914,214926,60,14,11,1637530,15,5.33,7,1.06,0
Kia,Sonet,2019,CNG,Automatic,79242,Second,Chennai,26,1197,6,1056773,488757,478981,51,2,6,580540,46.25,7.26,7,6.17,0
Toyota,Urban Cruiser,2022,Petrol,Automatic,34468,First,Chandigarh,19,1464,9,1229349,847636,796777,41,6,3,399217,68.95,9.54,8,60.53,0
Toyota,Innova,2025,Petrol,Automatic,22,Fourth,Lucknow,18,2393,8,2890691,2746156,2526463,35,8,0,0,95,7.15,8,124825.27,0
Renault,Duster,2017,Petrol,Manual,202263,Third,Coimbatore,18,1498,7,1178177,448060,412215,55,8,8,713905,38.03,5.95,6,2.22,0
Tata,Punch,2014,CNG,Manual,87829,First,Pune,29,1199,4,667292,109035,91589,45,16,11,561743,16.34,4.98,8,1.24,0
Mahindra,Thar,2023,Petrol,Manual,39280,Second,Mumbai,13,2184,9,2296506,1732484,1576560,37,9,2,515500,75.44,7.72,9,44.11,0
Tata,Nexon,2021,Petrol,Manual,65040,First,Jaipur,19,1495,6,1238561,786857,645222,44,18,4,427623,63.53,8.45,8,12.1,0
Maruti,Swift,2022,Petrol,Manual,35800,Second,Nagpur,16,1197,7,903792,622351,528998,37,15,3,261151,68.86,6.9,9,17.38,0
Honda,Jazz,2024,Petrol,Automatic,9822,First,Hyderabad,17,1199,10,1104761,947995,834235,37,12,1,126468,85.81,8.13,7,96.52,0
Mahindra,Scorpio,2023,Diesel,Manual,33403,Second,Mumbai,21,2184,7,2010801,1623319,1525919,42,6,2,385234,80.73,9.67,9,48.6,0
Maruti,Alto,2022,Petrol,Automatic,41092,Second,Pune,22,796,8,524737,358972,344613,24,4,3,157082,68.41,9.02,10,8.74,0
Tata,Punch,2020,Petrol,Automatic,49617,Second,Chandigarh,20,1199,10,1067183,633266,614268,46,3,5,456762,59.34,9.56,7,12.76,0
Hyundai,Venue,2025,Diesel,Manual,500,First,Coimbatore,27,1197,10,1296478,1231654,1096172,34,11,0,0,95,8.58,10,2463.31,0
Maruti,Dzire,2023,Diesel,Manual,50333,Fourth,Bhopal,19,1197,8,931698,772284,695055,33,10,2,164193,82.89,9.15,10,15.34,0
Mahindra,Thar,2020,Petrol,Automatic,90197,Second,Bhopal,14,2184,7,2109545,1291885,1201453,48,7,5,872204,61.24,7.57,7,14.32,0
Honda,Elevate,2021,Diesel,Automatic,36154,First,Jaipur,26,1200,7,1032588,717029,695518,39,3,4,300022,69.44,6.36,8,19.83,0
Skoda,Slavia,2022,Diesel,Manual,55862,Second,Chandigarh,28,1498,9,1669273,1206550,1013502,25,16,3,495770,72.28,9.33,7,21.6,0
Toyota,Glanza,2014,Diesel,Manual,210941,Second,Nagpur,18,1197,3,683636,156621,133127,50,15,11,527567,22.91,5.46,9,0.74,0
Kia,Seltos,2019,Petrol,Manual,82699,Second,Chandigarh,22,1497,7,1254807,636312,604496,53,5,6,643929,50.71,8.09,8,7.69,0
Hyundai,Aura,2018,Petrol,Manual,165116,Fourth,Pune,15,1197,5,717065,359034,323130,37,10,7,379021,50.07,6.32,9,2.17,0
Kia,Seltos,2014,Petrol,Automatic,87785,First,Hyderabad,18,1497,5,1039058,155858,132479,57,15,11,947772,15,6.38,8,1.78,0
Ford,Aspire,2015,Petrol,Manual,124401,First,Hyderabad,13,1194,3,831782,164526,141492,43,14,10,689807,19.78,5.03,4,1.32,0
Hyundai,Creta,2023,Diesel,Manual,27726,Second,Bhopal,28,1493,8,1627550,1265094,1227141,30,3,2,314988,77.73,8.1,10,45.63,0
Kia,Carens,2023,Petrol,Manual,21424,First,Mumbai,18,1499,9,1596785,1284134,1207085,43,6,2,274086,80.42,9.29,6,59.94,0
Maruti,Swift,2023,Petrol,Manual,20988,Third,Kolkata,21,1195,9,951904,751337,706256,48,6,2,207205,78.93,8.8,10,35.8,0
Kia,Sonet,2025,Diesel,Manual,500,First,Nagpur,19,1197,9,1191730,1132143,1041571,31,8,0,0,95,7.23,6,2264.29,0
Maruti,Dzire,2023,Petrol,Manual,22162,Second,Chennai,14,1197,8,1052881,851570,800475,42,6,2,195896,80.88,10,10,38.42,0
Skoda,Octavia,2020,Petrol,Automatic,82638,Second,Nagpur,18,1984,7,3541716,2163988,2012508,36,7,5,1407993,61.1,5.83,7,26.19,1
MG,Astor,2024,PETROL,Automatic,9476,Second,Delhi,13,1497,10,1574941,1352401,1176588,35,13,1,210555,85.87,9.08,7,142.72,0
Nissan,Kicks,2020,Petrol,Manual,79119,Second,Chennai,16,1461,6,1184196,694057,666294,51,4,5,522468,58.61,5.78,4,8.77,0
Kia,Sonet,2021,CNG,Automatic,76817,Second,Hyderabad,23,1197,10,1182900,763207,663990,39,13,4,423238,64.52,7.57,7,9.94,0
Hyundai,Aura,2025,Petrol,Manual,500,First,Coimbatore,17,1197,10,1040203,988192,849845,11,14,0,0,95,9.8,10,1976.38,0
Maruti,Alto,2023,Petrol,Manual,31705,First,Pune,13,796,7,561885,429448,416564,31,3,2,125162,76.43,9.4,10,13.55,0
Nissan,Kicks,2010,Petrol,Automatic,214755,Fourth,Chandigarh,13,1461,1,669744,100461,84387,80,16,15,702637,15,1.31,5,0.47,0
Tata,Punch,2019,CNG,Automatic,136863,Second,Chennai,28,1199,7,1026682,544449,479115,30,12,6,470912,53.03,8.59,8,3.98,0
Maruti,Dzire,2024,Petrol,Automatic,16707,First,Hyderabad,17,1197,10,994751,863742,716905,28,17,1,116998,86.83,10,10,51.7,0
Maruti,Alto,2023,Petrol,Manual,39183,Second,Coimbatore,15,796,9,541424,401357,361221,31,10,2,123885,74.13,8.12,10,10.24,0
Volkswagen,Vento,2021,Diesel,Manual,75635,Second,Ahmedabad,24,1598,8,1233091,894484,787145,50,12,4,354447,72.54,7.29,5,11.83,0
Nissan,Kicks,2013,Petrol,Automatic,145148,Second,Pune,16,1461,3,788872,118330,112413,66,5,12,719881,15,4.22,4,0.82,0
Renault,Duster,2019,Diesel,Manual,107273,Second,Chennai,22,1498,5,1245287,693998,569078,35,18,6,583182,55.73,6.94,7,6.47,0
MG,Hector,2023,Petrol,Automatic,25929,First,Lucknow,17,1956,10,2104092,1686850,1400085,16,17,2,373890,80.17,8.18,8,65.06,0
Hyundai,Verna,2022,Petrol,Manual,90574,Fourth,Nagpur,20,1497,6,1382459,948643,787373,,17,3,456865,68.62,7.24,9,10.47,0
Maruti,Ertiga,2022,Diesel,Automatic,70950,Second,Chandigarh,23,1462,9,1268336,863102,716374,42,17,3,376141,68.05,8.18,10,12.16,0
Kia,Carens,2018,Petrol,Manual,155427,Third,Bhopal,17,1497,5,1364227,566154,520861,60,8,7,791043,41.5,4.38,6,3.64,0
Toyota,Innova,2019,Diesel,Manual,65903,First,Surat,17,2393,5,2649029,1461734,1286325,37,12,6,1211844,55.18,6.05,10,22.18,0
Volkswagen,Virtus,2021,Diesel,Automatic,65131,First,Nagpur,26,1498,9,1314935,922952,830656,22,10,4,363727,70.19,6.89,5,14.17,0
Kia,Sonet,2024,Petrol,Automatic,17184,Second,Bangalore,21,1197,10,1324296,1154653,1131559,13,2,1,178476,87.19,8.43,8,67.19,0
Nissan,Magnite,2017,Petrol,Manual,124613,Second,Bhopal,14,997,5,892030,312656,265757,45,15,8,575847,35.05,5.12,5,2.51,0
Toyota,Camry,2019,Diesel,Automatic,94883,First,Ahmedabad,18,2487,5,6140352,3336053,2835645,41,15,6,2828524,54.33,6.73,9,35.16,1
Hyundai,Aura,2018,Petrol,Manual,119941,First,Lucknow,20,1196,6,746052,296257,245893,34,17,7,428056,39.71,5.97,8,2.47,0
Maruti,WagonR,2020,Petrol,Automatic,82023,First,Hyderabad,20,1197,7,713461,387623,317850,27,18,5,316163,54.33,7.52,10,4.73,0
Maruti,Swift,2022,CNG,Manual,39748,Second,Surat,23,1197,9,871326,617857,574607,22,7,3,250099,70.91,7.73,9,15.54,0
Maruti,Ertiga,2015,CNG,Manual,135923,Second,Chennai,24,1462,4,938066,275040,239284,66,13,10,674061,29.32,6.31,10,2.02,0
Skoda,Octavia,2014,Diesel,Automatic,149227,First,Chennai,28,1984,4,2340789,594560,529158,50,11,11,1775312,25.4,5.02,7,3.98,1
Mahindra,XUV300,2014,Petrol,Automatic,160840,Second,Coimbatore,21,1199,3,779608,159351,140228,,12,11,629020,20.44,5.15,9,0.99,0
Skoda,Octavia,2019,Petrol,Automatic,112550,Fourth,Mumbai,16,1984,6,3163061,1705522,1500859,34,12,6,1448201,53.92,7.61,6,15.15,1
Nissan,Magnite,2024,Diesel,Manual,27752,Third,Surat,27,999,10,1155707,1028925,812850,36,21,1,130349,89.03,6.59,4,37.08,0
Volkswagen,Polo,2025,Diesel,Manual,500,First,Chennai,27,999,10,1255625,1192843,1049701,21,12,0,0,95,10,6,2385.69,0
Tata,Altroz,2023,Petrol,Manual,40274,First,Bangalore,20,1199,8,978261,774684,759190,34,2,2,202621,79.19,8.47,9,19.24,0
Renault,Kiger,2024,Petrol,Manual,15509,First,Coimbatore,21,999,10,963708,856736,805331,22,6,1,125649,88.9,7.69,5,55.24,0
Ford,EcoSport,2023,PETROL,Manual,21371,First,Chennai,14,1497,10,1372588,1155581,947576,36,18,2,243683,84.19,8.1,5,54.07,0
Kia,Seltos,2025,Petrol,Automatic,2646,Second,Delhi,14,1497,10,1428226,1356814,1302541,21,4,0,0,95,10,8,512.78,0
MG,Gloster,2024,Petrol,Automatic,10645,Third,Surat,18,1996,9,4573248,4048696,3522365,31,13,1,513535,88.53,8.63,6,380.34,1
Ford,Endeavour,2024,Petrol,Automatic,14350,Third,Ahmedabad,17,1996,9,6171823,5610187,4768658,38,15,1,736461,90.9,9.51,6,390.95,1
Mahindra,Bolero,2010,Diesel,Automatic,327994,Third,Coimbatore,22,1493,1,701973,105295,93712,65,11,15,795541,15,5.28,9,0.32,0
Renault,Kiger,2022,Petrol,Manual,49028,First,Surat,16,1001,7,908340,625028,575025,32,8,3,290796,68.81,7.91,5,12.75,0
Nissan,Magnite,2021,Petrol,Manual,85945,Fourth,Hyderabad,14,999,5,931147,608504,517228,54,15,4,333107,65.35,4.91,4,7.08,0
Skoda,Kushaq,2024,Petrol,Manual,13586,First,Chandigarh,16,1498,10,1634075,1483249,1334924,21,10,1,190751,90.77,8.68,6,109.17,0
Skoda,Octavia,2023,Petrol,Automatic,20087,Second,Mumbai,15,1984,10,3705320,2917939,2626145,13,10,2,774938,78.75,9.34,6,145.27,1
Maruti,Brezza,2022,Diesel,Manual,50952,Second,Bhopal,24,1462,9,1134821,742059,675273,26,9,3,372687,65.39,9.23,10,14.56,0
Skoda,Kodiaq,2017,Diesel,Automatic,182623,Second,Bhopal,18,1984,4,4389413,1894031,1609926,43,15,8,2493994,43.15,6.36,5,10.37,1
Hyundai,Creta,2023,Petrol,Manual,15806,Second,Chandigarh,15,1493,9,1602263,1242074,1105445,33,11,2,314581,77.52,7.51,8,78.58,0
Maruti,Ciaz,2024,Petrol,Manual,15211,Second,Nagpur,17,1462,10,1187386,1024357,870703,37,15,1,158942,86.27,10,9,67.34,0
Volkswagen,Polo,2022,Diesel,Manual,75840,Fourth,Chandigarh,26,999,7,1008133,736138,588910,35,20,3,275350,73.02,5.53,5,9.71,0
Nissan,Terrano,2020,Diesel,Automatic,72292,Second,Bangalore,20,1461,8,1253574,711152,661371,37,7,5,526699,56.73,7.33,5,9.84,0
Mahindra,Bolero,2021,Petrol,Automatic,55460,Second,Jaipur,14,1493,8,1355636,938371,816382,22,13,4,382664,69.22,7.92,7,16.92,0
Hyundai,Aura,2024,CNG,Manual,16255,First,Kolkata,24,1197,10,880647,775497,697947,39,10,1,101141,88.06,9.92,10,47.71,0
Renault,Kwid,2023,Petrol,Automatic,21859,First,Mumbai,15,799,9,609145,486585,452524,22,7,2,110551,79.88,9.57,7,22.26,0
Volkswagen,Polo,2023,Diesel,Manual,36086,Third,Kolkata,19,999,6,940674,722061,592090,32,18,2,208591,76.76,7.29,6,20.01,0
Kia,Sonet,2024,Petrol,Manual,6465,First,Pune,20,1197,10,1178576,992596,962818,26,3,1,150601,84.22,7.67,6,153.53,0
Maruti,Dzire,2015,Diesel,Manual,152805,Second,Delhi,23,1197,3,659553,98932,85081,42,14,10,585262,15,6.53,10,0.65,0
Nissan,Kicks,2021,CNG,Automatic,104063,Third,Bhopal,28,1461,6,1342344,919371,707915,40,23,4,404757,68.49,6.38,4,8.83,0
Nissan,Terrano,2024,Petrol,Manual,15723,Third,Surat,21,1461,10,1381089,1209695,1016143,45,16,1,188931,87.59,9.91,6,76.94,0
Hyundai,Creta,2023,Petrol,Manual,16924,Second,Chandigarh,22,1495,9,1754933,1453961,1250406,30,14,2,310515,82.85,8.79,10,85.91,0
Tata,Harrier,2013,Petrol,Manual,360365,Third,Coimbatore,13,1956,1,1430343,214551,201677,76,6,12,1306162,15,3.18,8,0.6,0
Kia,Seltos,2020,Petrol,Manual,113090,Third,Bangalore,16,1497,5,1252915,784575,745346,42,5,5,500630,62.62,7.73,7,6.94,0
Hyundai,Creta,2017,Petrol,Manual,222443,Fourth,Chandigarh,17,1493,4,1224330,471367,433657,55,8,8,724218,38.5,7.11,9,2.12,0
Honda,Elevate,2018,Petrol,Automatic,84685,First,Kolkata,,1200,5,1068377,525855,504820,59,4,7,559241,49.22,4.58,7,6.21,0
Tata,Tigor,2021,Petrol,Manual,55533,Second,Mumbai,15,1199,6,773940,575966,489571,24,15,4,213573,74.42,6.59,8,10.37,0
Renault,Kiger,2021,Petrol,Manual,85689,Third,Jaipur,18,999,6,841758,619281,495424,42,20,4,246970,73.57,6.83,7,7.23,0
Maruti,Dzire,2020,CNG,Manual,119727,Third,Bangalore,29,1197,5,1019516,563588,512865,46,9,5,466611,55.28,8.75,10,4.71,0
Maruti,WagonR,2024,Diesel,Automatic,20312,Third,Bhopal,18,1197,10,866375,757558,636348,34,16,1,117504,87.44,10,10,37.3,0
Honda,Elevate,2023,Petrol,Automatic,32516,Third,Bhopal,19,1200,6,1251983,955137,840520,49,12,2,261277,76.29,7.71,8,29.37,0
Ford,Figo,2020,Petrol,Manual,103704,Fourth,Chandigarh,19,1194,7,805145,458852,417555,45,9,5,328297,56.99,7.34,5,4.42,0
Mahindra,XUV300,2021,Petrol,Manual,102861,Fourth,Pune,18,1199,5,1048207,662990,556911,49,16,4,381881,63.25,7.95,7,6.45,0
Maruti,WagonR,2025,Petrol,Manual,500,Second,Hyderabad,21,1197,10,979131,930174,865061,17,7,0,0,95,9.78,9,1860.35,0
Kia,Sonet,2020,Diesel,Automatic,50143,First,Kolkata,18,1197,8,1051053,614025,521921,44,15,5,461716,58.42,6.23,7,12.25,0
Mahindra,XUV700,2016,Petrol,Manual,104831,First,Chandigarh,19,2184,4,2045563,647216,550133,52,15,9,1383628,31.64,5.73,8,6.17,1
Maruti,Swift,2014,Petrol,Manual,245453,Third,Mumbai,17,1197,2,636086,95412,72513,55,24,11,606884,15,3.56,9,0.39,0
Skoda,Slavia,2021,Diesel,Manual,92012,Third,Mumbai,27,1498,6,1451955,953789,858410,37,10,4,489075,65.69,5.22,6,10.37,0
Maruti,Ciaz,2020,Diesel,Manual,50908,First,Chandigarh,21,1462,6,1031762,547143,492428,37,10,5,457882,53.03,6.54,10,10.75,0
Renault,Kiger,2023,CNG,Automatic,25913,First,Delhi,22,999,9,1090831,856847,728319,22,15,2,233353,78.55,6.97,5,33.07,0
Volkswagen,Virtus,2020,Petrol,Manual,60730,First,Delhi,19,1498,8,1569284,869226,756226,34,13,5,686039,55.39,6.3,5,14.31,0
Kia,EV6,2019,Petrol,Manual,129211,Second,Chennai,13,0,6,7382017,3358817,2787818,32,17,6,3855327,45.5,5.29,7,25.99,1
Ford,Endeavour,2024,Petrol,Automatic,15650,Third,Coimbatore,22,1996,10,6675055,5645761,4573066,30,19,1,835186,84.58,8.27,6,360.75,1
Mahindra,XUV700,2024,Diesel,Automatic,11907,First,chandigarh,16,2184,10,2574841,2361129,2125016,8,10,1,285616,91.7,9.21,9,198.3,1
Renault,Kiger,2021,Petrol,Manual,61922,Second,Mumbai,16,999,8,862825,600871,582844,41,3,4,273888,69.64,6.5,6,9.7,0
Mahindra,XUV300,2025,Petrol,Manual,1624,Second,Kolkata,22,1199,10,1269549,1206071,1085463,22,10,0,0,95,8.53,8,742.65,0
Honda,HR-V,2012,Petrol,Automatic,135339,First,Kolkata,13,1498,3,899097,134864,121377,67,10,13,1027734,15,6.16,9,1,0
Nissan,Terrano,2021,Diesel,Automatic,33575,First,Mumbai,15,1461,6,1190853,747141,717255,46,4,4,432378,62.74,5.79,6,22.25,0
Renault,Triber,2016,Diesel,Manual,183460,Second,Mumbai,20,999,5,642874,157182,139891,46,11,9,495006,24.45,5.97,7,0.86,0
Honda,Elevate,2024,Petrol,Automatic,16862,Fourth,Mumbai,16,1200,8,1307378,1125783,1046978,40,7,1,156214,86.11,8.96,7,66.76,0
Tata,Altroz,2023,Petrol,Manual,30102,First,Jaipur,21,1199,8,879578,717031,609476,22,15,2,161605,81.52,7.41,9,23.82,0
Mahindra,XUV300,2023,Diesel,Manual,37545,First,Nagpur,20,1199,8,1314094,1085835,1009826,25,7,2,244064,82.63,7.62,9,28.92,0
Nissan,Magnite,2023,Petrol,Manual,30817,Fourth,Ahmedabad,19,999,7,926489,727015,639773,,12,2,173761,78.47,5.25,4,23.59,0
MG,ZS EV,2021,Electric,Manual,63141,First,Kolkata,342,0,7,2621793,1867765,1718343,27,8,4,788752,71.24,8.38,6,29.58,1
Hyundai,Verna,2021,Petrol,Manual,45446,First,Delhi,18,1497,6,1366073,859259,747555,45,13,4,489388,62.9,7.88,9,18.91,0
Maruti,Ertiga,2024,Petrol,Manual,17543,Second,Lucknow,15,1462,9,1307780,1110828,1066394,20,4,1,172770,84.94,8.65,10,63.32,0
Kia,Seltos,2019,Petrol,Manual,134565,Third,Hyderabad,20,1497,6,1234603,679155,611239,37,10,6,528479,55.01,5.43,8,5.05,0
Hyundai,Alcazar,2021,Diesel,Manual,83805,Second,Lucknow,16,1999,6,2302205,1678537,1393185,38,17,4,655882,72.91,7.08,9,20.03,0
Mahindra,XUV700,2021,Petrol,Automatic,50605,Second,Surat,15,2184,7,2730802,1929857,1852662,36,4,4,796664,70.67,6.76,7,38.14,1
Maruti,Brezza,2020,Diesel,Manual,65963,First,Delhi,17,1462,7,1016226,535754,508966,29,5,5,455274,52.72,8.77,10,8.12,0
Ford,Figo,2019,Petrol,Manual,130045,Third,Coimbatore,22,1194,6,823178,400558,304424,59,24,6,446710,48.66,4.8,5,3.08,0
Mahindra,Scorpio,2020,Petrol,Manual,83806,First,Kolkata,18,2184,8,1835932,1153699,1119088,24,3,5,714523,62.84,,9,13.77,0
Mahindra,XUV400,2023,Petrol,Manual,40785,Second,Kolkata,19,0,9,2196857,1794173,1596813,16,11,2,455306,81.67,7.58,8,43.99,0
Renault,Kwid,2024,Diesel,Manual,12339,Second,Chandigarh,26,799,10,657315,574690,471245,29,18,1,81249,87.43,8.37,7,46.58,0
Toyota,Fortuner,2022,Petrol,Automatic,28764,First,Nagpur,22,2755,8,5339325,4083515,3797668,43,7,3,1407682,76.48,7,8,141.97,1
Mahindra,Bolero,2023,Petrol,Automatic,24189,First,Jaipur,18,1493,8,1281025,1042498,927823,37,11,2,273895,81.38,6.85,7,43.1,0
Kia,Sonet,2014,Petrol,Manual,188190,Fourth,Lucknow,21,1197,3,710020,106503,101177,66,5,11,600853,15,5.39,6,0.57,0
Mahindra,XUV400,2018,Diesel,Manual,95759,Third,Chandigarh,23,0,4,1834087,879628,694906,46,21,7,907139,47.96,6.76,9,9.19,0
Kia,Seltos,2021,Petrol,Automatic,61932,First,Kolkata,22,1496,8,1383564,1009448,928692,33,8,4,397991,72.96,8.34,7,16.3,0
MG,Gloster,2016,Petrol,Automatic,121184,Third,Ahmedabad,19,1996,3,3048290,823038,691351,54,16,9,2176766,27,4.76,8,6.79,1
Kia,EV6,2023,CNG,Automatic,49559,Second,Chandigarh,22,0,9,7913626,6545360,5956277,34,9,2,1507735,82.71,7.7,8,132.07,1
Maruti,Baleno,2022,Petrol,Manual,70413,Second,Coimbatore,20,1197,7,879831,646939,588714,24,9,3,258090,73.53,6.8,9,9.19,0
Tata,Punch,2025,Petrol,Manual,4326,Second,Kolkata,18,1199,10,1256820,1193979,1146219,21,4,0,0,95,9.27,9,276,0
Honda,Elevate,2018,Petrol,Manual,125508,Second,Lucknow,21,1200,6,1085280,443662,372676,49,16,7,626544,40.88,7.51,9,3.53,0
Toyota,Glanza,2021,Petrol,Manual,72507,Second,Chennai,19,1196,6,1033882,639042,530404,47,17,4,372046,61.81,6.83,10,8.81,0
Maruti,Baleno,2024,CNG,Automatic,20074,Second,Kolkata,23,1197,10,1059556,963560,944288,19,2,1,122565,90.94,9.48,10,76.58,0
Hyundai,i20,2021,Petrol,Manual,80709,Second,Pune,17,1197,8,1086686,784369,651026,26,17,4,318225,72.18,7.15,8,9.72,0
Nissan,Terrano,2014,Diesel,Manual,125278,First,Ahmedabad,19,1460,3,913241,193424,187621,49,3,11,738922,21.18,2.82,5,1.54,0
Mahindra,XUV700,2023,Diesel,Automatic,52011,Fourth,Mumbai,,2184,6,3091302,2367937,2060105,35,13,2,695235,76.6,7.06,7,45.53,1
Renault,Triber,2022,Petrol,Automatic,68113,Second,Delhi,18,999,9,896232,624404,543231,26,13,3,263626,69.67,8.65,7,9.17,0
Mahindra,XUV300,2024,Petrol,Manual,22798,Second,Kolkata,16,1199,10,1212651,1118428,1017769,33,9,1,124441,92.23,8.79,7,115.09,0
Maruti,Swift,2024,Petrol,Automatic,10123,Second,Bangalore,13,1197,10,899735,787538,771787,36,2,1,102142,87.53,9.9,9,77.8,0
Honda,Jazz,2022,Petrol,Manual,39978,Third,Delhi,15,1199,7,1106601,757136,688993,43,9,3,363595,68.42,6.23,7,18.94,0
Hyundai,Aura,2016,Petrol,Automatic,177784,Second,Mumbai,17,1197,5,649612,108420,88904,35,18,9,535760,16.69,7.5,10,0.61,0
Ford,Figo,2019,Petrol,Manual,91690,First,Chennai,16,1194,5,924056,483281,439785,37,9,6,463806,52.3,4.64,6,5.27,0
Honda,City,2024,Petrol,Automatic,13727,First,Chandigarh,13,1497,10,1447623,1261892,1160940,13,8,1,170160,87.17,8.58,9,91.93,0
Honda,WR-V,2024,Petrol,Manual,11989,First,Chennai,19,1199,9,1211095,1034032,971990,31,6,1,141433,85.38,9.99,9,86.25,0
Honda,Jazz,2010,Petrol,Automatic,144671,First,Nagpur,22,1199,1,718151,107722,102335,63,5,15,750639,15,3.06,8,0.74,0
Renault,Duster,2023,Diesel,Manual,27184,First,Coimbatore,18,1498,8,1321301,1073424,923144,25,14,2,259047,81.24,6.59,5,39.49,0
Maruti,Ciaz,2022,Diesel,Automatic,52802,Second,Chennai,20,1462,7,1208914,876946,859407,25,2,3,337580,72.54,7.35,10,16.61,0
Mahindra,XUV700,2024,CNG,Automatic,19600,Second,Lucknow,22,2184,10,3029774,2791330,2679676,16,4,1,320942,92.13,10,8,142.41,1
Tata,Nexon,2023,Diesel,Manual,42644,Fourth,Coimbatore,28,1497,7,1344513,1110298,932650,45,16,2,262218,82.58,7.53,8,26.04,0
Renault,Kwid,2023,Petrol,Manual,19651,First,Chandigarh,17,799,10,656877,501197,410981,28,18,2,141703,76.3,8.55,7,25.5,0
Mahindra,XUV400,2021,Petrol,Automatic,79721,Third,Delhi,18,0,6,1948545,1406849,1181753,42,16,4,593865,72.2,5.96,7,17.65,0
Volkswagen,Virtus,2021,CNG,Manual,78650,Third,Coimbatore,26,1498,5,1423576,1055866,960838,60,9,4,390966,74.17,5.47,7,13.42,0
Kia,Sonet,2024,Petrol,Automatic,15223,Fourth,Jaipur,21,1197,10,1196032,1078222,894924,14,17,1,135544,90.15,8.35,7,70.83,0
Tata,Tiago,2020,Petrol,Manual,49747,First,Bangalore,20,1198,6,770040,473266,392810,33,17,5,293049,61.46,7.72,7,9.51,0
Hyundai,i20,2022,Petrol,Manual,29882,First,Surat,19,1197,10,1164453,784375,713781,36,9,3,371170,67.36,7.85,8,26.25,0
MG,Gloster,2017,Petrol,Automatic,107917,First,Surat,14,1996,4,3198043,1040323,894677,50,14,8,2079358,32.53,6.95,7,9.64,1
Renault,Duster,2024,CNG,Automatic,20974,Second,Hyderabad,24,1498,10,1432775,1206109,1025192,39,15,1,189972,84.18,9.18,7,57.5,0
Maruti,Brezza,2019,Petrol,Automatic,100332,Second,Coimbatore,14,1462,6,1027576,542662,499249,46,8,6,484443,52.81,6.54,10,5.41,0
Mahindra,Bolero,2022,Diesel,Manual,54454,Third,Ahmedabad,28,1493,6,1292696,877223,763184,40,13,3,407183,67.86,,7,16.11,0
Ford,Endeavour,2023,Diesel,Automatic,43074,Fourth,Ahmedabad,22,1995,6,6596638,5368344,4938876,18,8,2,1310076,81.38,6.23,6,124.63,1
Ford,EcoSport,2019,Diesel,Manual,121112,Third,Bangalore,16,1497,5,1036175,636004,540603,38,15,6,426965,61.38,4.66,4,,0
Renault,Triber,2020,CNG,Manual,116156,Third,Kolkata,29,998,6,801088,475365,427828,44,10,5,349071,59.34,6.42,7,4.09,0
Kia,Sonet,2023,CNG,Manual,33406,Second,Surat,24,1197,10,1263733,1057491,1025766,13,3,2,228035,83.68,7.46,6,31.66,0
Hyundai,Aura,2022,CNG,Automatic,55185,Second,Chennai,23,1197,9,917296,637612,554722,26,13,3,283399,69.51,9.35,9,11.55,0
Hyundai,Venue,2022,Petrol,Automatic,73229,Third,Ahmedabad,21,1197,8,1026247,720938,648844,36,10,3,316101,70.25,9.78,10,9.84,0
Ford,Figo,2020,Diesel,Automatic,94936,Third,Kolkata,16,1194,7,921957,608768,553978,58,9,5,330517,66.03,5.86,4,6.41,0
Tata,Tiago,2025,CNG,Automatic,500,Fourth,Nagpur,30,1199,9,905498,860223,688178,39,20,0,0,95,7.64,7,1720.45,0
Kia,EV6,2025,Petrol,Manual,5424,Fourth,Delhi,17,0,9,9982350,9483232,7776250,21,18,0,0,95,10,8,1748.38,1
Ford,EcoSport,2017,Diesel,Automatic,130039,Second,Surat,24,1497,5,894023,289127,271779,47,6,8,589288,32.34,4.11,5,2.22,0
Maruti,Brezza,2020,Petrol,Manual,105947,Second,Bhopal,18,1462,6,1043339,604301,537827,39,11,5,417523,57.92,6.84,9,5.7,0
Ford,EcoSport,2012,Petrol,Automatic,202545,Second,Chandigarh,19,1497,3,698096,104714,101572,54,3,13,748546,15,3.52,6,0.52,0
Kia,EV6,2024,Diesel,Automatic,20849,Second,Bangalore,20,0,9,9137502,8244768,6843157,25,17,1,948516,90.23,6.93,6,395.45,1
Toyota,Camry,2025,Petrol,Manual,557,Second,Chennai,20,2487,9,5962675,5664541,5211377,18,8,0,0,95,8.33,9,10169.73,1
Mahindra,XUV400,2022,Petrol,Manual,65798,Third,Ahmedabad,21,0,7,1921886,1323410,1058728,55,20,3,624877,68.86,8.75,7,20.11,0
MG,ZS EV,2015,Diesel,Automatic,88980,First,Jaipur,28,0,5,2153389,570648,524996,40,8,10,1577207,26.5,5.48,7,6.41,1
Honda,HR-V,2022,Petrol,Automatic,35878,First,Surat,14,1498,7,1821448,1201973,1117834,28,7,3,602590,65.99,7.01,8,33.5,0
Ford,EcoSport,2019,Petrol,Manual,54492,First,Nagpur,19,1497,7,1205282,619997,582797,33,6,6,550722,51.44,5.88,5,11.38,0
Nissan,Terrano,2012,Petrol,Automatic,216821,First,Pune,15,1461,3,739802,110970,96543,59,13,13,877994,15,5.36,6,0.51,0
Maruti,Alto,2022,Petrol,Manual,46374,First,Chandigarh,18,796,8,586424,397712,389757,37,2,3,192733,67.82,9.74,10,,0
Maruti,Ertiga,2017,Petrol,Manual,123775,Third,Jaipur,15,1462,3,860203,289200,268956,54,7,8,549006,33.62,6.43,10,2.34,0
Honda,Amaze,2013,CNG,Automatic,210477,Second,Bangalore,,1199,2,633534,95030,80775,55,15,12,633130,15,4.53,8,0.45,0
Hyundai,Aura,2024,Petrol,Manual,18614,Third,Bangalore,15,1197,10,1060459,949959,807465,31,15,1,114051,89.58,8.78,8,51.03,0
Toyota,Fortuner,2024,Petrol,Automatic,16001,Third,Hyderabad,19,2755,10,5592591,5140709,4935080,27,4,1,598701,91.92,10,10,321.27,1
Hyundai,Venue,2012,Petrol,Manual,190644,Second,Kolkata,16,1197,2,727694,109154,104787,58,4,13,739446,15,4.35,9,1.06,0
Maruti,Alto,2021,Diesel,Automatic,122836,Third,Lucknow,22,796,7,468235,315543,290299,51,8,4,148698,67.39,7.74,10,2.57,0
Honda,HR-V,2025,Petrol,Automatic,4020,First,Lucknow,22,1498,10,1767468,1679094,1494393,17,11,0,0,95,8.86,9,417.69,0
Maruti,Ciaz,2021,Petrol,Automatic,87921,Third,Lucknow,17,1462,5,1136138,713040,549040,45,23,4,406376,62.76,6.19,10,8.11,0
Ford,Aspire,2015,Petrol,Manual,283466,Third,Ahmedabad,13,1194,4,680905,102135,85793,64,16,10,618222,15,4.74,4,0.36,0
Hyundai,Alcazar,2021,Petrol,Automatic,40737,First,Kolkata,22,1999,7,2167420,1603890,1491617,52,7,4,626322,74,8.93,8,39.37,0
Toyota,Camry,2024,Petrol,Automatic,10214,Second,Bangalore,14,2487,9,5785152,5034817,4581683,27,9,1,708976,87.03,8.73,10,,1
Skoda,Kushaq,2025,Diesel,Manual,500,Second,Bhopal,17,1498,10,1755718,1667932,1517818,20,9,0,0,95,7.45,6,3335.86,0
Maruti,Ciaz,2025,Petrol,Automatic,500,First,Kolkata,13,1462,9,1210718,1150182,1115676,23,3,0,0,95,10,9,2300.36,0
Skoda,Slavia,2025,Petrol,Automatic,2317,Second,Surat,13,1498,10,1562976,1484827,1425433,29,4,0,0,95,10,7,640.84,0
Renault,Kwid,2017,Petrol,Automatic,168028,Second,Pune,17,,6,509870,120635,104952,51,13,8,375055,23.66,7.64,7,0.72,0
Toyota,Glanza,2021,Petrol,Automatic,67733,Second,Nagpur,17,1197,6,1095375,741240,704178,54,5,4,379548,67.67,7.56,9,10.94,0
Hyundai,Venue,2021,Diesel,Manual,63077,First,Delhi,28,1197,8,1076852,700922,679894,31,3,4,347980,65.09,8.83,10,11.11,0
Skoda,Kodiaq,2024,Diesel,Automatic,22741,First,Jaipur,17,1984,9,6264993,5506302,5230986,17,5,1,695008,87.89,8.77,5,242.13,1
Renault,Kiger,2023,Petrol,Manual,25937,First,Bangalore,18,999,9,982019,785713,722855,44,8,2,223860,80.01,6.94,6,30.29,0
Toyota,Camry,2023,Petrol,Automatic,56122,Fourth,Pune,18,2487,6,6239341,5269747,4110402,36,22,2,1077276,84.46,6.95,10,93.9,1
Toyota,Camry,2022,Petrol,Automatic,40846,Third,Coimbatore,22,2487,6,6056468,4231654,3808488,44,10,3,1735789,69.87,6.11,8,103.6,1
Ford,Figo,2020,Diesel,Manual,79037,Third,Mumbai,,1194,6,865798,505885,470473,59,7,5,384202,58.43,6.29,4,6.4,0
Nissan,Magnite,2024,PETROL,Manual,15685,Second,Nagpur,17,999,10,960352,841940,757746,18,10,1,113803,87.67,9.35,5,53.68,0
Ford,Endeavour,2019,Diesel,Automatic,73828,First,Chandigarh,24,1996,7,4483480,2507610,2281925,20,9,6,1903417,55.93,5.2,4,33.97,1
Skoda,Kodiaq,2025,CNG,Manual,500,First,Pune,22,1984,9,5189430,4929958,4436962,11,10,0,0,95,8.18,7,9859.92,1
Tata,Punch,2016,Diesel,Automatic,182536,Second,Delhi,27,1201,4,786117,223178,218714,53,2,9,543945,28.39,5.73,9,1.22,0
MG,Astor,2019,Diesel,Automatic,101536,Third,Delhi,17,1497,5,1269311,586675,469340,43,20,6,694752,46.22,6.23,8,5.78,0
Ford,Aspire,2018,Petrol,Automatic,83951,First,Mumbai,20,1194,7,855921,422225,367335,45,13,7,453281,49.33,6.04,6,5.03,0
Mahindra,XUV700,2019,Petrol,Manual,88189,Second,Mumbai,21,2184,5,2370833,1063555,1042283,29,2,6,1242472,44.86,5.49,7,12.06,1
Hyundai,Alcazar,2019,CNG,Manual,116018,Second,Delhi,27,1997,5,1737633,852308,758554,56,11,6,918912,49.05,5.24,8,7.35,0
Ford,Aspire,2024,Petrol,Automatic,10321,First,Lucknow,15,1193,10,981619,841836,774489,38,8,1,131316,85.76,,4,81.57,0
Ford,Endeavour,2019,Diesel,Automatic,165593,Fourth,Mumbai,23,1996,4,4881139,2299992,1977993,46,14,6,2443035,47.12,4.46,4,13.89,1
Hyundai,i20,2023,Petrol,Manual,32384,Third,Pune,13,1197,8,1062006,871800,802056,30,8,2,209046,82.09,8.36,10,26.92,0
Skoda,Kodiaq,2024,Diesel,Automatic,14714,First,Delhi,23,1984,9,6201140,5553740,5220515,36,6,1,793039,89.56,7.58,6,377.45,1
Kia,Seltos,2017,Petrol,Manual,87671,Second,Lucknow,19,1497,5,1070792,304212,298127,39,2,8,779641,28.41,5.93,7,3.47,0
Nissan,Magnite,2019,CNG,Manual,116910,Second,Hyderabad,30,999,7,906777,453479,444409,26,2,6,473412,50.01,6.92,6,3.88,0
Tata,Tigor,2014,Petrol,Manual,2275020,Second,Mumbai,14,1199,4,562913,84436,77681,40,8,11,508534,15,6.62,8,0.37,0
Maruti,Ciaz,2021,Petrol,Automatic,48319,First,Chandigarh,13,1462,8,1032613,638051,548723,30,14,4,376199,61.79,7.8,10,22.23,0
Honda,Jazz,2023,Diesel,Automatic,28967,First,Kolkata,27,1199,9,1165614,931325,884758,36,5,2,231343,79.9,7.57,8,32.15,0
Toyota,Urban Cruiser,2020,Petrol,Manual,85370,First,Lucknow,19,1462,6,1036628,582273,506577,49,13,5,450323,56.17,7.12,9,6.82,0
Nissan,Magnite,2024,Petrol,Automatic,14723,Second,Kolkata,13,999,10,1114663,1004199,953989,38,5,1,116171,90.09,8.99,4,68.21,0
MG,ZS EV,2024,Diesel,Manual,19848,Second,Delhi,17,0,10,3482402,2947505,2446429,15,17,1,447130,84.64,8.04,7,148.5,1
MG,Astor,2024,Petrol,Manual,17392,First,Lucknow,22,1497,10,1493493,1349669,1295682,25,4,1,178757,90.37,7.93,8,77.6,0
Mahindra,XUV300,2024,Petrol,Manual,20197,Third,Chandigarh,16,1199,9,1165430,1005416,814386,37,19,1,136114,86.27,7.72,8,49.78,0
Maruti,Baleno,2020,Diesel,Manual,149015,Fourth,Chennai,17,1197,6,927349,626146,532224,44,15,5,318144,67.52,8.61,9,4.2,0
Nissan,Terrano,2016,Petrol,Automatic,157825,First,Lucknow,15,1461,5,1090724,223053,207439,34,7,9,870837,20.45,4.15,4,1.41,0
Skoda,Kodiaq,2020,Petrol,Manual,84218,First,Bhopal,17,1984,7,4860244,2735831,2407531,40,12,5,2136296,56.29,7.48,6,32.49,1
MG,Astor,2022,Petrol,Manual,33779,First,Chandigarh,19,1497,9,1352729,920396,809948,19,12,3,452665,68.04,8.05,7,27.25,0
Ford,Endeavour,2019,Diesel,Automatic,80881,First,Mumbai,27,1998,7,5461421,3069864,2854973,31,7,6,2375248,56.21,6.57,4,37.96,1
Ford,EcoSport,2022,Diesel,Manual,53479,Third,Ahmedabad,21,1497,8,1199617,833373,783370,49,6,3,331220,69.47,8.06,6,15.58,0
Kia,EV6,2013,Petrol,Automatic,137025,Second,Nagpur,17,0,2,5703921,855588,727249,69,15,12,6104806,15,4.68,6,6.24,1
Mahindra,XUV400,2024,CNG,Automatic,8536,First,Surat,22,0,10,2322622,2121947,1803654,14,15,1,251791,91.36,9.54,8,248.59,0
Ford,Figo,2023,Petrol,Manual,38030,Third,Bangalore,15,1194,8,1022473,805606,668652,25,17,2,202787,78.79,8.87,5,21.18,0
MG,ZS EV,2024,CNG,Manual,19621,First,Kolkata,28,0,10,3267261,2879110,2562407,13,11,1,337642,88.12,8.86,6,146.74,1
Tata,Nexon,2022,Diesel,Manual,40086,First,Mumbai,26,1497,7,1360958,1000168,820137,39,18,3,375854,73.49,9.2,9,24.95,0
Ford,Aspire,2018,Petrol,Automatic,92193,First,Delhi,14,1194,7,848934,374634,340916,39,9,7,463893,44.13,6.18,5,4.06,0
Maruti,Dzire,2024,Petrol,Manual,15914,First,Delhi,18,1197,10,1010463,895068,841363,17,6,1,131551,88.58,9.28,10,56.24,0
Renault,Kwid,2020,Diesel,Automatic,65107,First,Delhi,20,799,8,501741,283684,260989,39,8,5,225849,56.54,7.54,5,4.36,0
Hyundai,Alcazar,2019,CNG,Manual,101833,First,Jaipur,22,1998,6,2047790,1118298,939370,57,16,6,974438,54.61,8.12,8,10.98,0
Maruti,Ciaz,2023,Petrol,Manual,47682,Second,Delhi,13,1462,9,1287195,1058975,953077,41,10,2,237433,82.27,8.6,10,22.21,0
Kia,Sonet,2025,Petrol,Manual,2132,Third,Lucknow,18,1196,10,1236131,1174324,1045148,45,11,0,0,95,7.81,7,550.81,0
Maruti,Ciaz,2022,CNG,Automatic,85653,Third,Hyderabad,23,1462,7,1347526,974126,818265,47,16,3,380682,72.29,7.54,10,11.37,0
Volkswagen,Polo,2023,Petrol,Automatic,15678,Second,kolkata,13,999,10,1024798,868311,807529,23,7,2,177303,84.73,8.18,6,55.38,0
Ford,Aspire,2022,Diesel,Manual,37778,First,Delhi,23,1194,8,1034238,721898,635270,25,12,3,300569,69.8,8.09,5,19.11,0
Maruti,Dzire,2019,Petrol,Manual,119381,Second,Bhopal,17,1195,7,893833,492948,453512,48,8,6,378509,55.15,6.45,10,4.13,0
Tata,Safari,2016,Diesel,Automatic,161262,Second,Bhopal,,1956,4,1684672,341988,321468,44,6,9,1356719,20.3,5.38,9,,0
Ford,EcoSport,2025,Petrol,Manual,500,Third,Chandigarh,13,1497,9,1352747,1285109,1079491,24,16,0,0,95,8.95,6,2570.22,0
Honda,Elevate,2020,Petrol,Manual,145410,Third,Chennai,13,1200,7,1257686,723924,637053,40,12,5,510701,57.56,7.76,8,8.36,0
Mahindra,Bolero,2017,Petrol,Manual,75903,First,Pune,17,1493,6,938910,380164,349750,41,8,8,569113,40.49,7.41,9,5.01,0
Maruti,Swift,2019,Petrol,Manual,90409,First,Bangalore,15,1195,5,862306,436585,406024,38,7,6,449204,50.63,7.01,10,4.83,0
Maruti,Alto,2021,Diesel,Manual,52936,First,Surat,26,796,8,553673,354572,304931,29,14,4,183711,64.04,9.47,10,6.7,0
Toyota,Fortuner,2022,Petrol,Automatic,75396,Third,Kolkata,19,2755,10,4618859,3300174,2904153,36,12,3,1182455,71.45,10,8,43.77,1
Renault,Kiger,2025,Petrol,Manual,500,First,Hyderabad,21,999,9,923886,877691,798698,18,9,0,0,95,8.76,7,1755.38,0
Hyundai,Tucson,2025,CNG,Manual,500,Third,Bangalore,27,1998,8,4099352,3894384,3115507,26,20,0,0,95,,9,7788.77,1
Hyundai,Tucson,2011,Petrol,Automatic,202561,First,Nagpur,17,1998,2,2234130,335119,294904,55,12,14,2397684,15,5.72,10,1.65,1
Renault,Kwid,2021,CNG,Manual,69193,First,Surat,21,799,6,534103,386370,355460,43,8,4,161055,72.34,5.34,6,5.58,0
Honda,Elevate,2022,Petrol,Manual,45030,First,Delhi,21,1200,7,1168071,798259,734398,45,8,3,353670,68.34,6.63,7,17.73,0
Renault,Triber,2024,Diesel,Manual,16805,Second,Chennai,18,999,10,948192,855932,710423,21,17,1,97196,90.27,9.39,5,50.93,0
Kia,Carens,2022,Petrol,Automatic,84700,Third,Hyderabad,21,1497,7,1673602,1128677,993235,42,12,3,512736,67.44,7.01,7,13.33,0
Toyota,Fortuner,2022,Petrol,Automatic,351790,First,Chennai,21,2755,9,4614611,3212692,3116311,11,3,3,1428404,69.62,7.63,9,91.32,1
Hyundai,i20,2024,Petrol,Manual,12721,First,Coimbatore,13,1197,10,1100835,971376,845097,18,13,1,134650,88.24,9.27,10,76.36,0
Nissan,Kicks,2014,CNG,Manual,148327,First,Nagpur,22,1461,4,955125,143268,133239,,7,11,919295,15,4.15,6,0.97,0
MG,Hector,2016,CNG,Automatic,139912,Second,Surat,24,1956,5,1585143,434329,412612,40,5,9,1141467,27.4,5.06,7,3.1,0
Skoda,Kodiaq,2021,Petrol,Automatic,42917,First,Hyderabad,12,1984,6,4694310,3247054,2727525,31,16,4,1388066,69.17,6.71,6,75.66,1
Mahindra,Thar,2025,Diesel,Manual,4627,Second,Chandigarh,23,2184,10,2545648,2418365,2297446,14,5,0,0,95,9.22,8,522.66,0
Toyota,Fortuner,2023,CNG,Automatic,32884,First,Delhi,29,2755,9,5476577,4150697,3901655,26,6,2,1209490,75.79,8.33,9,126.22,1
Honda,Elevate,2022,Petrol,Automatic,91546,Fourth,Delhi,18,1200,8,1368408,984432,797389,24,19,3,353594,71.94,6.41,7,10.75,0
MG,ZS EV,2024,CNG,Manual,20840,First,Lucknow,26,0,10,3627388,3290403,2698130,35,18,1,398110,90.71,9.34,8,157.89,1
Kia,Carens,2023,Diesel,Manual,24401,Second,Lucknow,25,1497,9,1619742,1276356,1110429,28,13,2,341000,78.8,9.32,6,52.31,0
Tata,Punch,2018,Petrol,Manual,112271,First,Chennai,21,1199,6,884911,426881,401268,37,6,7,472527,48.24,5.81,7,3.8,0
Tata,Safari,2018,Petrol,Manual,151894,Third,Jaipur,13,1956,6,2249169,869303,747600,49,14,7,1376237,38.65,6.87,9,5.72,0
Hyundai,Creta,2023,CNG,Manual,25857,First,Coimbatore,21,1493,8,1719306,1381118,1132516,39,18,2,306463,80.33,9.92,9,53.41,0
Tata,Harrier,2023,Petrol,Manual,35626,Second,Coimbatore,19,1956,7,2057124,1674087,1573641,26,6,2,406300,81.38,8.02,8,46.99,0
Honda,HR-V,2022,Diesel,Manual,53399,Second,Mumbai,25,1498,7,1550393,999848,899863,26,10,3,504191,64.49,7.92,7,18.72,0
Volkswagen,Virtus,2019,Petrol,Manual,115882,Second,Ahmedabad,18,1498,5,1247755,712842,670071,32,6,6,531098,57.13,4.97,5,6.15,0
MG,Gloster,2019,Petrol,Automatic,111749,Second,Ahmedabad,20,1996,7,3687061,1818458,1491135,43,18,6,1872794,49.32,7.51,8,16.27,1
Volkswagen,Polo,2019,Diesel,Manual,73945,Second,Chennai,26,999,7,827914,376121,327225,44,13,6,440130,45.43,7.19,6,5.09,0
Mahindra,Bolero,2025,Petrol,Automatic,500,First,Coimbatore,21,1493,10,1424668,1353434,1163953,19,14,0,0,95,,8,2706.87,0
Volkswagen,Virtus,2022,Petrol,Manual,65010,Second,Chennai,22,1498,9,1658339,1143590,1120718,34,2,3,483867,68.96,7.1,7,43.66,0
MG,Hector,2024,Petrol,Manual,9881,Second,Coimbatore,14,1956,9,2068586,1821803,1584968,18,13,1,266433,88.07,7.2,7,184.37,0
Tata,Safari,2019,Petrol,Manual,100880,Second,Hyderabad,20,1956,5,2305813,1287104,1209877,51,6,6,953453,55.82,5.83,9,12.76,0
Hyundai,Tucson,2024,Petrol,Automatic,18793,First,Delhi,21,1998,9,3494554,3017197,2564617,14,15,1,415663,86.34,9.69,9,160.55,1
Renault,Duster,2025,Diesel,Manual,3307,First,Kolkata,19,1498,10,1504915,1429669,1272405,29,11,0,0,95,7.73,7,432.32,0
Maruti,Swift,2024,Petrol,Automatic,4167,First,Mumbai,16,1197,10,925706,822767,765173,30,7,1,117731,88.88,10,10,197.45,0
Toyota,Urban Cruiser,2017,CNG,Automatic,75490,First,Chandigarh,27,1462,4,951512,245394,225762,57,8,8,683779,25.79,5.99,10,3.25,0
Honda,City,2024,CNG,Automatic,21104,Third,Lucknow,25,1497,8,1537925,1355988,1193269,45,12,1,171142,88.17,8.19,8,64.25,0
Kia,EV6,2019,Diesel,Automatic,127657,Fourth,Hyderabad,18,0,4,6398584,3553133,3268882,43,8,6,2827274,55.53,4.63,6,27.83,1
Skoda,Kodiaq,2023,Petrol,Automatic,29076,Second,Pune,18,1984,10,4700772,3928435,3221316,17,18,2,859675,83.57,9.37,6,135.11,1
Nissan,Kicks,2021,Petrol,Manual,83479,Second,Bangalore,19,1461,7,1329806,945891,870219,50,8,4,365404,71.13,5.38,5,11.33,0
Maruti,Ertiga,2024,Petrol,Automatic,13354,Third,Lucknow,16,1462,9,1275446,1134636,987133,34,13,1,173364,88.96,9.46,10,84.97,0
Kia,Seltos,2020,Petrol,Automatic,100728,Second,Hyderabad,17,1497,8,1263040,782200,672692,28,14,5,450475,61.93,8.73,7,7.77,0
Ford,Figo,2024,Petrol,Manual,26755,Second,Coimbatore,18,1194,10,1084841,951947,913869,36,4,1,148600,87.75,8.51,4,63.96,0
Mahindra,Scorpio,2018,Diesel,Automatic,113087,Third,Pune,22,2184,5,1572420,599249,515354,43,14,7,955141,38.11,5.11,8,5.3,0
Maruti,WagonR,2021,Petrol,Manual,65245,Third,Coimbatore,19,1197,7,692129,424275,356391,55,16,4,248921,61.3,7.03,10,6.5,0
Toyota,Camry,2021,Petrol,Automatic,52452,First,Hyderabad,15,2487,6,5577295,3977726,3699285,40,7,4,1663378,71.32,6.09,9,75.84,1
Maruti,Brezza,2025,Diesel,Manual,500,Second,Delhi,16,1462,10,1497320,1422454,1265984,11,11,0,0,95,9.7,10,2844.91,0
Tata,Altroz,2024,Petrol,Manual,25676,Second,Nagpur,15,1199,10,898579,802251,673890,40,16,1,110038,89.28,8.57,7,31.25,0
Tata,Altroz,2016,Petrol,Manual,90124,First,Jaipur,15,1199,4,655925,109801,94428,39,14,9,536649,16.74,5.31,7,1.22,0
Mahindra,XUV300,2022,Petrol,Manual,53001,Third,Pune,20,1199,6,1266258,925761,740608,35,20,3,326809,73.11,7.87,9,17.47,0
Kia,Carens,2019,Diesel,Automatic,81799,Second,Nagpur,26,1497,7,1330080,703612,619178,52,12,6,656206,52.9,8.53,8,8.6,0
Mahindra,XUV700,2019,CNG,Automatic,125079,Second,Ahmedabad,23,2183,7,2176513,1252800,1027296,34,18,6,954443,57.56,6.56,8,10.02,1
Mahindra,XUV400,2025,Diesel,Automatic,1538,First,Ahmedabad,23,0,10,2314344,2198626,1934790,39,12,0,0,95,8.95,7,1429.54,0
Volkswagen,Vento,2023,Petrol,Manual,24519,First,Lucknow,19,1598,10,1198025,929547,799410,28,14,2,270402,77.59,6.86,5,37.91,0
Tata,Harrier,2016,Diesel,Manual,175851,Third,Chandigarh,28,1958,3,1742169,393033,298705,42,24,9,1302275,22.56,6.18,8,2.24,0
Maruti,Dzire,2020,Petrol,Automatic,57288,First,Bangalore,14,1197,7,946655,507217,426062,52,16,5,412411,53.58,7.15,9,8.85,0
Mahindra,Thar,2023,Petrol,Manual,27139,First,Surat,18,2184,8,2009308,1641604,1477443,41,10,2,410228,81.7,7.83,7,60.49,0
Honda,Elevate,2019,Diesel,Automatic,69996,First,Ahmedabad,26,1200,6,1213472,678816,631298,53,7,6,511468,55.94,5.67,7,9.7,0
Kia,Sonet,2025,CNG,Manual,500,First,Lucknow,26,1197,9,1266096,1202791,1058456,32,12,0,0,95,9.31,7,2405.58,0
Mahindra,Scorpio,2024,Petrol,Manual,17772,First,delhi,20,2184,10,2137910,1859767,1710985,25,8,1,245261,86.99,8.06,7,104.65,0
Mahindra,Bolero,2024,Diesel,Manual,6749,First,Coimbatore,22,1493,10,1251404,1099608,967655,17,12,1,159025,87.87,8.64,7,162.93,0
Skoda,Kodiaq,2018,Diesel,Automatic,89729,First,Coimbatore,19,1984,5,4468554,1884389,1564042,37,17,7,2657619,42.17,5.53,7,21,1
Hyundai,Grand i10,2020,Diesel,Automatic,50466,First,Jaipur,25,1197,7,845268,471659,438642,32,7,5,355134,55.8,8.95,10,9.35,0
MG,Gloster,2023,Petrol,Automatic,43091,Second,Nagpur,22,,8,4685394,3804071,3157378,36,17,2,955327,81.19,7.37,6,164.39,1
Ford,Endeavour,2020,Petrol,Automatic,80030,Third,Hyderabad,13,1996,6,4989840,2853190,2396679,,16,5,2138414,57.18,7.03,4,35.65,1
Maruti,Dzire,2023,CNG,Automatic,30177,Third,Hyderabad,24,1197,8,1089344,894896,841202,30,6,2,204989,82.15,8.35,10,29.65,0
Maruti,Dzire,2025,Diesel,Manual,500,First,Ahmedabad,16,1197,10,1057882,1004987,954737,26,5,0,0,95,8.52,9,2009.97,0
Skoda,Kushaq,2019,Petrol,Manual,146493,Fourth,Bangalore,20,1498,9,1209500,738399,708863,35,4,6,505337,61.05,6.79,7,5.04,0
Ford,Figo,2024,Petrol,Automatic,17689,First,Chandigarh,13,1194,9,943469,836196,702404,35,16,1,100205,88.63,7.41,4,47.27,0
Maruti,Ciaz,2016,Petrol,Automatic,173574,Second,Jaipur,14,1462,5,1067990,363970,313014,53,14,9,673064,34.08,7.89,10,2.1,0
Mahindra,Thar,2024,CNG,Manual,34437,Fourth,Nagpur,27,2184,7,2642185,2371889,2182137,47,8,1,289011,89.77,7.52,7,68.88,0
Hyundai,Alcazar,2021,Petrol,Manual,91739,Second,Delhi,17,1999,7,1838411,1278614,1086821,28,15,4,603822,69.55,9.63,10,13.94,0
Mahindra,XUV300,2018,Diesel,Manual,108581,Third,Nagpur,22,1199,5,1087503,447072,375540,57,16,7,658053,41.11,5.88,8,4.12,0
Renault,Kiger,2018,Petrol,Manual,110503,Second,Chennai,17,1001,7,756293,340029,326427,33,4,7,399395,44.96,6.95,7,6.95,0
Renault,Kwid,2020,Diesel,Automatic,78481,Second,Chennai,16,799,7,570155,338672,291257,47,14,5,234382,59.4,5.95,7,4.32,0
MG,Astor,2022,Petrol,Manual,37558,First,Hyderabad,18,1497,9,1309584,973413,827401,36,15,3,344107,74.33,6.91,6,25.92,0
Maruti,Alto,2020,Petrol,Manual,74253,Third,Bhopal,17,796,7,501399,284343,250221,53,12,5,223004,56.71,7.8,10,3.83,0
Nissan,Magnite,2025,CNG,Automatic,2249,Third,Ahmedabad,,999,10,1229553,1168075,946140,17,19,0,0,95,8.36,5,519.38,0
Maruti,Ertiga,2016,Diesel,Manual,113966,Third,Ahmedabad,23,1462,4,981452,363235,305117,54,16,9,622676,37.01,6.15,9,3.19,0
Maruti,Dzire,2022,Petrol,Automatic,45390,First,Ahmedabad,20,1199,7,880598,627602,520909,31,17,3,272849,71.27,7.19,9,13.83,0
Skoda,Kushaq,2020,Petrol,Manual,51601,First,Coimbatore,15,1498,6,1382392,896481,833727,45,7,5,506390,64.85,5.08,6,17.37,0
Tata,Tiago,2021,Diesel,Manual,115361,Fourth,Kolkata,18,1199,5,664061,440803,370274,48,16,4,234481,66.38,7.97,8,3.82,0
Toyota,Innova,2014,Petrol,Manual,121655,First,Lucknow,19,2393,5,1961101,294165,282398,60,4,11,1733887,15,5.71,9,2.42,0
MG,ZS EV,2022,Petrol,Manual,45933,First,Nagpur,22,0,10,3129980,2205070,1896360,24,14,3,961293,70.45,9.21,7,48.01,1
Tata,Harrier,2022,Petrol,Automatic,36869,First,Kolkata,14,1956,9,2241480,1585622,1395347,40,12,3,713616,70.74,7.62,8,43.01,0
Tata,Harrier,2018,Petrol,Automatic,125644,Second,Jaipur,17,1956,5,2042732,737834,723077,31,2,7,1303091,36.12,5.49,7,5.87,0
Tata,Altroz,2020,Petrol,Automatic,60700,First,Chennai,14,1199,8,973612,543957,495000,33,9,5,400652,55.87,8.03,7,8.96,0
Mahindra,XUV400,2022,Petrol,Manual,85630,Third,Nagpur,16,0,7,2103803,1569226,1333842,32,15,3,553268,74.59,8.92,7,18.33,0
Tata,Tiago,2021,Petrol,Automatic,66122,First,Bangalore,16,1199,8,785643,551442,501812,20,9,4,235348,70.19,9.06,7,8.34,0
Ford,Endeavour,2025,Petrol,Automatic,4022,Second,Bhopal,17,1996,10,6906017,6560716,6363894,33,3,0,0,95,8.66,5,1631.21,1
Volkswagen,Virtus,2025,Petrol,Automatic,59,First,Jaipur,20,1498,10,1554680,1476946,1358790,29,8,0,0,95,7.22,5,25032.98,0
MG,Gloster,2021,Petrol,Automatic,42384,First,Mumbai,15,1996,7,3726971,2298050,2229108,26,3,4,1357615,61.66,6.1,7,54.22,1
Tata,Tigor,2018,Petrol,Automatic,160368,Third,Pune,13,1198,4,686876,27935,251416,37,10,7,400794,40.67,5.6,7,1.74,0
Toyota,Camry,2014,Petrol,Manual,165206,First,Nagpur,22,2487,5,4488297,697481,613783,41,12,11,3887418,15.54,5.05,10,4.22,1
Hyundai,Tucson,2021,Petrol,Automatic,78841,Second,Coimbatore,,1998,6,3141225,2213935,1970402,39,11,4,988507,70.48,6.01,8,28.08,1
Skoda,Octavia,2018,Diesel,Automatic,101184,Third,Bhopal,18,1984,5,2800122,1242974,1118676,30,10,7,1633103,44.39,4.84,5,12.28,1
Ford,Aspire,2017,Petrol,Automatic,135421,Second,Mumbai,13,1192,4,898721,416647,374982,34,10,8,500718,46.36,5.09,6,3.08,0
Hyundai,Creta,2020,CNG,Manual,75103,First,Jaipur,20,1491,6,1404595,906104,887981,33,2,5,513626,64.51,7.73,9,12.06,0
Toyota,Fortuner,2021,Petrol,Manual,50867,Second,Jaipur,21,2755,8,4177569,2697038,2427334,25,10,4,1535934,64.56,6.85,8,53.02,1
Maruti,Brezza,2024,CNG,Automatic,12865,First,Bangalore,29,1462,10,1428288,1283459,1090940,33,15,1,180627,89.86,10,10,99.76,0
Honda,WR-V,2023,CNG,Automatic,40597,Third,Surat,23,1199,6,1416394,1078867,884670,44,18,2,301069,76.17,5.89,7,26.58,0
Mahindra,XUV300,2023,CNG,Manual,36848,Second,Bhopal,27,1199,7,1245472,978691,890608,27,9,2,248572,78.58,7.92,9,26.56,0
Maruti,Baleno,2019,Diesel,Manual,80972,First,Bangalore,19,1197,7,793811,392380,337446,33,14,6,379412,49.43,6.73,10,4.85,0
Honda,City,2014,Petrol,Automatic,92940,First,Ahmedabad,15,1497,3,1026921,154038,150957,53,2,11,918588,15,,8,1.66,0
Renault,Kiger,2025,Diesel,Automatic,1558,First,Chandigarh,23,999,10,997336,947469,919044,13,3,0,0,95,10,5,608.13,0
Mahindra,Thar,2025,Petrol,Manual,3673,Fourth,Lucknow,13,2184,9,2486055,2361752,2007489,34,15,0,0,95,10,9,643,0
Toyota,Innova,2022,Petrol,Automatic,25874,Second,Kolkata,18,2393,8,3096885,2277758,2027204,42,11,3,849188,73.55,9.22,8,,0
Honda,HR-V,2015,Petrol,Manual,181638,Second,Nagpur,17,1498,5,1329489,393927,330898,41,16,10,942049,29.63,5.27,8,2.17,0
Toyota,Glanza,2024,CNG,Manual,19739,First,Surat,25,1197,10,1239094,1068099,918565,36,14,1,136683,86.2,9.86,9,54.11,0
Hyundai,Aura,2021,Diesel,Automatic,69458,First,Hyderabad,20,1197,6,863374,629572,560319,44,11,4,235037,72.92,6.47,8,9.06,0
Toyota,Urban Cruiser,2021,Petrol,Manual,75636,Second,Mumbai,14,1462,6,1241718,780543,757126,50,3,4,451034,62.86,8.23,8,10.32,0
Nissan,Terrano,2022,Diesel,Automatic,75000,Fourth,Chennai,21,1461,7,1317691,863219,707839,25,18,3,429147,65.51,6.63,4,11.51,0
Honda,City,2021,Petrol,Automatic,87805,Third,Ahmedabad,20,1497,6,1432626,936650,777419,34,17,4,465111,65.38,7.85,9,10.67,0
Renault,Triber,2024,CNG,Automatic,7692,Second,Pune,27,999,10,1059383,919014,808732,34,12,1,133107,86.75,9.52,6,119.48,0
Honda,HR-V,2024,Petrol,Automatic,13714,Third,Bhopal,19,1498,10,1577399,1367604,1271871,42,7,1,166616,86.7,8.68,8,99.72,0
Skoda,Slavia,2025,Petrol,Automatic,500,Third,Jaipur,15,1498,8,1865024,1771772,1381982,33,22,0,0,95,7.82,5,3543.54,0
Kia,Carens,2023,Petrol,Automatic,38427,First,Coimbatore,19,1497,9,1529966,1175625,1140356,42,3,2,344126,76.84,6.74,6,30.59,0
Maruti,WagonR,2018,Petrol,Automatic,138735,Second,Bhopal,14,1197,7,663967,321492,266838,32,17,7,348904,48.42,6.03,9,2.32,0
Toyota,Innova,2023,Petrol,Manual,23694,First,Mumbai,15,2393,10,2619821,2152968,2066849,22,4,2,492743,82.18,7.99,8,90.87,0
Nissan,Kicks,2020,CNG,Automatic,69393,Second,Nagpur,22,1461,6,1212672,720812,598273,32,17,5,515786,59.44,6.75,5,,0
Tata,Altroz,2025,Petrol,Manual,642,Fourth,Jaipur,21,1198,10,985786,936496,842846,33,10,0,0,95,8.29,8,1458.72,0
MG,Hector,2017,Petrol,Manual,65402,First,Bangalore,15,1956,4,1484241,415142,352870,51,15,8,1089143,27.97,6.37,6,6.35,0
Tata,Nexon,2021,CNG,Manual,58301,Second,Kolkata,24,1496,7,1194280,794673,723152,27,9,4,367715,66.54,8,7,13.63,0
Hyundai,i20,2018,Petrol,Automatic,85304,Second,Hyderabad,13,1197,5,1023613,486011,447130,53,8,7,550512,47.48,5.46,9,,0
Volkswagen,Taigun,2015,Diesel,Manual,95589,First,Kolkata,20,1498,5,1234701,358557,329872,49,8,10,912837,29.04,6.41,7,3.75,0
Renault,Kiger,2022,Diesel,Manual,57800,Second,Jaipur,21,999,8,1001551,684960,671260,,2,3,297901,68.39,7.11,7,11.85,0
Hyundai,Grand i10,2018,Diesel,Manual,56557,First,Jaipur,19,1197,9,641526,228254,196298,32,14,7,403466,35.58,7.62,10,4.04,0
Kia,Carens,2024,Petrol,Automatic,21358,Second,Chennai,14,1497,10,1511856,1324537,1218574,13,8,1,190887,87.61,8.99,8,62.02,0
Tata,Tiago,2018,CNG,Manual,81717,Second,Pune,23,1199,6,573757,214814,195480,35,9,7,352730,37.44,7.3,8,2.63,0
Mahindra,XUV400,2019,CNG,Manual,82766,First,Bhopal,21,0,7,2109407,951764,789964,39,17,6,1111393,45.12,7.75,9,11.5,0
Volkswagen,Taigun,2022,Petrol,Manual,37743,Second,Nagpur,20,1498,9,1287142,938069,900546,40,4,3,360996,72.88,6.29,5,24.85,0
Mahindra,XUV300,2013,CNG,Manual,191332,Second,Delhi,23,1199,3,718607,107791,90544,49,16,12,620302,15,,8,0.56,0
Maruti,Ertiga,2022,Diesel,Automatic,35871,First,Mumbai,21,1462,9,1161188,795762,748016,25,6,3,384863,68.53,8.08,10,22.18,0
Maruti,Swift,2018,Diesel,Manual,68809,First,Hyderabad,19,1197,5,844296,332061,285572,37,14,7,524555,39.33,7.8,10,4.83,0
Maruti,WagonR,2018,Diesel,Automatic,205939,Fourth,Lucknow,27,1197,6,603240,259755,228584,51,12,7,354809,43.06,7.79,10,1.26,0
Skoda,Kushaq,2025,Diesel,Automatic,2303,First,Chennai,19,1498,10,1770005,1681504,1378833,29,18,0,0,95,8.62,7,730.14,0
Maruti,Baleno,2022,Petrol,Automatic,45840,First,Coimbatore,13,1197,7,1077364,718278,696729,31,3,3,355536,66.67,7.29,10,15.67,0
Mahindra,Thar,2022,Petrol,Manual,48708,Third,Ahmedabad,20,2184,7,2154190,1571050,1272550,51,19,3,633220,72.93,7.36,9,32.25,0
Tata,Punch,2017,Petrol,Manual,129651,Fourth,Jaipur,20,1199,5,888324,282753,220547,40,22,8,581341,31.83,,9,2.18,0
Mahindra,XUV700,2018,Diesel,Automatic,133594,Second,Delhi,18,2184,6,2358591,1046742,931600,33,11,7,1310380,44.38,7.75,9,7.84,1
MG,Astor,2019,Petrol,Manual,66983,Second,Nagpur,22,1497,5,1384179,657761,618295,43,6,6,737008,47.52,5.81,6,9.82,0
MG,Astor,2025,Petrol,Manual,500,Third,Chandigarh,13,1497,9,1776657,1687824,1417772,37,16,0,0,95,9.81,6,3375.65,0
Maruti,Ciaz,2018,Petrol,Automatic,194004,Fourth,Nagpur,17,1462,6,1036820,518928,435899,36,16,7,542729,50.05,7.22,9,2.67,0
Skoda,Kodiaq,2025,Petrol,Automatic,4089,Fourth,Ahmedabad,15,1986,9,5093528,4838851,3725915,11,23,0,0,95,6.61,5,1183.38,1
Maruti,Swift,2021,Diesel,Automatic,68216,Third,Bhopal,16,1197,6,838684,514029,442064,29,14,4,304327,61.29,8.21,10,7.54,0
Ford,Aspire,2025,Petrol,Manual,500,Second,Mumbai,21,1194,9,1128408,1071987,964788,33,10,0,0,95,9.56,5,2143.97,0
MG,Hector,2021,Petrol,Automatic,94631,Third,Bhopal,15,1956,6,1716717,1134578,930353,30,18,4,570329,66.09,6.68,7,11.99,0
Ford,Aspire,2023,Petrol,Manual,35553,First,Surat,13,1194,9,945102,746158,693926,34,7,2,206667,78.95,6.61,5,20.99,0
Volkswagen,Taigun,2023,Petrol,Automatic,69291,Fourth,Mumbai,15,1498,10,1461236,1165335,1037148,15,11,2,332183,79.75,7.66,5,16.82,0
Hyundai,i20,2020,Diesel,Manual,100614,Third,Coimbatore,26,1197,5,1085760,655147,537220,36,18,5,399868,60.34,5.3,8,6.51,0
Kia,EV6,2023,CNG,Automatic,25119,First,Chennai,22,0,8,8531671,6336472,5639460,30,11,2,1959178,74.27,8.18,7,252.26,1
Hyundai,Creta,2025,Petrol,Manual,500,Second,Kolkata,13,1493,10,1533263,1456599,1354637,14,7,0,0,95,10,10,2913.2,0
Honda,HR-V,2025,Petrol,Manual,500,First,Coimbatore,18,1498,9,1814320,1723604,1620187,37,6,0,0,95,9.99,9,3447.21,0
Maruti,WagonR,2018,Petrol,Automatic,75607,First,Mumbai,16,1197,6,618124,273396,243322,34,11,7,329898,44.23,6.14,10,3.62,0
Maruti,Swift,2025,Petrol,Automatic,500,First,Pune,14,1197,10,1153834,1096142,1030373,17,6,0,0,95,9.27,9,2192.28,0
Skoda,Kushaq,2010,Petrol,Manual,131376,First,Bangalore,22,1498,1,731286,109692,97625,71,11,15,824917,15,2.92,6,0.83,0
Honda,Jazz,2022,Petrol,Manual,48560,Fourth,Ahmedabad,19,1199,8,1090910,766800,682452,48,11,3,316682,70.29,7.25,9,15.79,0
Toyota,Fortuner,2015,Petrol,Automatic,175845,Second,Lucknow,15,2755,4,3082182,537532,440776,59,18,10,2606390,17.44,7.13,9,3.06,1
Renault,Kwid,2020,Petrol,Automatic,60781,Third,Lucknow,16,799,6,531717,351837,281469,44,20,5,186257,66.17,7.81,6,5.79,0
Honda,Amaze,2021,Diesel,Automatic,43582,Second,Pune,26,1199,6,1066116,681994,613794,31,10,4,385609,63.97,7.26,7,15.65,0
MG,Astor,2016,Petrol,Manual,167980,Third,chennai,17,1497,4,1156193,274017,221953,70,19,9,866324,23.7,5.04,7,1.63,0
Hyundai,Alcazar,2025,Diesel,Automatic,2667,Third,Jaipur,27,1999,10,2443766,2321577,2112635,43,9,0,0,95,9.93,8,870.48,0
Nissan,Magnite,2020,Petrol,Manual,137003,Fourth,Surat,21,999,6,926815,513270,456810,53,11,5,388470,55.38,5.79,5,3.75,0
Tata,Safari,2025,Diesel,Manual,3979,First,Pune,25,1956,10,2772748,2634110,2212652,34,16,0,0,95,10,8,662,0
Volkswagen,Taigun,2019,Petrol,Manual,59441,Second,Chennai,17,1498,7,1362530,739308,672770,44,9,6,619738,54.26,7.91,6,12.44,0
Volkswagen,Polo,2022,Petrol,Manual,42951,Second,Lucknow,20,999,7,1021962,66652,573209,29,14,3,332906,65.22,5.77,6,15.52,0
Maruti,Ertiga,2024,Diesel,Manual,8098,First,Bangalore,23,1462,10,1231819,1040147,863322,15,17,1,169643,84.44,9.36,10,128.44,0
Maruti,Baleno,2016,Petrol,Automatic,78672,First,Jaipur,13,1197,5,722399,201693,173455,63,14,9,506882,27.92,5.59,9,2.56,0
Skoda,Kushaq,2019,Petrol,Automatic,105276,First,Bangalore,15,1498,6,1245002,602954,524569,28,13,6,631467,48.43,6.07,7,5.73,0
Kia,Carens,2018,Petrol,Manual,140886,Second,Hyderabad,20,1497,6,1110685,477150,391263,44,18,7,609663,42.96,6.61,8,3.39,0
Ford,Aspire,2021,Diesel,Automatic,56230,Second,Ahmedabad,22,1194,6,1058658,702207,624964,32,11,4,342934,66.33,5.51,6,12.49,0
Nissan,Magnite,2023,Petrol,Manual,18542,First,Delhi,16,999,10,931508,783770,752419,20,4,2,160450,84.14,9.45,5,42.27,0
Toyota,Urban Cruiser,2023,Petrol,Automatic,29599,Second,Bangalore,17,1462,10,1260810,1011295,849487,13,16,2,276737,80.21,9.31,8,34.17,0
Hyundai,Venue,2024,Petrol,Manual,22375,Second,Ahmedabad,19,1197,9,1216446,1061592,891737,29,16,1,147871,87.27,10,10,47.45,0
MG,Hector,2024,Petrol,Manual,23964,Second,Hyderabad,20,1956,9,2076690,1799244,1547349,30,14,1,245348,86.64,7.73,8,75.08,0
Tata,Safari,2023,CNG,Manual,27958,Second,Mumbai,22,1956,10,2351461,1885166,1828611,29,3,2,406482,80.17,8.83,7,67.43,0
Kia,EV6,2020,CNG,Automatic,63038,Second,Nagpur,27,0,6,7553146,4417835,3666803,26,17,5,3158702,58.49,7.81,7,70.08,1
MG,ZS EV,2022,Petrol,Automatic,37782,First,Hyderabad,19,0,7,2828967,1887486,1566613,43,17,3,897755,66.72,7.84,8,49.96,1
Kia,Seltos,2013,Petrol,Automatic,227710,Third,Hyderabad,15,1497,1,1075416,161312,143567,71,11,12,1019257,15,2.36,7,0.71,0
Ford,Figo,2021,Diesel,Manual,89101,Fourth,Chandigarh,21,1194,7,968217,650545,559468,28,14,4,327260,67.19,7.96,5,7.3,0
Maruti,Dzire,2023,Petrol,Manual,16420,First,Bangalore,17,1197,10,925206,765793,643266,18,16,2,181777,82.77,9.92,10,46.64,0
Maruti,Swift,2023,Petrol,Manual,25271,First,Lucknow,17,1197,9,1070542,872812,750618,35,14,2,192934,81.53,8.65,10,34.54,0
Maruti,Baleno,2023,Diesel,Manual,21480,First,mumbai,26,1197,10,1150773,937304,815454,17,13,2,223353,81.45,8.39,9,43.64,0
Volkswagen,Virtus,2024,Petrol,Automatic,20741,Third,Bhopal,,1496,10,1643938,1415430,1203115,28,15,1,201708,86.1,9.04,6,68.24,0
Nissan,Kicks,2021,Diesel,Manual,46824,Second,Bhopal,26,1461,7,1330045,943932,840099,31,11,4,367850,70.97,5.59,5,20.16,0
Honda,Jazz,2014,Petrol,Automatic,335599,Fourth,Surat,16,1199,4,753743,113061,92710,58,18,11,716071,15,5.56,7,0.34,0
Mahindra,XUV700,2025,CNG,Automatic,5757,Second,Surat,30,2184,9,2933912,2787216,2536366,34,9,0,0,95,8.67,8,484.14,1
Kia,Carens,2019,Diesel,Manual,92314,First,Ahmedabad,18,1497,7,1402849,805375,700676,47,13,6,581090,57.41,7.58,7,8.72,0
Kia,Carens,2023,Diesel,Automatic,22801,Second,Chandigarh,21,1497,10,1670605,1315601,1091948,41,17,2,355127,78.75,8.53,7,57.7,0
Volkswagen,Taigun,2021,CNG,Automatic,81244,Third,Hyderabad,20,1498,5,1444753,958882,776694,61,19,4,449679,66.37,5.15,6,11.8,0
Mahindra,XUV400,2022,Diesel,Manual,45248,Second,Hyderabad,23,0,7,2214194,1675480,1390648,50,17,3,603865,75.67,8.46,7,37.03,0
Tata,Punch,2021,Petrol,Manual,50600,First,Mumbai,18,1197,8,1096218,773929,735232,33,5,4,320479,70.6,6.96,7,15.3,0
Mahindra,XUV700,2018,Diesel,Automatic,110992,First,Chennai,25,2184,7,2080068,967023,841310,50,13,7,1122671,46.49,7.79,9,8.71,1
Hyundai,Alcazar,2018,Diesel,Automatic,77075,First,Delhi,20,1999,9,2071610,1100232,946199,42,14,7,993392,53.11,7.47,8,14.27,0
Toyota,Fortuner,2019,Diesel,Manual,113597,Second,Lucknow,28,2755,5,4756857,2554432,2350077,32,8,6,2090130,53.7,6.53,9,22.49,1
Hyundai,Venue,2023,Petrol,Automatic,49051,Third,Coimbatore,13,1197,6,1073301,826978,744280,33,10,2,231510,77.05,7.17,9,16.86,0
Honda,Amaze,2015,Diesel,Manual,172376,First,Kolkata,26,1199,3,889316,174394,151722,59,13,10,715220,19.61,3.97,9,1.01,0
Hyundai,i20,2018,Diesel,Manual,104560,First,Lucknow,16,1196,5,898331,395535,371802,50,6,7,516713,44.03,6.34,9,3.78,0
MG,Astor,2023,Diesel,Manual,34751,First,Surat,21,1497,8,1534560,1211995,1139275,38,6,2,285879,78.98,9.09,8,34.88,0
MG,Gloster,2017,Petrol,Automatic,169232,Third,Nagpur,16,1996,4,4002540,1756314,1527993,57,13,8,2218540,43.88,4.48,7,10.38,1
Maruti,Ciaz,2014,Petrol,Manual,270275,Third,Jaipur,19,1462,3,874421,131163,123293,65,6,11,859568,15,4.83,10,0.49,0
Kia,Carens,2019,Diesel,Manual,120722,Second,Delhi,29,1497,6,1223728,619083,606701,40,2,6,597150,50.59,7.19,6,5.13,0
Skoda,Kushaq,2022,Diesel,Manual,34135,Second,Hyderabad,22,1498,10,1408623,988289,830162,25,16,3,404165,70.16,7.44,5,28.95,0
Hyundai,Venue,2017,Petrol,Manual,126958,Third,Chandigarh,13,1197,4,800695,338533,274211,62,19,8,439549,42.28,7.04,8,,0
Nissan,Magnite,2021,Petrol,Automatic,87647,Second,Kolkata,13,999,7,916070,624851,518626,37,17,4,303133,68.21,7.99,6,7.13,0
Tata,Harrier,2010,Petrol,Automatic,258236,Second,Coimbatore,20,1956,3,1073753,161062,138513,58,14,15,1121216,15,3.47,7,0.62,0
Mahindra,XUV400,2024,Petrol,Manual,17734,First,Bhopal,20,0,9,2171389,1873691,1705058,25,9,1,291434,86.29,7.97,7,105.66,0
Ford,EcoSport,2024,Petrol,Manual,17167,First,Coimbatore,21,1497,10,1359195,1218654,1182094,24,3,1,144980,89.66,9.47,5,70.99,0
Toyota,Camry,2024,Petrol,Automatic,15129,First,Kolkata,22,2487,10,6630487,5867980,5339861,26,9,1,716833,88.5,8.5,9,387.86,1
Hyundai,Alcazar,2013,Diesel,Manual,269637,Fourth,Kolkata,20,1999,2,1651656,247748,232883,57,6,12,1591475,15,3.56,10,0.92,0
Renault,Kwid,2022,Petrol,Manual,40521,Second,Kolkata,21,799,7,583117,430631,404793,34,6,3,152608,73.85,7.29,5,10.63,0
Toyota,Fortuner,2020,Petrol,Automatic,90026,First,Bangalore,24,2755,7,5026084,3140799,2983759,48,5,5,1997365,62.49,6.99,8,34.89,1
Nissan,Terrano,2021,Diesel,Automatic,60940,First,Lucknow,19,1461,6,1204151,869999,782999,40,10,4,353227,72.25,,4,14.28,0
Kia,EV6,2019,Petrol,Automatic,101599,First,Lucknow,14,0,5,7689393,4659772,4240392,48,9,6,3241466,60.6,7.34,7,45.86,1
Kia,Sonet,2016,CNG,Manual,147971,Second,Surat,20,1199,6,930445,263502,247691,43,6,9,663636,28.32,5.43,6,1.78,0
Maruti,Swift,2025,Petrol,Manual,500,First,Coimbatore,14,1197,10,1009762,959273,911309,21,5,0,0,95,9.22,10,,0
Toyota,Innova,2021,Diesel,Automatic,76147,Second,Jaipur,27,2393,7,2642431,1909156,1813698,38,5,4,741170,72.25,9.41,10,25.07,0
Hyundai,Venue,2025,Diesel,Automatic,4382,Second,Surat,28,1197,10,1135326,1078559,938346,17,13,0,0,95,9.89,8,246.13,0
Toyota,Fortuner,2024,Petrol,Automatic,14694,First,Nagpur,18,2755,9,4954305,4263674,4178400,24,2,1,598894,86.06,9.57,9,290.16,1
Mahindra,XUV700,2014,Petrol,Manual,165738,Third,Bhopal,21,2184,4,2072164,310824,298391,48,4,11,1974109,15,5.82,7,1.88,1
Ford,Endeavour,2020,Petrol,Automatic,46731,First,Surat,21,1996,7,5128018,2746053,2526368,,8,5,2356031,53.55,6.43,6,58.76,1
Maruti,Brezza,2022,Diesel,Automatic,90552,Fourth,Bangalore,22,1462,7,1125457,783318,720652,21,8,3,334826,69.6,7.25,10,21.08,0
Mahindra,Bolero,2018,Petrol,Manual,77855,First,Coimbatore,17,1493,6,1152493,586388,527749,34,10,7,593082,50.88,5.62,9,20.67,0
Renault,Kwid,2021,Petrol,Manual,76371,Second,Chandigarh,13,799,6,498806,337093,300012,38,11,4,176135,67.58,5.58,5,4.41,0
Tata,Altroz,2025,Petrol,Automatic,500,Fourth,Bangalore,13,1199,10,950815,903274,722619,36,20,0,0,95,9.29,7,1806.55,0
Nissan,Terrano,2017,Diesel,Automatic,120928,Fourth,Kolkata,20,1461,4,1050386,306922,263952,51,14,8,736096,29.22,6.17,5,2.54,0
Nissan,Magnite,2022,Diesel,Manual,86319,Fourth,Surat,21,999,7,910240,619964,545568,48,12,3,298930,68.11,8.04,6,7.18,0
Renault,Kwid,2020,Petrol,Manual,96037,Second,Delhi,17,799,7,469607,296462,290532,48,2,5,162966,63.13,7.17,5,3.09,0
Mahindra,XUV400,2022,Diesel,Automatic,40674,First,Chandigarh,26,0,9,2275011,1671223,1453964,38,13,3,662873,73.46,9.33,7,41.09,0
Skoda,Kushaq,2018,CNG,Manual,125509,Third,Ahmedabad,26,1498,5,1349575,631331,511378,55,19,7,703865,46.78,4.37,5,5.03,0
Toyota,Urban Cruiser,2023,Petrol,Manual,28615,Second,Bhopal,17,1462,9,1201498,996402,896761,33,10,2,204703,82.93,9.58,9,34.82,0
Tata,Safari,2023,Diesel,Manual,60253,Third,Chandigarh,22,1956,8,2334838,1778446,1529463,29,14,2,508668,76.17,9.15,9,29.52,0
MG,ZS EV,2020,Diesel,Automatic,92435,Second,Pune,23,0,7,2950459,1905406,1810135,30,5,5,1080956,64.58,8.24,8,20.61,1
Mahindra,XUV400,2013,CNG,Manual,253517,Fourth,Lucknow,29,0,2,1477370,221605,199444,67,10,12,1368853,15,3.06,8,0.87,0
Toyota,Innova,2013,CNG,Manual,121034,First,Pune,22,2393,4,1673077,250961,205788,48,18,12,1625962,15,5.87,8,2.07,0
Honda,Jazz,2020,CNG,Manual,85247,First,Ahmedabad,28,1199,7,1024476,642961,610812,23,5,5,386362,62.76,7.46,9,7.54,0
Tata,Altroz,2024,Diesel,Manual,15025,Second,Pune,20,1199,9,1144434,1025641,882051,17,14,1,129513,89.62,9.78,9,68.26,0
Hyundai,Aura,2023,Petrol,Automatic,29271,Second,Pune,14,1197,8,1064993,812057,682127,46,16,2,233280,76.25,7.02,8,27.74,0
Renault,Duster,2010,Diesel,Automatic,135808,First,Chennai,28,1498,2,736311,110446,103819,75,6,15,1012736,15,2.37,5,0.81,0
Skoda,Octavia,2020,Diesel,Automatic,79095,Second,Chandigarh,27,1986,8,3139863,1962414,1923165,40,2,5,1185018,62.5,7.26,5,24.81,1
Kia,Seltos,2020,Petrol,Manual,70245,First,Mumbai,18,1497,7,1402082,907147,879932,27,3,5,521836,64.7,7.77,6,12.91,0
Mahindra,XUV300,2023,Diesel,Automatic,62384,Third,Kolkata,20,1199,8,1215709,972567,836407,42,14,2,263384,80,9.1,9,15.59,0
Skoda,Octavia,2025,Petrol,Automatic,500,Second,Pune,18,1984,10,3548162,3370753,2999970,22,11,0,0,95,7.72,7,6741.51,1
Mahindra,Thar,2023,Petrol,Manual,30454,Second,Bangalore,17,2184,9,2170219,1730966,1592488,35,8,2,478645,79.76,7.29,8,56.84,0
Hyundai,Aura,2023,CNG,Manual,34202,Second,Chandigarh,22,1197,10,989967,790488,727248,37,8,2,216093,79.85,9.96,10,23.11,0
Nissan,Magnite,2025,CNG,Manual,3156,First,Coimbatore,21,999,10,1187379,1128010,947528,12,16,0,0,95,7.35,6,357.42,0
MG,Astor,2021,Diesel,Manual,76920,Second,Coimbatore,22,1497,7,1288145,838324,762874,47,9,4,436097,65.08,7.84,8,10.9,0
Maruti,Brezza,2019,Petrol,Automatic,79584,First,Jaipur,20,1462,7,1209141,659102,586600,30,11,6,542270,54.51,8.96,9,8.28,0
Nissan,Kicks,2019,CNG,Manual,100258,Second,Chennai,26,1461,5,1322960,641503,551692,54,14,6,643337,48.49,5.48,6,6.4,0
Toyota,Fortuner,2018,Diesel,Manual,134757,Third,Hyderabad,20,2754,4,4247512,1911380,1777583,38,7,7,2283517,45,6.14,9,,1
Hyundai,Venue,2022,Petrol,Manual,29219,First,Chennai,14,1197,8,1040527,756150,680535,43,10,3,304930,72.67,7.41,10,25.88,0
Kia,Carens,2020,Diesel,Manual,79838,Third,Chandigarh,17,1499,6,1271244,743423,698817,35,6,5,553337,58.48,7.38,8,9.31,0
Renault,Kwid,2023,CNG,Automatic,32413,First,Kolkata,22,799,8,653649,539914,523716,24,3,2,114860,82.6,8.6,5,16.66,0
Nissan,Kicks,2024,Petrol,Automatic,15561,First,Lucknow,13,1461,10,1575486,1350506,1120919,20,17,1,206429,85.72,6.93,4,86.79,0
Tata,Harrier,2025,Petrol,Automatic,1789,Second,Delhi,16,1956,10,2403470,2283296,2054966,37,10,0,0,95,9.76,8,1276.3,0
Toyota,Fortuner,2020,Petrol,Automatic,55047,First,Pune,13,2755,8,4264537,2796683,2740749,35,2,5,1537922,65.58,8.77,10,50.81,1
Skoda,Octavia,2022,Petrol,Automatic,35946,First,Ahmedabad,15,1984,7,3461576,2404756,2164280,40,10,3,1008074,69.47,7.22,5,66.9,1
Renault,Kiger,2021,Diesel,Manual,35796,First,Hyderabad,24,999,6,917306,573683,516314,35,10,4,336568,62.54,6.92,6,16.03,0
Ford,Figo,2023,Diesel,Automatic,25533,Second,Chandigarh,19,1194,8,866355,686326,603966,37,12,2,187223,79.22,8.72,6,26.88,0
MG,Hector,2023,CNG,Automatic,13016,First,Chandigarh,30,1956,10,2030637,1621869,1427244,25,12,2,363281,79.87,9.19,8,124.61,0
Tata,Altroz,2024,Petrol,Manual,17544,First,Kolkata,15,1199,10,1081297,956515,822602,29,14,1,132098,88.46,9.08,9,54.52,0
Mahindra,Thar,2025,Petrol,Automatic,500,Third,Nagpur,18,2184,9,2125784,2019494,1878129,41,7,0,0,95,10,8,4038.99,0
Mahindra,XUV400,2018,Petrol,Automatic,100424,First,Delhi,19,0,7,1646826,857666,780476,33,9,7,808502,52.08,8.04,7,8.54,0
Maruti,Baleno,2011,Diesel,Manual,265864,Second,Nagpur,19,1197,3,556133,83419,70906,56,15,14,696958,15,4.09,10,0.31,0
MG,Gloster,2025,Petrol,Automatic,1025,Third,Surat,21,1996,9,5498555,5223627,4178901,24,20,0,0,95,8.19,6,5096.22,1
Maruti,Swift,2020,Diesel,Automatic,85128,Second,Nagpur,24,1197,7,839565,553944,465312,46,16,5,305528,65.98,8.65,9,6.51,0
Hyundai,Creta,2021,Diesel,Manual,97034,Second,Bhopal,25,1493,6,1341638,892457,749663,32,16,4,422763,66.52,6.78,9,9.2,0
Tata,Punch,2025,Petrol,Manual,500,First,Jaipur,16,1199,10,1238446,1176523,1035340,31,12,0,0,95,8.51,9,2353.05,0
Nissan,Magnite,2021,Petrol,Manual,57004,Third,Hyderabad,16,999,5,958370,635686,559403,60,12,4,318789,66.33,5.8,5,11.15,0
Volkswagen,Virtus,2022,Petrol,Automatic,53853,Second,Bhopal,18,1498,8,1399114,990712,852012,45,14,3,383798,70.81,8.08,7,18.4,0
Honda,HR-V,2022,Diesel,Manual,45975,Third,Jaipur,24,1498,8,1450144,1059910,826729,34,22,3,396266,73.09,8.85,9,23.05,0
Maruti,Ciaz,2024,Petrol,Manual,15933,First,Lucknow,14,1462,10,1154689,988182,968418,21,2,1,143557,85.58,10,10,62.02,0
Hyundai,Aura,2024,Petrol,Automatic,9066,Second,Mumbai,21,1197,10,936070,794161,746511,17,6,1,124733,84.84,10,9,87.6,0
Volkswagen,Vento,2017,CNG,Manual,83078,First,Ahmedabad,26,1598,4,942460,319870,271889,64,15,8,622504,33.94,4.86,5,3.85,0
Skoda,Kushaq,2020,Petrol,Manual,93100,Third,Lucknow,14,1498,6,1377872,724622,623174,36,14,5,611966,52.59,6.69,6,7.78,0
Maruti,Brezza,2012,Petrol,Automatic,160946,First,Lucknow,19,1462,2,756279,113441,106634,65,6,13,771403,15,3.87,10,0.7,0
Toyota,Camry,2019,Petrol,Automatic,87779,Third,Delhi,15,2487,5,5983026,3195534,2939891,57,8,6,2628758,53.41,7.25,10,36.4,1
Kia,Carens,2016,Petrol,Manual,217705,Second,Bangalore,22,1497,6,1288346,267074,245708,55,8,9,1003029,20.73,6.2,8,1.23,0
Mahindra,Scorpio,2024,Petrol,Manual,29004,Fourth,Jaipur,20,2184,8,2353827,2057480,1790007,20,13,1,287084,87.41,,8,,0
Kia,Seltos,2019,Diesel,Automatic,134827,Second,Pune,19,1497,7,1398177,602893,566719,29,6,6,771630,43.12,7.83,7,4.47,0
MG,ZS EV,2019,Diesel,Automatic,59103,First,Surat,17,0,6,2375346,1342545,1181439,41,12,6,983348,56.52,7.38,8,22.72,1
Tata,Punch,2022,CNG,Automatic,55013,Second,Ahmedabad,25,1199,8,1095773,754987,641738,38,15,3,332949,68.9,8.76,8,13.72,0
Hyundai,Venue,2022,Petrol,Manual,42239,Second,Ahmedabad,20,1197,7,1214439,855086,778128,40,9,3,331303,70.41,8.98,8,20.24,0
MG,ZS EV,2016,Petrol,Automatic,155177,First,Hyderabad,15,0,5,2059619,426959,379993,29,11,9,1624157,20.73,5.31,6,2.75,1
MG,Hector,2024,Petrol,Manual,21977,Third,Kolkata,22,1956,8,2067134,1783316,1515818,,15,1,260686,86.27,8.89,8,81.14,0
Tata,Punch,2023,CNG,Manual,17386,First,Jaipur,24,1199,9,1019697,821773,747813,27,9,2,196884,80.59,8.58,9,,0
Renault,Duster,2025,Petrol,Manual,500,First,Surat,13,1498,10,1684702,1600466,1440419,39,10,0,0,95,8.42,6,3200.93,0
Kia,Seltos,2020,Petrol,Manual,133477,Third,Ahmedabad,17,1497,6,1295193,823483,749369,50,9,5,463066,63.58,7.04,7,6.17,0
Renault,Duster,2016,Diesel,Automatic,137567,First,Lucknow,21,1498,5,968837,232520,209268,61,10,9,752772,24,5.29,5,1.69,0
Ford,Aspire,2023,Diesel,Manual,15672,First,Bhopal,25,1194,9,1054613,861829,741172,43,14,2,196001,81.72,8.42,4,54.99,0
Honda,WR-V,2022,Petrol,Manual,35688,First,Coimbatore,13,1199,8,1363771,941820,791128,36,16,3,438551,69.06,7.12,7,26.39,0
Tata,Punch,2024,Petrol,Automatic,10623,Second,Delhi,19,1199,10,1086857,925458,842166,31,9,1,134861,85.15,10,8,87.12,0
Hyundai,i20,2024,Diesel,Manual,10244,First,Bhopal,21,1197,10,1138329,1011291,879823,26,13,1,143534,88.84,10,8,98.72,0
Hyundai,Venue,2022,Petrol,Automatic,32535,First,Chennai,20,1197,7,1222089,810733,697230,24,14,3,387198,66.34,8.56,10,24.92,0
Hyundai,Verna,2025,Petrol,Manual,500,First,Lucknow,14,1497,10,1562047,1483944,1439425,39,3,0,0,95,9.42,8,2967.89,0
Mahindra,Scorpio,2024,Petrol,Manual,20987,Second,Hyderabad,13,2184,10,2480851,2259311,2101159,32,7,1,295267,91.07,8.44,8,107.65,0
Nissan,Terrano,2023,Petrol,Automatic,32389,Second,Bangalore,14,1463,8,1296442,1037542,985664,31,5,2,263128,80.03,7.44,4,32.03,0
Kia,EV6,2016,Petrol,Automatic,132337,Third,Pune,21,0,5,7169057,2805968,2525371,,10,9,4399639,39.14,6.19,6,21.2,1
Maruti,Ciaz,2017,Petrol,Automatic,96640,First,Bhopal,15,1462,6,992321,358227,343897,38,4,8,641112,36.1,7.03,9,3.71,0
MG,Astor,2021,Diesel,Manual,62365,Second,Bangalore,17,1496,7,1619161,1074637,1010158,23,6,4,563766,66.37,6.91,6,17.23,0
Renault,Kwid,2015,Diesel,Automatic,271549,Third,Bangalore,22,799,5,447594,92383,75754,45,18,10,352440,20.64,,5,0.34,0
Mahindra,XUV400,2021,Petrol,Manual,102017,Third,Delhi,18,0,7,2147240,1390767,1196059,41,14,4,752689,64.77,6.97,8,13.63,0
Maruti,WagonR,2012,Petrol,Manual,241998,Second,Pune,21,1197,2,513951,77092,72466,73,6,13,532506,15,5.88,10,0.32,0
Toyota,Fortuner,2025,Petrol,Manual,844,Second,Chennai,21,2755,9,5846387,5554067,4943119,9,11,0,0,95,10,10,6580.65,1
Toyota,Camry,2018,Petrol,Automatic,86158,Second,Kolkata,13,,7,5454502,2735978,2626538,29,4,7,2636424,50.16,8.47,8,31.76,1
MG,Astor,2025,CNG,Automatic,2058,First,Delhi,22,1497,10,1665607,1582326,1550679,32,2,0,0,95,9.73,7,768.87,0
Mahindra,XUV300,2023,Petrol,Automatic,26677,Second,Chennai,16,1199,8,1048864,862900,733465,37,15,2,212941,82.27,8.23,8,32.35,0
Volkswagen,Polo,2022,Petrol,Automatic,51716,First,Chandigarh,20,,9,1133607,790010,726809,46,8,3,373887,69.69,7.39,7,15.28,0
Skoda,Slavia,2018,Petrol,Manual,150866,Third,Hyderabad,17,1498,6,1244671,611133,513351,42,16,7,636883,49.1,7.05,6,4.05,0
Honda,Amaze,2021,Petrol,Manual,61813,Fourth,Coimbatore,,1199,5,903414,591374,544064,36,8,4,330839,65.46,5.93,7,9.57,0
Honda,Elevate,2022,Petrol,Automatic,35351,First,Chennai,17,1200,7,1169697,851071,731921,39,14,3,307488,72.76,6.92,7,24.07,0
Honda,City,2023,Diesel,Automatic,53720,Third,Surat,27,1497,8,1450440,1133373,997368,48,12,2,296305,78.14,8.67,7,21.1,0
Hyundai,Alcazar,2019,Petrol,Manual,67066,Second,Bangalore,20,1997,5,2121223,1096460,997778,33,9,6,1008740,51.69,6.16,10,16.35,0
Tata,Altroz,2024,Diesel,Automatic,25806,Second,Kolkata,24,1199,10,1001617,876414,718659,35,18,1,128673,87.5,10,9,33.96,0
Tata,Tigor,2021,Petrol,Manual,52933,Second,Chandigarh,20,1199,7,751994,510453,490034,,4,4,254504,67.88,6.22,8,9.64,0
Skoda,Octavia,2016,Petrol,Automatic,155970,First,Surat,22,1984,5,2573755,604832,526203,41,13,9,1965891,23.5,6.22,7,3.88,1
Honda,City,2020,Petrol,Automatic,78179,First,Coimbatore,22,,6,1382050,888934,755593,55,15,5,490687,64.32,7.13,7,11.37,0
Toyota,Camry,2025,Diesel,Automatic,500,Second,Coimbatore,24,2487,10,6492865,6168221,5551398,33,10,0,0,95,10,9,12336.44,1
MG,ZS EV,2023,Petrol,Automatic,18373,First,Bhopal,22,0,10,2928743,2249860,2024874,25,10,2,670972,76.82,10,8,122.45,1
Skoda,Kushaq,2017,CNG,Manual,125824,First,Hyderabad,25,1498,6,1128672,329120,309372,41,6,8,783402,29.16,6.31,6,2.62,0
Hyundai,Tucson,2021,Petrol,Automatic,38265,First,Pune,15,1998,7,3232987,2279902,2029112,32,11,4,1042584,70.52,7.55,9,59.58,1
MG,ZS EV,2018,Petrol,Automatic,81768,First,Chandigarh,15,0,7,2871995,1479651,1346482,46,9,7,1412451,51.52,6.29,6,18.1,1
Renault,Duster,2023,Petrol,Manual,19048,First,Bangalore,12,1498,10,1293548,1090590,894283,23,18,2,231749,84.31,8.16,6,57.25,0
Mahindra,Scorpio,2019,Petrol,Manual,109851,Fourth,Kolkata,18,2184,5,1697835,823959,741563,39,10,6,863065,48.53,5.98,7,7.5,0
MG,Astor,2018,Petrol,Automatic,191930,Fourth,Pune,19,1497,6,1420292,671087,610689,40,9,7,715255,47.25,5.31,6,3.5,0
Kia,EV6,2020,Electric,Automatic,55308,Second,Chennai,260,0,6,7341546,4433559,3724189,21,16,5,2961767,60.39,7.53,8,80.16,1
Honda,Jazz,2024,Petrol,Manual,25744,Second,Lucknow,20,1199,10,1349374,1191767,1060672,18,11,1,157511,88.32,9.73,8,46.29,0
Kia,Seltos,2024,Petrol,Manual,17216,Third,Bangalore,18,1497,9,1505548,1373059,1125908,35,18,1,163199,91.2,10,8,79.75,0
Maruti,Baleno,2021,Petrol,Automatic,47364,First,Bhopal,13,1197,7,926957,596589,542895,51,9,4,318074,64.36,7.24,9,12.6,0
Maruti,Brezza,2023,Petrol,Automatic,17984,First,Nagpur,19,,8,1200059,987288,947796,32,4,2,212357,82.27,8.6,10,54.9,0
Skoda,Kodiaq,2024,Petrol,Manual,15073,Second,Lucknow,15,1984,10,5991768,5081618,4217742,23,17,1,756460,84.81,8.44,7,337.13,1
Mahindra,Thar,2024,Petrol,Automatic,14679,Third,Coimbatore,19,2184,9,2436192,2150670,1978616,20,8,1,272173,88.28,9.98,8,146.51,0
Ford,Figo,2020,Petrol,Automatic,115954,Third,Pune,19,1194,7,924037,619012,544730,37,12,5,316332,66.99,5.12,5,5.34,0
Volkswagen,Polo,2021,Petrol,Automatic,55089,Second,Mumbai,14,999,6,940832,665732,559214,28,16,4,282775,70.76,5.92,6,12.08,0
Nissan,Magnite,2017,Diesel,Automatic,140159,Second,surat,27,999,6,900405,425711,387397,36,9,8,490484,47.28,6.05,4,3.04,0
Skoda,Slavia,2022,Diesel,Manual,78714,Third,Coimbatore,26,1498,10,1401232,987027,819232,42,17,3,452371,70.44,7.18,7,12.54,0
Hyundai,i20,2023,CNG,Manual,45019,Third,Bangalore,24,1197,6,971159,816162,685576,33,16,2,178217,84.04,6.52,8,18.13,0
Maruti,Alto,2023,Petrol,Manual,30408,Second,Bhopal,14,796,8,516186,421052,387367,30,8,2,103305,81.57,7.63,10,13.85,0
Nissan,Terrano,2021,Petrol,Manual,66684,First,Nagpur,19,1461,8,1372460,931763,801316,23,14,4,410950,67.89,,5,13.97,0
MG,ZS EV,2015,Petrol,Automatic,168717,First,Chandigarh,18,0,5,1941453,526327,515800,41,2,10,1371010,27.11,5.79,6,3.12,1
Kia,Carens,2018,Petrol,Automatic,110634,Second,Coimbatore,21,1497,6,1375601,547764,536808,55,2,7,810206,39.82,5.94,6,4.95,0
Tata,Punch,2023,Diesel,Manual,37211,Second,Surat,19,1199,10,1096021,870131,817923,28,6,2,198772,79.39,9.87,8,23.38,0
Kia,Sonet,2017,Petrol,Manual,141430,Third,Pune,19,1197,3,944249,366557,318904,,13,8,574066,38.82,4.87,7,2.59,0
Honda,Elevate,2023,Petrol,Manual,44183,Second,Kolkata,21,1200,7,1410879,1128844,1072401,47,5,2,298355,80.01,7.77,9,25.55,0
Toyota,Glanza,2021,Petrol,Automatic,73491,Second,Lucknow,14,1197,6,1119728,799261,743312,50,7,4,331255,71.38,7.84,8,10.88,0
Toyota,Glanza,2025,Petrol,Manual,581,First,Kolkata,15,1196,10,1016847,966004,840423,19,13,0,0,95,9.79,8,1662.66,0
Honda,WR-V,2014,Petrol,Manual,162663,First,Chennai,17,1199,3,912685,149406,143429,61,4,11,741625,16.37,3.74,7,0.92,0
Nissan,Kicks,2025,Diesel,Manual,746,Third,Hyderabad,26,1461,10,1295020,1230269,1131847,,8,0,0,95,7.75,4,1649.15,0
Maruti,Alto,2022,Petrol,Manual,64164,Second,Lucknow,14,796,7,478013,341062,306955,41,10,3,151060,71.35,9.5,10,11.39,0
Toyota,Urban Cruiser,2024,Diesel,Manual,15981,Second,Ahmedabad,17,1462,9,1289774,1173952,986119,19,16,1,151709,91.02,8.9,10,73.46,0
MG,Astor,2025,Petrol,Manual,2027,Second,Bangalore,15,1497,9,1796531,1706704,1416564,15,17,0,0,95,9.04,6,841.99,0
Nissan,Terrano,2022,CNG,Automatic,57037,First,Ahmedabad,24,1461,8,1302612,836016,727333,43,13,3,444977,64.18,6.64,4,14.66,0
Honda,Jazz,2017,Petrol,Automatic,152493,Third,Nagpur,17,1199,4,1023812,358743,322868,54,10,8,636972,35.04,4.77,7,2.35,0
Nissan,Terrano,2019,Diesel,Automatic,67713,First,Nagpur,16,1461,6,1259186,656287,630035,29,4,6,569507,52.12,6.26,6,9.69,0
Kia,Carens,2023,CNG,Manual,22661,Second,Delhi,25,1497,10,1340014,1102295,981042,19,11,2,242675,82.26,7.98,7,48.64,0
Renault,Kwid,2024,Diesel,Manual,12288,First,Coimbatore,28,799,10,537604,459060,385610,,16,1,65970,85.39,9.19,7,37.36,0
Skoda,Slavia,2022,Diesel,Manual,55862,Second,Chandigarh,28,1498,9,1669273,1206550,1013502,25,16,3,495770,72.28,9.33,7,21.6,0
Toyota,Urban Cruiser,2024,Petrol,Manual,12294,First,Chennai,20,1462,9,1292118,1152698,979793,16,15,1,143321,89.21,10,8,177.34,0
Hyundai,i20,2014,Diesel,Manual,1514540,First,Kolkata,17,1197,5,821594,123239,103520,37,16,11,790000,15,7.02,8,0.81,0
Nissan,Terrano,2022,Petrol,Manual,53325,Third,Pune,20,1461,6,1170132,777669,723232,35,7,3,391993,66.46,7.26,6,14.58,0
Nissan,Magnite,2021,Diesel,Manual,44334,First,Nagpur,26,999,6,1032874,736335,640611,31,13,4,310943,71.29,6.42,6,16.61,0
Tata,Tiago,2015,Petrol,Manual,198057,Second,Kolkata,16,1199,4,568247,85237,80122,67,6,10,514845,15,6.06,7,0.43,0
Hyundai,Verna,2022,Diesel,Manual,66725,Third,Nagpur,20,1495,7,1300220,905343,851022,48,6,3,369443,69.63,8.13,9,13.57,0
Volkswagen,Vento,2021,Diesel,Manual,112963,Third,Chennai,16,1598,7,1052952,722114,628239,33,13,4,352845,68.58,8.75,7,6.39,0
Toyota,Camry,2018,Petrol,Automatic,77422,Second,Hyderabad,22,2487,6,5126183,2472870,2151396,41,13,7,2754699,48.24,7.44,8,31.94,1
Renault,Duster,2025,Petrol,Automatic,500,First,Lucknow,14,1497,10,1382683,1313548,1274141,31,3,0,0,95,7.39,6,2627.1,0
Hyundai,Grand i10,2010,CNG,Manual,125623,First,Lucknow,23,1197,3,470589,70588,59999,57,15,15,586662,15,3.92,9,0.56,0
Renault,Triber,2025,Diesel,Automatic,500,Third,Chandigarh,22,999,9,1168306,1109890,910109,25,18,0,0,95,8.86,7,2219.78,0
Tata,Altroz,2023,Petrol,Manual,44659,Second,Nagpur,18,1199,7,880268,708703,680354,31,4,2,156342,80.51,7.22,7,15.87,0
Maruti,Dzire,2020,CNG,Automatic,85039,First,Bhopal,23,1197,6,927088,616328,505388,39,18,5,323294,66.48,6.19,10,7.25,0
Volkswagen,Taigun,2025,CNG,Automatic,2173,Second,Mumbai,29,1498,10,1498666,1423732,1238646,15,13,0,0,95,8.48,7,655.19,0
Maruti,Dzire,2024,Petrol,Manual,21925,Second,Surat,14,1197,10,1188262,1021667,878633,24,14,1,147388,85.98,10,10,46.6,0
Hyundai,Tucson,2022,CNG,Automatic,44457,Second,nagpur,23,1998,7,3396678,2302268,2256222,28,2,3,1122695,67.78,7.9,9,51.79,1
Tata,Safari,2017,Petrol,Manual,273845,Fourth,Bhopal,19,1956,5,2068770,593943,492972,55,17,8,1491732,28.71,6.24,8,2.17,0
Honda,WR-V,2022,Petrol,Manual,56819,Fourth,Coimbatore,19,1201,8,1075944,733040,593762,48,19,3,346353,68.13,8.68,8,12.9,0
Mahindra,XUV400,2021,Petrol,Automatic,106014,Fourth,Pune,20,0,5,2006527,1386108,1164330,32,16,4,592742,69.08,6.49,9,13.07,0
Maruti,Ciaz,2023,Petrol,Automatic,24187,Second,Kolkata,13,1462,9,1159357,963309,847711,24,12,2,210820,83.09,8.21,9,39.83,0
MG,Astor,2016,Petrol,Manual,109267,Second,Bangalore,,1497,4,1120697,419364,364846,35,13,9,712526,37.42,4.37,8,3.84,0
Ford,Aspire,2020,Petrol,Automatic,100440,Second,Bangalore,16,1194,7,1001251,655218,642113,45,2,5,359323,65.44,5.68,5,6.52,0
Mahindra,XUV300,2025,Petrol,Manual,500,Second,Chandigarh,16,1199,10,1124901,1068655,929729,16,13,0,0,95,10,9,2137.31,0
Maruti,Baleno,2017,Diesel,Automatic,303927,Fourth,Delhi,18,1197,4,893989,341146,324088,52,5,8,541724,38.16,6.28,10,1.12,0
Skoda,Kushaq,2019,CNG,Automatic,65210,First,Jaipur,26,1498,6,1383803,617868,568438,49,8,6,730880,44.65,6.05,5,9.48,0
Tata,Altroz,2022,Petrol,Manual,52481,Second,Jaipur,21,1199,7,1080939,712446,626952,48,12,3,367641,65.91,7.96,9,13.58,0
Volkswagen,Taigun,2023,Diesel,Automatic,25405,First,Nagpur,17,1498,9,1503470,1159776,1090189,36,6,2,341359,77.14,8.79,7,45.65,0
Kia,Carens,2015,Petrol,Manual,138977,Third,Jaipur,13,1497,4,1126932,169039,131850,54,22,10,974378,15,4.32,8,1.22,0
MG,Astor,2023,Diesel,Automatic,42631,Third,Bangalore,21,1497,8,1619412,1309294,1165271,49,11,2,345458,80.85,7.14,8,,0
MG,Astor,2023,CNG,Manual,52569,Third,Chandigarh,26,1497,7,1442443,1088755,990767,54,9,2,329153,75.48,8.56,6,20.71,0
Volkswagen,Taigun,2024,Petrol,Manual,20250,Second,Bhopal,15,1498,10,1557843,1338810,1124600,17,16,1,200596,85.94,7.64,5,66.11,0
Kia,Carens,2025,Petrol,Automatic,3205,First,Jaipur,20,1497,10,1509866,1434372,1305278,21,9,0,0,95,7.65,7,447.54,0
Ford,EcoSport,2020,Petrol,Manual,123422,Fourth,Pune,19,1497,5,1091697,704908,592122,34,16,5,384962,64.57,6.8,5,5.71,0
Mahindra,Thar,2014,Petrol,Manual,239632,Third,Bhopal,20,2184,3,1565558,369784,329107,74,11,11,1187219,23.62,5.48,9,1.54,0
Honda,Jazz,2021,Petrol,Manual,46198,First,Nagpur,16,,7,985033,647265,537229,44,17,4,350598,65.71,8.28,7,14.01,0
Ford,Aspire,2022,Petrol,Automatic,84375,Third,Chandigarh,21,1192,7,931260,685593,548474,41,20,3,245243,73.62,7.01,4,8.13,0
MG,Gloster,2024,CNG,Automatic,19620,Third,Surat,24,1996,10,4847487,4232340,3385872,39,20,1,603015,87.31,9.25,6,215.72,1
Toyota,Urban Cruiser,2020,Petrol,Manual,55708,First,Hyderabad,22,1462,7,1094361,612623,569739,41,7,5,488488,55.98,9.12,10,11,0
Volkswagen,Polo,2024,Petrol,Automatic,13417,First,Coimbatore,19,999,9,1249703,1093740,1049990,39,4,1,158828,87.52,8.39,7,81.52,0
Kia,Carens,2010,CNG,Manual,281214,Third,Chandigarh,30,1497,1,798757,119813,94652,70,21,15,1018314,15,3.83,6,0.43,0
Nissan,Terrano,2023,Petrol,Manual,40577,Third,Jaipur,20,1461,6,1460214,1165834,1014275,52,13,2,254956,79.84,7.99,5,28.73,0
Maruti,Ertiga,2018,Diesel,Manual,76403,Second,Coimbatore,17,1462,6,1097214,407395,358507,51,12,7,657598,37.13,6.31,9,5.33,0
Mahindra,Bolero,2018,Petrol,Manual,70430,Second,Surat,15,1493,5,1146331,529719,482044,56,9,7,625288,46.21,6.07,8,7.52,0
Renault,Kiger,2023,Petrol,Automatic,38358,Second,Mumbai,20,999,7,1028562,801764,689517,37,14,2,232466,77.95,8.46,5,20.9,0
Maruti,Dzire,2023,Petrol,Manual,56990,Third,Hyderabad,17,1197,6,904809,740405,703384,40,5,2,168989,81.83,8.4,9,12.99,0
Hyundai,Alcazar,2025,Petrol,Manual,4613,First,Kolkata,17,1999,10,2492321,2367704,2036225,25,14,0,0,95,10,8,513.27,0
MG,Astor,2017,Petrol,Automatic,139293,First,Chennai,20,1497,5,1354412,480816,432734,59,10,8,834002,35.5,5.68,8,3.45,0
Maruti,WagonR,2021,Diesel,Manual,39364,First,Jaipur,,1197,8,664862,461015,391862,29,15,4,192468,69.34,9.76,9,11.71,0
Maruti,Ertiga,2016,Diesel,Automatic,167527,Second,Chandigarh,,1462,6,1050263,346481,291044,44,16,9,722300,32.99,7.66,10,2.07,0
Toyota,Glanza,2016,Petrol,Manual,193594,Second,Bhopal,19,1197,5,704931,222969,187293,62,16,9,483597,31.63,5.18,9,1.15,0
Tata,Harrier,2024,Petrol,Manual,10211,First,Nagpur,14,1956,10,2590803,2300373,2070335,27,10,1,340764,88.79,8.51,7,225.28,0
Renault,Duster,2015,CNG,Manual,182830,Second,Ahmedabad,29,1498,3,1028520,154278,128050,51,17,10,939661,15,3.75,7,0.84,0
Nissan,Kicks,2019,CNG,Manual,110803,Second,Jaipur,28,1461,5,1203002,561441,538983,42,4,6,644900,46.67,4.86,4,5.07,0
Maruti,Baleno,2023,Diesel,Manual,39066,Second,Ahmedabad,24,1197,9,1129354,919407,818272,41,11,2,240664,81.41,8.87,10,23.53,0
Skoda,Kodiaq,2018,Diesel,Automatic,150382,Second,Surat,21,1984,7,4663536,1728772,1590470,49,8,7,2858125,37.07,7.16,7,11.5,1
Honda,City,2021,Diesel,Manual,65838,Third,Chandigarh,24,1497,5,1487942,1024448,819558,48,20,4,419376,68.85,5.78,9,,0
Honda,City,2020,Diesel,Automatic,120137,Third,Bhopal,17,1497,7,1303213,829495,729955,48,12,5,464652,63.65,8.33,9,6.9,0
Mahindra,Scorpio,2025,CNG,Manual,500,Second,Coimbatore,27,2184,10,2512502,2386876,1981107,27,17,0,0,95,10,9,4773.75,0
MG,ZS EV,2022,Diesel,Automatic,66862,Second,Kolkata,19,0,8,3389499,2439761,2293375,17,6,3,921587,71.98,7.25,8,36.49,1
Hyundai,Verna,2024,CNG,Manual,18431,First,Bangalore,25,1497,10,1610603,1416525,1359864,21,4,1,209706,87.95,9.83,9,76.86,0
Hyundai,Grand i10,2020,Diesel,Manual,74938,Second,Kolkata,21,1197,7,885837,599091,539181,35,10,5,304976,67.63,7.41,8,7.99,0
Volkswagen,Vento,2019,Petrol,Automatic,95867,First,Coimbatore,14,1598,6,1151784,669071,615545,27,8,6,504429,58.09,6.87,5,6.98,0
Mahindra,XUV700,2020,Diesel,Automatic,81289,Third,Lucknow,17,2184,7,2395019,1262893,1174490,45,7,5,1093582,52.73,7.71,7,15.54,1
Mahindra,Bolero,2023,Diesel,Automatic,25789,First,Mumbai,18,1493,9,1512277,1164604,1048143,42,10,2,324020,77.01,8.41,9,45.16,0
Hyundai,Venue,2014,Petrol,Manual,126328,Second,Surat,,1197,4,753676,113051,96093,38,15,11,711117,15,5.7,10,0.89,0
Maruti,Alto,2025,Petrol,Manual,2242,Second,Chennai,16,796,10,635586,603806,561539,20,7,0,0,95,9.65,10,269.32,0
Kia,Sonet,2021,Diesel,Manual,48646,First,Surat,27,1197,8,1214828,822681,773320,32,6,4,399410,67.72,8.2,6,16.91,0
Maruti,WagonR,2025,Petrol,Automatic,500,First,Surat,18,1197,9,971048,922495,821020,24,11,0,0,95,9.23,9,1844.99,0
Honda,Jazz,2022,Petrol,Manual,30885,First,Ahmedabad,20,1199,9,1152903,874361,751950,19,14,3,300044,75.84,7.61,7,28.31,0
Tata,Nexon,2019,Petrol,Manual,72817,First,Lucknow,15,1497,6,1075203,611682,556630,43,9,6,463541,56.89,5.91,9,8.4,0
Maruti,Dzire,2022,Petrol,Manual,52593,Second,Kolkata,16,1197,8,1015614,716109,594370,34,17,3,311175,70.51,9.09,10,13.62,0
Kia,Carens,2022,Petrol,Manual,49838,Second,Ahmedabad,18,1497,7,1479660,989448,831136,34,16,3,499569,66.87,6.1,6,19.85,0
Ford,Aspire,2014,Petrol,Manual,132364,First,Pune,13,1194,4,797660,119649,110077,43,8,11,772419,15,4.92,6,0.9,0
Maruti,Swift,2021,Petrol,Manual,40595,First,Delhi,21,,7,779566,537432,462191,32,14,4,238942,68.94,8.22,10,13.24,0
Honda,City,2017,Petrol,Automatic,113985,Second,Lucknow,19,1497,4,1198166,372150,312606,59,16,8,861598,31.06,4.2,7,3.26,0
Kia,Sonet,2024,CNG,Manual,15028,Second,Pune,25,1197,10,1316138,1162413,953178,34,18,1,154041,88.32,9.41,6,77.35,0
Renault,Kiger,2022,CNG,Automatic,36979,Second,Chennai,,999,7,925391,654714,576148,39,12,3,284089,70.75,6.94,6,17.71,0
Toyota,Fortuner,2024,Petrol,Automatic,17825,First,Coimbatore,17,2755,10,5037479,4405779,4185490,32,5,1,521721,87.46,8.55,8,247.17,1
Honda,City,2022,Petrol,Manual,35864,First,Chandigarh,18,1497,8,1294453,939384,770294,25,18,3,378197,72.57,7.76,8,26.19,0
Hyundai,Alcazar,2021,Petrol,Automatic,76999,Second,Bhopal,19,1997,8,1936104,1402320,1318180,40,6,4,531604,72.43,7.81,8,18.21,0
Tata,Altroz,2017,CNG,Manual,135050,Second,Ahmedabad,20,1199,6,719395,262651,233759,46,11,8,445335,36.51,5.17,8,1.94,0
MG,Hector,2015,Diesel,Automatic,222598,Third,Surat,21,1956,2,1582659,411807,382980,57,7,10,1180097,26.02,3.65,6,1.85,0
Volkswagen,Taigun,2023,CNG,Manual,17027,Second,Chennai,29,1498,8,1508289,1179180,1002303,43,15,2,289832,78.18,7.13,5,69.25,0
Volkswagen,Virtus,2024,Petrol,Automatic,25229,Fourth,Bangalore,21,1498,8,1411727,1250084,1087573,33,13,1,155442,88.55,8.95,7,49.55,0
Maruti,Dzire,2024,Petrol,Automatic,26677,Third,Lucknow,22,1196,9,1204603,1050172,819134,32,22,1,126927,87.18,9.06,10,39.37,0
Toyota,Innova,2016,Diesel,Automatic,116464,First,Nagpur,20,2393,6,1937300,757096,620818,34,18,9,1233524,39.08,6.58,8,6.5,0
Kia,Sonet,2024,Petrol,Automatic,13047,Second,Hyderabad,22,1197,10,1254571,1074414,977716,18,9,1,154721,85.64,10,8,82.35,0
Tata,Tiago,2019,Petrol,Manual,50184,First,Kolkata,21,1199,5,645692,336986,283068,47,16,6,297380,52.19,7.06,7,6.72,0
Mahindra,XUV400,2018,Petrol,Automatic,84174,Third,Bhopal,18,0,6,1851263,956917,765533,61,20,7,940431,51.69,8.08,9,11.37,0
MG,Hector,2018,Petrol,Automatic,115292,First,Pune,21,1956,6,1589734,726826,625070,51,14,7,826523,45.72,6.05,6,6.3,0
Kia,Carens,2022,Petrol,Manual,53960,Second,Ahmedabad,20,1497,7,1575156,1125448,1080430,49,4,3,405157,71.45,9.07,8,20.86,0
Renault,Triber,2019,Petrol,Manual,107183,Second,Lucknow,14,999,7,850361,466508,424522,43,9,6,369702,54.86,6.76,5,12.51,0
Nissan,Kicks,2021,Petrol,Automatic,57481,First,Ahmedabad,15,1461,6,1141780,802899,786841,49,2,4,369728,70.32,5.07,5,13.97,0
Renault,Kiger,2024,Petrol,Automatic,15870,Second,Jaipur,22,999,10,1065394,908781,745200,14,18,1,142461,85.3,9.91,6,57.26,0
Maruti,Brezza,2024,Petrol,Automatic,16333,First,Delhi,21,1462,10,1351340,1173638,1056274,34,10,1,178813,86.85,10,10,71.86,0
Mahindra,XUV700,2019,Petrol,Automatic,80534,Second,Kolkata,21,2184,5,2190058,1140144,1048932,53,8,6,1020095,52.06,5.98,7,14.16,1
MG,Hector,2024,Petrol,Automatic,172340,Second,Chennai,21,1956,10,2085685,1778880,1458681,29,18,1,259763,85.29,10,7,103.22,0
Volkswagen,Polo,2019,CNG,Automatic,54174,First,Chennai,27,999,6,1007049,512587,481831,35,6,6,495987,50.9,6.09,7,9.46,0
Mahindra,Bolero,2022,Petrol,Manual,50815,Third,Hyderabad,22,1493,6,1246397,878709,746902,44,15,3,336275,70.5,8.02,8,17.29,0
Kia,Carens,2018,Petrol,Manual,161504,Fourth,Pune,18,,4,1365990,575218,460174,38,20,7,815628,42.11,6.25,6,3.56,0
Skoda,Octavia,2017,Petrol,Automatic,106713,Third,Jaipur,17,1984,5,3188474,935179,757494,46,19,8,2311688,29.33,5.05,6,8.76,1
Tata,Safari,2022,Petrol,Manual,49887,Second,Lucknow,14,1956,7,2300891,1601650,1425468,44,11,3,659286,69.61,7.44,8,32.11,0
Nissan,Kicks,2021,Petrol,Manual,40765,First,Ahmedabad,15,1461,7,1326594,912961,867312,32,5,4,405136,68.82,6.89,6,22.4,0
Mahindra,Thar,2023,Petrol,Manual,51267,Third,Mumbai,13,,7,2216812,1802933,1658698,40,8,2,394293,81.33,6.48,8,35.17,0
Honda,HR-V,2019,CNG,Automatic,106098,Second,Pune,27,1498,5,1292454,611718,550546,31,10,6,680873,47.33,6.03,7,5.77,0
Nissan,Kicks,2017,CNG,Manual,116577,Third,Bangalore,22,1461,5,980829,322692,283968,51,12,8,648255,32.9,4.28,4,2.77,0
Renault,Duster,2014,Petrol,Automatic,145599,First,Surat,17,1498,3,994203,149130,129743,55,13,11,978957,15,5.21,5,1.02,0
Kia,Sonet,2025,Petrol,Automatic,4279,First,Ahmedabad,19,1197,9,1147043,1089690,937133,,14,0,0,95,7.91,6,254.66,0
Tata,Altroz,2022,Diesel,Automatic,28300,First,Chennai,20,1199,10,949635,663415,623610,31,6,3,275435,69.86,8.93,8,23.44,0
Mahindra,XUV700,2023,Petrol,Automatic,50986,Second,Kolkata,16,2184,8,2577176,2117407,1736273,35,18,2,439104,82.16,7.6,9,41.53,1
Tata,Tigor,2023,Petrol,Manual,28760,Fourth,Chennai,14,1199,7,902621,707293,636563,48,10,2,200531,78.36,7.56,8,24.59,0
Kia,Carens,2012,Diesel,Manual,340223,Third,Bhopal,25,1497,1,837341,125601,101736,71,19,13,892333,15,4.36,8,0.37,0
Mahindra,Bolero,2025,Petrol,Manual,2916,Second,Delhi,21,1493,10,1505705,1430419,1215856,15,15,0,0,95,9.1,7,490.54,0
Ford,Figo,2025,Diesel,Manual,236,Third,Ahmedabad,21,1194,10,940924,893877,732979,33,18,0,0,95,,5,3787.61,0
Renault,Kiger,2019,Petrol,Manual,82919,First,Kolkata,13,999,6,910112,511118,480450,53,6,6,418599,56.16,7.44,7,6.16,0
Volkswagen,Vento,2024,CNG,Manual,15409,First,Ahmedabad,29,1598,10,1178587,1041870,989776,30,5,1,138795,88.4,7.96,7,67.61,0
Volkswagen,Polo,2024,Petrol,Manual,12496,First,Lucknow,22,999,10,1079910,988981,840633,41,15,1,115477,91.58,10,7,79.14,0
MG,Gloster,2024,Petrol,Automatic,22123,Third,Ahmedabad,21,1996,8,4786852,4247852,3695631,18,13,1,596597,88.74,9.79,8,192.01,1
Hyundai,Verna,2019,Petrol,Manual,70660,Second,Bangalore,20,1499,5,1303716,614832,596387,39,3,6,684191,47.16,8.2,9,8.7,0
Tata,Tigor,2023,Petrol,Manual,41825,Third,Chennai,20,1199,8,862382,654461,510479,35,22,2,182145,75.89,6.82,8,,0
MG,Hector,2013,Petrol,Manual,180364,First,Pune,16,1956,4,1474112,263718,253169,48,4,12,1249916,17.89,5.46,7,1.46,0
Tata,Altroz,2019,Diesel,Automatic,55271,First,Pune,21,1199,6,874956,429515,369382,38,14,6,432710,49.09,7.44,7,7.77,0
Honda,Elevate,2015,Petrol,Manual,260520,Fourth,Coimbatore,18,1200,4,1018866,248195,201037,60,19,10,776033,24.36,4.56,9,0.95,0
Nissan,Terrano,2018,Petrol,Automatic,90451,Second,Mumbai,14,1461,5,963416,449337,440350,45,2,7,534541,46.64,5.07,5,4.97,0
Honda,HR-V,2015,Petrol,Automatic,248183,Fourth,Coimbatore,15,1498,4,1308558,406176,369620,64,9,10,929521,31.04,5.49,8,3.87,0
Volkswagen,Taigun,2020,Diesel,Automatic,59083,Third,Kolkata,16,1498,6,1403835,845249,659294,51,22,5,518685,60.21,4.72,5,14.31,0
Toyota,Fortuner,2023,Petrol,Automatic,24585,First,Delhi,14,2755,9,4766181,3960696,3406198,38,14,2,880819,83.1,10,10,161.1,1
Skoda,Kodiaq,2025,Petrol,Automatic,2379,Second,Jaipur,21,1984,10,5392655,5123022,4610719,35,10,0,0,95,8.09,6,2153.44,1
Honda,City,2014,Petrol,Manual,246480,Third,Hyderabad,20,1497,4,1127267,169090,147108,73,13,11,1031796,15,4.23,8,0.69,0
Tata,Punch,2024,Diesel,Manual,21737,Third,Kolkata,27,1199,9,1152557,988663,840363,44,15,1,144070,85.78,8.88,8,45.48,0
Kia,Sonet,2019,Petrol,Automatic,73500,First,Surat,21,1197,6,1112763,568288,488727,43,14,6,566060,51.07,6.41,8,7.73,0
MG,ZS EV,2024,CNG,Automatic,16305,First,Lucknow,29,0,10,3408418,3045762,2954389,24,3,1,379029,89.36,7.64,7,186.8,1
MG,Hector,2024,Petrol,Manual,19740,Second,Ahmedabad,22,1956,10,2290172,2051994,1867314,25,9,1,297009,89.6,8.69,8,103.95,0
Mahindra,Scorpio,2024,Diesel,Automatic,10957,Second,Lucknow,23,2184,9,1930016,1727171,1623540,42,6,1,252614,89.49,9.81,7,157.63,0
Mahindra,Thar,2024,Diesel,Automatic,7536,First,Ahmedabad,25,2184,10,2173628,1902141,1654862,26,13,1,243749,87.51,9.18,7,252.41,0
Kia,EV6,2021,Petrol,Manual,36041,Second,Nagpur,13,0,8,7147475,4695176,3850044,33,18,4,2520559,65.69,9.12,8,130.27,1
Renault,Kwid,2016,Petrol,Automatic,137379,Fourth,Lucknow,19,799,4,421288,110798,104150,43,6,9,308539,26.3,4.92,7,0.81,0
Toyota,Innova,2015,CNG,Automatic,178742,Fourth,Mumbai,27,2393,4,2004780,470922,357900,38,24,10,1509358,23.49,6.07,10,2.63,0
MG,Gloster,2023,Diesel,Manual,20190,First,Surat,23,1996,10,4779805,4051840,3484582,24,14,2,847961,84.77,9.68,8,200.69,1
Tata,Safari,2024,Petrol,Automatic,25951,Third,Pune,14,1956,10,2666131,2392852,1962138,34,18,1,277140,89.75,8.43,7,92.21,0
Hyundai,Verna,2020,Petrol,Automatic,75590,First,Chandigarh,15,1497,6,1149475,600255,588249,29,2,5,523036,52.22,5.85,9,7.94,0
Tata,Harrier,2021,Petrol,Manual,62719,First,Delhi,19,1958,8,2178346,1570805,1303768,25,17,4,646958,72.11,8.87,7,25.05,0
Kia,Carens,2022,Petrol,Manual,47365,First,Ahmedabad,17,1497,9,1575774,1071053,921105,18,14,3,480326,67.97,9.39,7,66.76,0
Maruti,WagonR,2024,Diesel,Automatic,17823,Third,Chandigarh,16,1197,8,863847,774784,720549,32,7,1,100597,89.69,7.81,9,43.47,0
Renault,Kwid,2023,Petrol,Automatic,38298,Second,Jaipur,17,799,9,558881,436262,383910,23,12,2,112521,78.06,,5,,0
Tata,Punch,2022,Petrol,Automatic,33680,First,Hyderabad,20,1197,7,1023149,688681,612926,34,11,3,332535,67.31,8.51,8,,0
Kia,Carens,2020,Petrol,Automatic,101557,Third,Bangalore,18,1497,7,1342850,911392,747341,52,18,5,461938,67.87,8.86,8,8.97,0
Skoda,Kodiaq,2023,Petrol,Automatic,17433,Second,Bangalore,14,1984,10,5754649,4262468,3708347,33,13,2,1321214,74.07,9.58,6,244.51,1
Ford,Endeavour,2019,Petrol,Manual,93664,Third,Chandigarh,15,1996,5,5035549,2117951,1927335,48,9,6,2778411,42.06,4.39,4,58.49,1
Mahindra,XUV700,2025,Diesel,Automatic,4946,First,Lucknow,19,2184,9,2967747,2819359,2762971,12,2,0,0,95,9.19,9,570.03,1
Tata,Harrier,2024,Petrol,Manual,25964,Second,Bangalore,14,1956,9,2610541,2359929,2029538,28,14,1,316857,90.4,7.55,8,90.89,0
Honda,City,2020,Petrol,Manual,78578,Second,Chandigarh,20,1497,6,1205543,816875,710681,48,13,5,409952,67.76,5.66,7,10.4,0
Ford,Endeavour,2025,Petrol,Automatic,5989,Second,Chandigarh,17,1995,9,6988524,6639097,6439924,36,3,0,0,95,6.6,4,1108.55,1
Mahindra,XUV700,2010,Petrol,Automatic,518624,Fourth,Ahmedabad,14,2183,2,1543668,231550,219972,48,5,15,1576578,15,4.19,7,0.45,1
Hyundai,Aura,2020,Diesel,Manual,90892,Third,Lucknow,16,1197,5,793123,422100,354564,59,16,5,360501,53.22,7.11,9,4.64,0
Maruti,Ertiga,2022,Petrol,Automatic,30073,First,Jaipur,21,1462,10,1183798,823686,691896,42,16,3,370329,69.58,8.17,9,27.39,0
Toyota,Fortuner,2022,Diesel,Automatic,31479,Second,Delhi,26,2755,10,5262273,3759367,3383430,21,10,3,1516869,71.44,9.26,9,276.92,1
Maruti,Ciaz,2017,Petrol,Manual,110732,Second,Chennai,13,1462,5,1125536,379530,315009,34,17,8,757210,33.72,6.3,10,3.43,0
Tata,Tigor,2022,CNG,Automatic,57666,Third,Bhopal,28,1199,10,788563,551520,518428,21,6,3,216712,69.94,9.73,7,9.56,0
Mahindra,XUV700,2023,Diesel,Automatic,16089,First,Mumbai,17,2184,10,3140321,2587938,2251506,37,13,2,551335,82.41,8.47,7,160.85,1
Nissan,Kicks,2016,Diesel,Manual,120288,First,Bhopal,20,1463,5,980551,352115,338030,34,4,9,631986,35.91,4.95,6,2.93,0
Renault,Triber,2024,CNG,Automatic,15941,Second,Kolkata,27,999,10,919587,813466,789062,31,3,1,93910,88.46,9.63,5,51.03,0
Tata,Altroz,2023,Petrol,Manual,30832,First,Nagpur,15,1198,7,1000261,800108,752101,28,6,2,218614,79.99,6.87,9,25.95,0
Tata,Tigor,2021,Petrol,Manual,46592,Third,Kolkata,16,1199,5,819592,513310,426047,47,17,4,299557,62.63,6.88,9,11.02,0
Hyundai,Verna,2012,Diesel,Manual,256191,Second,Bhopal,18,1497,3,936376,140456,130624,57,7,13,984900,15,6.21,9,0.55,0
MG,ZS EV,2020,PETROL,Automatic,59380,First,Bangalore,14,0,9,2433493,1417753,1261800,,11,5,978944,58.26,9.73,8,23.88,1
Volkswagen,Vento,2021,Diesel,Automatic,60820,Second,Hyderabad,20,1598,8,1193056,843729,750918,24,11,4,338710,70.72,6.96,6,13.87,0
MG,Astor,2022,Petrol,Automatic,75057,Third,Ahmedabad,16,1499,8,1377952,957538,909661,27,5,3,450890,69.49,8.76,8,12.76,0
Renault,Kiger,2022,Petrol,Manual,29722,First,Lucknow,20,999,8,907798,646442,633513,47,2,3,272717,71.21,7.34,7,21.75,0
Nissan,Kicks,2025,CNG,Manual,5184,Third,Chennai,25,1461,9,1416909,1346063,1238377,44,8,0,0,95,7.26,5,259.66,0
Ford,Endeavour,2024,CNG,Automatic,12814,First,Bangalore,25,1996,9,6582454,5963045,5724523,9,4,1,720126,90.59,7.29,4,465.35,1
Honda,Jazz,2025,Petrol,Automatic,520,Second,Hyderabad,18,1199,9,1293619,1228938,1020018,41,17,0,0,95,9.19,8,2363.34,0
Renault,Kiger,2012,Petrol,Manual,223366,Second,Pune,19,999,4,621294,93194,89466,43,4,13,710994,15,5.38,7,0.42,0
Maruti,Alto,2020,Petrol,Automatic,77318,Third,Chennai,24,795,6,447218,259296,225587,41,13,5,200899,57.98,8.95,10,3.35,0
Kia,Sonet,2025,Petrol,Manual,500,Second,Bangalore,14,1197,9,1283306,1219140,1072843,37,12,0,0,95,9.63,6,2438.28,0
Ford,Endeavour,2021,Petrol,Automatic,71768,Second,Bangalore,19,1996,7,5916960,4162581,3704697,44,11,4,1878385,70.35,5.93,6,58,1
Kia,Sonet,2021,Petrol,Manual,48693,First,Mumbai,21,1197,6,1045108,679111,556871,45,18,4,335457,64.98,7.16,7,39.35,0
MG,Hector,2023,Petrol,Manual,23616,First,Bangalore,20,1956,10,2154050,1695883,1492377,41,12,2,461653,78.73,7.99,8,71.81,0
Volkswagen,Vento,2024,Petrol,Automatic,13303,Second,Chandigarh,14,1598,9,1282001,1128801,1038496,23,8,1,140463,88.05,7.84,7,84.85,0
Tata,Punch,2022,Petrol,Manual,29229,Second,Ahmedabad,16,1199,8,1142919,833987,742248,48,11,3,333937,72.97,7.35,7,28.53,0
Ford,Aspire,2021,CNG,Automatic,78565,Second,Lucknow,22,1194,8,948128,646433,581789,39,10,4,286044,68.18,8.27,6,8.23,0
Maruti,Baleno,2015,Petrol,Manual,162844,First,Hyderabad,16,1197,3,755098,243292,235993,68,3,10,522631,32.22,6.32,10,1.49,0
Honda,Jazz,2019,Petrol,Manual,66465,Second,Pune,17,1199,5,1077823,607029,588818,36,3,6,484467,56.32,5.08,8,9.13,0
Maruti,WagonR,2023,Petrol,Automatic,30600,First,Jaipur,13,1197,8,780686,623611,523833,29,16,2,174088,79.88,7.39,9,20.38,0
Kia,Carens,2024,Petrol,Automatic,19870,Second,Chennai,20,1497,9,1677413,1507658,1341815,26,11,1,208206,89.88,7.32,7,75.88,0
Renault,Kiger,2013,Diesel,Manual,214174,First,Jaipur,29,999,3,560790,84118,68976,71,18,12,540752,15,4.33,7,0.39,0
Renault,Kwid,2013,Petrol,Automatic,131276,Second,Kolkata,13,799,2,334589,50188,45169,62,10,12,359387,15,2.35,5,0.38,0
Tata,Harrier,2012,Diesel,Manual,186506,Second,Jaipur,27,1956,2,1453130,217969,178734,66,18,13,1365065,15,2.98,7,1.17,0
Volkswagen,Virtus,2014,Diesel,Automatic,201382,Second,Chandigarh,26,1498,4,1096395,16500,161706,54,2,11,928251,15.05,4.85,7,0.82,0
Ford,EcoSport,2015,Diesel,Manual,174525,Third,Coimbatore,23,1497,4,1008614,248219,218432,44,12,10,750263,24.61,4.82,6,1.42,0
Honda,Amaze,2024,Petrol,Manual,10233,First,Bhopal,15,1199,9,1076646,932267,811072,34,13,1,118957,86.59,10,9,91.1,0
Tata,Tiago,2025,Diesel,Manual,500,First,Chandigarh,22,1199,10,891273,846709,829774,15,2,0,0,95,8.19,8,1693.42,0
Mahindra,XUV700,2019,Petrol,Automatic,77767,Second,Bangalore,13,2182,5,2710073,1287013,1222662,45,5,6,1351383,47.49,5.44,8,16.55,1
Renault,Kwid,2020,Petrol,Automatic,119149,Second,Bhopal,15,799,8,498979,312660,303280,37,3,5,190298,62.66,,7,2.62,0
Hyundai,Alcazar,2024,Petrol,Manual,12309,Second,Jaipur,20,1999,10,2201697,1868800,1625856,24,13,1,275587,84.88,9.37,9,151.82,0
Maruti,Brezza,2018,Petrol,Automatic,114528,Second,Pune,21,1462,5,1114592,436362,370907,59,15,7,684661,39.15,7.8,9,3.81,0
Tata,Punch,2016,CNG,Manual,170604,Second,Chandigarh,30,1199,5,812576,282938,248985,55,12,9,516089,34.82,4.7,7,1.66,0
Mahindra,Thar,2024,Petrol,Manual,13316,Second,Ahmedabad,17,2184,10,2418931,2129384,1937739,25,9,1,261533,88.03,10,9,159.91,0
Renault,Kwid,2022,Petrol,Manual,41904,First,Bhopal,21,799,8,556171,409230,376491,25,8,3,162786,73.58,8.17,7,21.19,0
Maruti,Brezza,2020,Petrol,Automatic,132448,Third,Lucknow,19,1462,6,1104558,647712,505215,53,22,5,462616,58.64,8.1,10,4.89,0
Toyota,Glanza,2019,Petrol,Manual,70182,First,Chennai,20,1197,6,866178,487658,414509,42,15,6,379912,56.3,6.45,10,6.95,0
Hyundai,Verna,2020,Diesel,Manual,55539,First,Hyderabad,26,1497,6,1342582,763526,664267,32,13,5,596286,56.87,6.08,8,13.75,0
Renault,Duster,2025,Diesel,Automatic,500,First,Jaipur,23,1498,10,1440732,1368695,1245512,33,9,0,0,95,7.05,5,2737.39,0
Nissan,Terrano,2025,Diesel,Automatic,738,Fourth,Delhi,23,1461,10,1408411,1337990,1257710,28,6,0,0,95,8.02,6,1812.99,0
Skoda,Octavia,2022,Petrol,Automatic,62821,Third,Jaipur,19,1984,6,3736342,2705485,2380826,33,12,3,1009389,72.41,6.07,6,43.07,1
Mahindra,XUV300,2021,Petrol,Manual,69809,Second,Pune,16,1199,8,1015540,710268,653446,21,8,4,279745,69.94,7.94,9,10.17,0
Honda,HR-V,2022,Diesel,Automatic,24494,First,Bangalore,18,1498,10,1434724,978625,919907,37,6,3,491032,68.21,9.62,9,39.95,0
Honda,Elevate,2015,Petrol,Automatic,178092,First,Jaipur,21,1200,3,899167,247810,220550,68,11,10,669523,27.56,4.29,7,1.39,0
Skoda,Octavia,2022,Petrol,Automatic,45720,Second,Bangalore,22,1984,8,3289313,2232456,2098508,31,6,3,1054810,67.87,6.38,7,48.83,1
Maruti,Swift,2016,Petrol,Automatic,154300,Third,Ahmedabad,22,1197,5,778038,243525,206996,40,15,9,542088,31.3,6.32,9,1.58,0
Volkswagen,Vento,2024,Petrol,Automatic,7119,First,Hyderabad,16,1598,10,1452893,1316902,1237887,29,6,1,160081,90.64,8.38,7,184.98,0
Ford,Endeavour,2023,Petrol,Automatic,53212,Third,Delhi,23,1996,6,5753011,4672595,3878253,42,17,2,978449,81.22,6.09,4,87.81,1
Honda,City,2023,Petrol,Manual,30034,First,Chandigarh,14,1497,8,1441594,1153275,1084078,25,6,2,250308,80,7.16,7,64.12,0
Volkswagen,Taigun,2024,Diesel,Automatic,22549,Second,Surat,23,1498,10,1517352,1344070,1196222,41,11,1,168862,88.58,7.56,5,171.5,0
Kia,Sonet,2024,Petrol,Manual,14812,Second,Chennai,16,1197,9,1217656,1077747,1023859,41,5,1,126733,88.51,7.54,7,72.76,0
Tata,Altroz,2020,Petrol,Manual,61180,First,Bhopal,13,1199,8,775340,475283,456271,27,4,5,292223,61.3,6.65,8,7.77,0
Mahindra,Thar,2023,Petrol,Manual,44361,Fourth,Coimbatore,15,2186,7,2039982,1562830,1250264,47,20,2,453070,76.61,8.55,7,35.23,0
Renault,Duster,2016,Diesel,Automatic,191527,Third,Chandigarh,24,1498,4,1155513,408242,330676,51,19,9,780303,35.33,5.83,7,2.13,0
Nissan,Terrano,2021,Petrol,Manual,89620,Third,Ahmedabad,15,1461,7,1162226,749170,644286,27,14,4,408616,64.46,6.55,4,8.36,0
Tata,Tigor,2024,Diesel,Automatic,15847,First,Kolkata,23,1199,10,955974,845559,693358,31,18,1,102047,88.45,7.66,7,,0
Maruti,Swift,2024,CNG,Manual,16595,Second,Bangalore,23,1197,9,1067586,945240,812906,24,14,1,144665,88.54,9.03,10,56.96,0
Hyundai,Venue,2024,Petrol,Automatic,10415,Second,Nagpur,13,1197,10,1197617,1068992,1047612,39,2,1,162194,89.26,10,8,102.64,0
Nissan,Magnite,2020,Petrol,Manual,85276,First,Chandigarh,14,999,6,1008245,666248,546323,34,18,5,371270,66.08,7.22,6,7.81,0
Tata,Safari,2019,Petrol,Manual,67013,First,Mumbai,15,1956,5,1967555,938523,844670,53,10,6,1010827,47.7,4.86,7,14.01,0
Honda,WR-V,2022,Diesel,Automatic,36233,Second,Chennai,21,1199,7,1216155,835255,801844,43,4,3,345164,68.68,7.93,7,23.05,0
Ford,EcoSport,2023,Petrol,Manual,25381,First,Pune,20,1497,8,1328734,1022062,858532,31,16,2,289651,76.92,,6,40.27,0
Skoda,Kushaq,2020,Petrol,Manual,106253,Second,Jaipur,22,1498,8,1353711,789348,765667,33,3,5,600219,58.31,7.55,6,7.43,0
Renault,Kwid,2023,Petrol,Manual,35502,Second,Bhopal,15,799,8,605028,488620,459302,39,6,2,113395,80.76,9.03,7,13.76,0
Renault,Duster,2022,Petrol,Automatic,44718,First,Jaipur,16,1498,9,1420332,1027894,986778,27,4,3,397629,72.37,7.9,6,22.99,0
Kia,Seltos,2022,Petrol,Manual,45124,First,Jaipur,17,1497,7,1481918,1059571,1006592,33,5,3,436456,71.5,7.56,6,23.48,0
Nissan,Kicks,2021,Petrol,Manual,58171,First,Delhi,14,1461,6,1205698,879315,844142,26,4,4,328970,72.93,5.72,5,15.12,0
Maruti,Dzire,2025,Diesel,Manual,500,Second,Chennai,20,1197,9,1107484,1052109,1020545,30,3,0,0,95,9.73,10,2104.22,0
Nissan,Terrano,2025,Petrol,Manual,500,Second,Surat,16,1461,10,1431091,1359536,1291559,31,5,0,0,95,7.2,5,2719.07,0
Maruti,Brezza,2017,Petrol,Manual,91585,First,Hyderabad,17,1462,6,975499,335181,311718,32,7,8,662674,34.36,6.36,10,3.66,0
Skoda,Kodiaq,2017,Diesel,Automatic,85759,First,Mumbai,18,1984,6,3879223,1328245,1221985,39,8,8,2642399,34.24,4.94,7,15.49,1
Toyota,Camry,2021,Petrol,Automatic,112805,Third,Nagpur,20,2487,7,5771604,3981829,3623464,33,9,4,1954978,68.99,7.12,8,35.3,1
Skoda,Octavia,2015,Diesel,Automatic,114201,Second,Coimbatore,17,1984,5,2683003,759021,660348,58,13,10,1889471,28.29,4.59,6,6.65,1
Ford,EcoSport,2017,Petrol,Manual,155852,Second,Jaipur,23,1497,4,1055279,284397,258801,35,9,8,751493,26.95,6.08,6,1.82,0
Hyundai,Aura,2024,Petrol,Manual,10100,First,Hyderabad,21,1197,9,996858,870855,740226,22,15,1,135700,87.36,10,10,86.22,0
Tata,Tiago,2023,Petrol,Automatic,25229,Second,Hyderabad,22,1199,10,751029,620124,601520,42,3,2,129065,82.57,10,9,24.58,0
Hyundai,Venue,2024,Petrol,Automatic,13274,Second,Mumbai,17,1197,10,1209645,1059286,995728,18,6,1,128668,87.57,8.13,9,79.8,0
Volkswagen,Polo,2014,Diesel,Automatic,235282,Second,Lucknow,18,999,3,738652,110797,100825,40,9,11,662708,15,3.71,7,0.47,0
Ford,Figo,2023,CNG,Manual,29543,First,Ahmedabad,20,1194,9,876376,721607,671094,41,7,2,150521,82.34,8.91,4,,0
Maruti,Swift,2025,Petrol,Manual,500,Second,Pune,19,1197,10,906550,861222,826773,18,4,0,0,95,9.78,10,1722.44,0
Tata,Tiago,2024,CNG,Manual,12652,First,Surat,29,1199,9,721660,639246,568928,20,11,1,93094,88.58,8.25,8,50.53,0
Ford,Figo,2025,Petrol,Automatic,2139,Second,Nagpur,18,1194,9,1018773,967834,900085,13,7,0,0,95,7.38,5,452.47,0
MG,Hector,2023,CNG,Manual,23615,First,Hyderabad,23,1956,10,2393684,1940798,1804942,41,7,2,447389,81.08,9.3,7,82.18,0
Skoda,Kushaq,2024,Petrol,Manual,10743,First,Ahmedabad,16,1498,9,1622585,1375140,1182620,13,14,1,214197,84.75,7.57,5,128,0
MG,Astor,2020,Petrol,Manual,76687,Second,Lucknow,24,1497,6,1541802,897328,798621,25,11,5,610801,58.2,5.7,6,11.7,0
Tata,Punch,2024,Petrol,Manual,15653,Fourth,Chennai,19,1199,9,1257720,1131948,882919,37,22,1,149622,90,8.16,8,72.32,0
Honda,City,2019,Diesel,Manual,96807,First,Pune,26,1497,9,1414076,808285,678959,31,16,6,630604,57.16,8.41,7,8.35,0
Tata,Nexon,2019,Petrol,Manual,81366,Second,Lucknow,20,1497,7,1209080,685548,644415,51,6,6,509132,56.7,8.43,7,8.43,0
Volkswagen,Virtus,2018,Petrol,Automatic,87557,First,Nagpur,18,1498,6,1202063,525902,447016,33,15,7,661298,43.75,5.19,5,6.01,0
Kia,Sonet,2017,Diesel,Manual,96565,First,Bhopal,27,1195,4,807301,319287,306515,61,4,8,485767,39.55,5.24,8,3.31,0
Kia,EV6,2025,Petrol,Automatic,500,Second,Coimbatore,16,0,9,8234700,7822965,7588276,29,3,0,0,95,7.37,6,15645.93,1
Toyota,Glanza,2019,Diesel,Automatic,137019,Third,Hyderabad,23,1197,6,989634,561617,477374,41,15,6,450165,56.75,7.78,9,4.1,0
Skoda,Slavia,2019,Petrol,Manual,170527,Third,Coimbatore,15,1498,6,1190177,553075,453521,49,18,6,647986,46.47,5.97,5,3.24,0
MG,ZS EV,2022,Petrol,Automatic,41093,Third,Lucknow,19,0,7,3412893,2509500,2057790,29,18,3,935680,73.53,6.49,7,61.07,1
Volkswagen,Vento,2017,Petrol,Manual,85335,First,Delhi,19,1598,6,993656,377986,336407,56,11,8,614101,38.04,5.75,7,4.43,0
MG,ZS EV,2022,CNG,Automatic,45621,First,Bhopal,27,0,8,2927791,1983578,1864563,23,6,3,957610,67.75,8.59,8,43.48,1
Mahindra,Bolero,2019,Diesel,Manual,138759,Third,Chandigarh,16,1493,4,1131313,556719,506614,40,9,6,593110,49.21,5.71,9,4.01,0
Maruti,Ciaz,2023,Petrol,Automatic,28302,First,Ahmedabad,21,1462,8,1394755,1111898,989589,34,11,2,260451,79.72,7.62,10,39.29,0
Hyundai,i20,2020,Petrol,Manual,85129,First,Mumbai,21,1197,7,1108192,643970,618211,41,4,5,476994,58.11,7.75,8,7.56,0
MG,Astor,2024,CNG,Automatic,13011,Fourth,Chandigarh,25,1497,10,1575152,1439531,1223601,38,15,1,171793,91.39,8.09,7,110.64,0
Kia,Seltos,2025,Petrol,Automatic,1504,First,Coimbatore,13,1497,10,1806614,1716283,1613306,37,6,0,0,95,9.3,8,1141.15,0
Ford,Aspire,2020,Petrol,Automatic,63841,Second,Mumbai,15,1194,8,911645,530668,482907,22,9,5,398931,58.21,6.66,5,8.31,0
Hyundai,Creta,2021,Petrol,Automatic,35383,First,Jaipur,18,1493,8,1453424,998502,948576,32,5,4,412522,68.7,9.12,8,28.22,0
Maruti,Ciaz,2020,Petrol,Manual,109510,Third,Lucknow,18,1462,5,1191109,636885,509508,43,20,5,531635,53.47,,10,5.82,0
Hyundai,i20,2024,Diesel,Manual,19566,Third,Bhopal,19,1197,10,1101907,946538,832953,38,12,1,124639,85.9,9.83,9,48.38,0
Nissan,Kicks,2021,Petrol,Manual,75380,Second,Chandigarh,18,1461,7,1394528,989835,900749,51,9,4,444050,70.98,8.14,6,13.13,0
Skoda,Octavia,2025,CNG,Automatic,3734,First,Pune,22,1984,10,4360906,4142860,3728574,30,10,0,0,95,8.51,7,1109.5,1
Maruti,Alto,2022,Petrol,Manual,90092,Third,Mumbai,15,796,8,560687,402517,374340,32,7,3,153951,71.79,9.18,10,4.47,0
Mahindra,Scorpio,2025,Petrol,Automatic,500,First,Chennai,15,2184,10,2298316,2183400,1943226,37,11,0,0,95,10,9,4366.8,0
Toyota,Camry,2023,Petrol,Automatic,14633,First,Bhopal,21,2487,8,7035852,5286035,4916012,31,7,2,1587061,75.13,8.64,10,361.24,1
Maruti,Brezza,2018,Diesel,Automatic,144843,Third,Chandigarh,27,1462,4,984150,383228,348737,45,9,7,582533,38.94,6.51,10,2.65,0
Tata,Tiago,2023,Petrol,Automatic,20193,Second,Mumbai,19,1199,10,791010,627745,514750,23,18,2,180607,79.36,8.37,9,31.09,0
Hyundai,Alcazar,2023,CNG,Automatic,24613,Second,Nagpur,24,1999,9,2205445,1720908,1634862,37,5,2,478768,78.03,7.91,9,69.92,0
Mahindra,XUV700,2023,Diesel,Automatic,34698,First,Bhopal,25,2184,9,2669497,2076868,1889949,27,9,2,607790,77.8,8.26,8,59.86,1
Hyundai,Venue,2023,Petrol,Manual,18485,First,Lucknow,13,1197,8,1196016,917703,816755,47,11,2,243767,76.73,7.45,8,49.65,0
Toyota,Innova,2024,Diesel,Manual,9952,Second,Bangalore,24,2393,10,3194145,2828415,2658710,39,6,1,438384,88.55,9.18,9,284.21,0
Nissan,Terrano,2021,Diesel,Automatic,100524,Third,Jaipur,23,1461,7,1160216,828510,687663,32,17,4,349097,71.41,5.29,4,8.24,0
Volkswagen,Polo,2023,Diesel,Manual,36048,Second,Nagpur,26,999,9,1152375,949787,835812,35,12,2,211455,82.42,9.15,7,26.35,0
Renault,Kiger,2017,Petrol,Automatic,115823,First,Kolkata,17,999,6,663397,237164,194474,52,18,8,438462,35.75,6.32,7,2.05,0
Skoda,Slavia,2024,CNG,Manual,17648,Second,Coimbatore,30,1498,10,1413171,1229882,1008503,20,18,1,168735,87.03,10,6,69.69,0
MG,Hector,2020,Petrol,Manual,55357,First,Nagpur,18,,7,2112605,1162566,1081186,51,7,5,934667,55.03,7.01,8,21,0
Volkswagen,Polo,2016,Diesel,Manual,75033,First,Kolkata,21,999,4,765576,159469,146711,40,8,9,620355,20.83,,5,2.13,0
Kia,EV6,2015,Petrol,Automatic,166846,Second,Jaipur,19,0,4,6886621,1282977,1205998,43,6,10,5721375,18.63,4.16,7,7.69,1
Hyundai,Verna,2022,Petrol,Manual,43204,Second,Mumbai,22,1497,9,1525656,1048430,870196,37,17,3,473789,68.72,7.62,9,24.27,0
Tata,Tiago,2021,Petrol,Manual,66147,First,Delhi,18,1199,7,729048,459956,446157,52,3,4,255184,63.09,8.33,9,6.95,0
MG,ZS EV,2011,Petrol,Automatic,158107,First,Jaipur,21,0,1,1654771,248215,218429,58,12,14,1941728,15,4.44,8,1.57,1
Kia,Seltos,2023,Petrol,Automatic,40122,Second,Coimbatore,14,1497,9,1601622,1315412,1275949,39,3,2,296002,82.13,7.18,6,32.79,0
Kia,EV6,2023,CNG,Manual,25598,Second,Lucknow,25,0,8,9281569,7681426,6375583,13,17,2,1634319,82.76,8.41,7,300.08,1
Skoda,Slavia,2024,Petrol,Manual,7967,First,Nagpur,19,1498,10,1420649,1233691,1023963,36,17,1,195466,86.84,9.77,5,154.85,0
Maruti,Swift,2019,Petrol,Automatic,100512,Third,Bangalore,13,1197,6,720711,408498,343138,33,16,6,294454,56.68,7.99,10,4.06,0
Hyundai,Venue,2021,Petrol,Manual,69692,Second,Bhopal,16,1197,6,1170929,835340,726745,,13,4,348005,71.34,6.57,9,11.99,0
Honda,City,2016,CNG,Manual,75626,First,Pune,28,1497,4,1201125,391686,356434,47,9,9,785095,32.61,5.63,7,5.18,0
Hyundai,Aura,2020,Diesel,Automatic,90458,Third,chandigarh,27,1197,5,871481,513563,462206,57,10,5,380226,58.93,,8,5.68,0
Tata,Tiago,2021,Diesel,Manual,70154,Second,Chennai,20,1199,6,686712,441281,388327,34,12,4,247106,64.26,6.74,7,6.29,0
Hyundai,Tucson,2019,CNG,Automatic,175006,Third,Surat,29,1998,6,2956565,1487447,1308953,43,12,6,1415565,50.31,7.33,8,8.5,1
MG,Gloster,2019,Diesel,Automatic,79602,Second,Lucknow,27,1996,6,3452614,1529508,1422442,35,7,6,1823041,44.3,6.15,7,19.21,1
Tata,Punch,2023,Diesel,Automatic,50180,Second,Surat,20,1199,10,1120090,919033,891462,38,3,2,200410,82.05,9.85,7,18.31,0
MG,Gloster,2021,Diesel,Automatic,55145,Second,Coimbatore,23,1996,9,4182959,2785014,2562212,38,8,4,1457704,66.58,,8,50.5,1
Kia,Carens,2022,Petrol,Manual,43146,First,Mumbai,15,1497,8,1665701,1177484,1095060,46,7,3,530608,70.69,6.9,8,27.29,0
Tata,Altroz,2022,CNG,Manual,61312,Third,Coimbatore,30,1199,6,1037046,670761,536608,38,20,3,353330,64.68,8.15,9,10.94,0
Kia,EV6,2024,Petrol,Automatic,13581,Second,Mumbai,19,0,9,8808330,8084285,6790799,23,16,1,977738,91.78,8.11,6,595.26,1
Toyota,Fortuner,2021,Petrol,Automatic,62116,Second,Bhopal,22,2755,6,4443995,2880153,2736145,28,5,4,1590351,64.81,7.51,10,46.37,1
Tata,Tiago,2025,Petrol,Manual,4259,Second,Mumbai,18,1199,10,836522,794695,699331,16,12,0,0,95,10,9,186.59,0
Honda,City,2021,Petrol,Manual,65276,First,Pune,17,1497,6,1239215,894341,813850,54,9,4,353094,72.17,7.72,7,13.7,0
Nissan,Kicks,2022,Petrol,Automatic,65156,Second,Hyderabad,14,1461,9,1345993,896296,806666,46,10,3,436027,66.59,9.06,6,13.76,0
Renault,Kwid,2022,Diesel,Manual,84196,Third,Bhopal,25,799,8,528491,380989,289551,29,24,3,159578,72.09,6.45,6,4.53,0
Renault,Kiger,2022,Petrol,Manual,82283,Third,Nagpur,21,999,7,930754,636914,484054,28,24,3,279094,68.43,7.3,7,7.74,0
Tata,Harrier,2024,Diesel,Automatic,15177,First,Chennai,24,,9,2108150,1842523,1602995,32,13,1,233197,87.4,8.52,7,121.4,0
Hyundai,i20,2021,Petrol,Automatic,41991,First,Surat,20,1197,7,1016190,705439,670167,22,5,4,282956,69.42,8.34,9,16.8,0
Skoda,Octavia,2023,Diesel,Automatic,33981,First,Kolkata,25,1984,7,3580224,2886018,2568556,16,11,2,611917,80.61,7.41,5,84.93,1
Toyota,Urban Cruiser,2023,Petrol,Manual,38364,Second,Chennai,18,1462,8,1169209,941680,772177,30,18,2,203076,80.54,7.85,9,24.55,0
Renault,Kiger,2025,Petrol,Automatic,500,Second,Chandigarh,21,999,9,952517,904891,778206,41,14,0,0,95,8.5,7,1809.78,0
Ford,Figo,2023,Diesel,Manual,20035,Second,Chandigarh,25,1194,10,896587,700503,644462,26,8,2,176828,78.13,8.35,5,34.96,0
Skoda,Slavia,2024,Petrol,Automatic,17929,First,Mumbai,20,1498,10,1697552,1485188,1366372,14,8,1,191539,87.49,7.77,7,82.84,0
Mahindra,XUV400,2023,Petrol,Manual,20116,Second,Nagpur,19,0,10,2470707,1913068,1740891,17,9,2,513799,77.43,7.9,7,95.1,0
Skoda,Octavia,2016,Petrol,Manual,106624,First,Lucknow,22,1984,4,2746886,986681,927480,45,6,9,1710160,35.92,5.07,7,9.25,1
Toyota,Camry,2023,Petrol,Automatic,24452,First,Hyderabad,20,2487,9,5697563,4486261,4037634,12,10,2,1113620,78.74,8.23,8,183.47,1
Toyota,Glanza,2022,Petrol,Automatic,37807,Second,Ahmedabad,22,1197,9,1039572,717096,595189,35,17,3,302577,68.98,7.39,9,18.97,0
Hyundai,Grand i10,2022,Petrol,Automatic,44821,Third,Chandigarh,22,1197,8,852544,617753,531267,26,14,3,245160,72.46,9.51,9,13.78,0
Tata,Altroz,2011,Diesel,Manual,226773,Fourth,Hyderabad,22,1199,2,555494,83324,76658,77,8,14,604573,15,3.74,7,0.37,0
Tata,Nexon,2021,Petrol,Manual,61093,Second,Bangalore,19,1499,8,1320399,922166,885279,42,4,4,367100,69.84,7.34,7,15.09,0
Renault,Duster,2011,CNG,Manual,431663,Fourth,Delhi,21,1498,1,867174,130076,106662,78,18,14,1107396,15,3.28,6,0.3,0
Tata,Safari,2021,Diesel,Manual,42536,Second,Lucknow,21,1956,7,2392814,1457702,1297354,38,11,4,870254,60.92,9.21,9,34.27,0
Kia,EV6,2025,Petrol,Automatic,500,Third,Nagpur,21,0,8,9627336,9145969,8322831,36,9,0,0,95,8,7,18291.94,1
Tata,Safari,2021,Petrol,Manual,45547,First,Delhi,22,1956,8,2598526,1610046,1577845,39,2,4,915436,61.96,7.04,9,35.35,0
Maruti,Brezza,2024,Petrol,Automatic,22355,Second,Delhi,20,1462,10,1362037,1223517,1150105,22,6,1,161606,89.83,10,9,54.73,0
Skoda,Kushaq,2022,Petrol,Automatic,51726,Second,Kolkata,20,1498,7,1252254,889851,836459,47,6,3,366158,71.06,8.09,5,17.2,0
MG,Hector,2017,Petrol,Manual,74105,First,Coimbatore,20,1956,4,1757360,704349,676175,44,4,8,1004334,40.08,4.59,8,9.5,0
Honda,Amaze,2025,Diesel,Manual,500,Second,Hyderabad,25,1199,9,1155308,1097542,976812,12,11,0,0,95,9.09,7,2195.08,0
Toyota,Fortuner,2024,Petrol,Automatic,6709,First,Chennai,22,2755,10,5294687,4755158,4374745,36,8,1,642283,89.81,10,10,708.77,1
Honda,HR-V,2015,CNG,Automatic,170320,First,Coimbatore,25,1498,4,1266893,190033,172930,52,9,10,1143199,15,6.46,7,1.12,0
Volkswagen,Vento,2016,Petrol,Manual,171572,Second,Chennai,17,1598,6,938219,321152,305094,58,5,9,637327,34.23,4.35,5,1.87,0
Tata,Nexon,2024,Petrol,Manual,4026,First,Jaipur,22,1497,10,1273181,1109704,987636,20,11,1,145885,87.16,9.95,8,275.63,0
Honda,Elevate,2022,Petrol,Manual,31346,First,Chandigarh,19,1200,7,1279855,911896,765992,32,16,3,389910,71.25,7.16,8,29.09,0
Maruti,Alto,2025,Diesel,Manual,3130,Second,Bhopal,25,796,10,558997,531047,440769,19,17,0,0,95,10,10,169.66,0
Volkswagen,Taigun,2023,Petrol,Manual,26120,First,Lucknow,13,1498,10,1404469,1097452,910885,35,17,2,302975,78.14,8.72,7,42.02,0
Kia,Seltos,2016,Petrol,Automatic,86907,First,Surat,15,1497,4,1170610,220659,185353,58,16,9,955376,18.85,6,8,2.54,0
Volkswagen,Taigun,2018,Petrol,Automatic,82032,Second,Hyderabad,15,1498,6,1400573,754488,739398,50,2,7,676897,53.87,5.9,5,9.2,0
Hyundai,Verna,2022,Diesel,Automatic,45381,Third,Delhi,23,1497,8,1229484,850434,782399,53,8,3,373832,69.17,10,10,18.74,0
Maruti,Swift,2023,Petrol,Automatic,36478,Second,Nagpur,15,1197,8,946402,797343,733555,44,8,2,174857,84.25,7.79,10,,0
Hyundai,Venue,2019,Petrol,Manual,133346,Third,Mumbai,18,1197,5,1130918,667920,561052,46,16,6,488367,59.06,6.25,8,5.01,0
Hyundai,Venue,2016,CNG,Manual,113165,First,Delhi,24,1197,8,835925,257297,234140,46,9,9,585260,30.78,8.71,8,2.27,0
Hyundai,Creta,2024,Petrol,Manual,9633,First,Jaipur,15,1493,9,1569904,1352158,1203420,14,11,1,212307,86.13,8.05,9,140.37,0
Hyundai,Venue,2017,CNG,Manual,178430,Second,Bhopal,22,1197,4,990276,307876,301718,57,2,8,676229,31.09,6.03,8,1.73,0
Ford,Endeavour,2025,Petrol,Automatic,854,Second,Ahmedabad,20,1996,9,7127206,6770845,5890635,27,13,0,0,95,9.04,4,7928.39,1
Kia,Carens,2022,Petrol,Manual,55134,Fourth,Lucknow,19,1497,6,1614800,1127130,1048230,34,7,3,497001,69.8,7.81,6,20.44,0
Hyundai,Tucson,2017,Diesel,Automatic,100368,First,Ahmedabad,26,1998,4,3018106,1029174,885089,54,14,8,2043511,34.1,7.39,10,10.25,1
MG,Gloster,2016,Diesel,Automatic,158526,First,Chennai,23,1996,6,3016188,944971,784325,32,17,9,2006319,31.33,4.77,7,5.96,1
Toyota,Urban Cruiser,2015,Petrol,Manual,85018,First,Nagpur,18,1462,5,1033910,155086,127170,35,18,10,858353,15,6.06,9,1.82,0
Maruti,Ciaz,2020,Diesel,Manual,65391,First,Jaipur,19,1462,6,1083414,614512,589931,43,4,5,463307,56.72,6.47,9,9.4,0
Renault,Triber,2021,CNG,Manual,115292,Fourth,Bhopal,27,999,5,838769,556439,472973,40,15,4,267903,66.34,7.65,7,4.83,0
Maruti,Baleno,2025,Diesel,Manual,4283,Third,Surat,23,1197,10,1018453,967530,890127,28,8,0,0,95,10,10,225.9,0
Mahindra,Thar,2019,Petrol,Manual,87775,First,Hyderabad,14,2184,7,1695312,944458,793344,26,16,6,765598,55.71,8.69,8,10.76,0
Nissan,Kicks,2018,CNG,Manual,63402,First,Pune,23,1461,6,1147234,502259,416874,37,17,7,667111,43.78,4.5,4,7.92,0
Maruti,Ertiga,2019,Diesel,Manual,57377,First,Pune,21,1462,6,1199897,595388,523941,31,12,6,579096,49.62,7.26,10,10.38,0
Honda,WR-V,2021,Petrol,Manual,69322,Third,Nagpur,16,1199,7,1220858,917718,724997,52,21,4,338870,75.17,6.57,7,13.24,0
Ford,Endeavour,2019,CNG,Automatic,119455,Third,Ahmedabad,30,1996,5,5731721,3526154,2750400,31,22,6,2371434,61.52,5.33,6,29.52,1
Hyundai,Tucson,2018,Petrol,Automatic,115552,First,Lucknow,23,1998,7,3176534,1318896,1200195,40,9,7,1901803,41.52,8.16,8,33.01,1
Skoda,Kushaq,2018,Petrol,Automatic,69582,First,Bangalore,20,1498,5,1302541,511117,490672,55,4,7,806565,39.24,6.42,7,7.35,0
Maruti,Alto,2022,Petrol,Manual,33080,First,Nagpur,13,796,8,575356,424957,352714,40,17,3,166737,73.86,8.35,10,12.85,0
Mahindra,XUV700,2017,Diesel,Automatic,164397,Third,Nagpur,17,2184,6,2329378,874914,787422,34,10,8,1498545,37.56,6.08,8,5.32,1
Renault,Duster,2018,Petrol,Manual,125554,Second,Ahmedabad,21,1498,7,1170201,564973,485876,33,14,7,572467,48.28,6.99,7,4.5,0
Ford,Figo,2018,Petrol,Automatic,94372,First,Surat,20,1194,6,738958,331200,298080,55,10,7,415082,44.82,4.89,6,3.51,0
Maruti,Ertiga,2020,Petrol,Manual,95449,Third,Bangalore,13,1462,6,969298,602321,493903,40,18,5,359416,62.14,6.23,9,6.31,0
Hyundai,Aura,2021,Petrol,Manual,68738,Third,Pune,17,1197,6,889828,549112,505183,56,8,4,322222,61.71,7.19,8,7.99,0
Toyota,Glanza,2025,Petrol,Manual,500,Third,Nagpur,14,1197,9,1089968,1035469,880148,32,15,0,0,95,10,8,2070.94,0
Ford,Figo,2020,Petrol,Manual,176211,Fourth,Pune,15,1194,6,874796,504582,403665,28,20,5,383279,57.68,5.34,4,2.86,0
Kia,Seltos,2024,Diesel,Manual,10490,First,Hyderabad,21,1497,10,1636988,1424998,1168498,15,18,1,222462,87.05,7.87,6,135.84,0
Hyundai,i20,2021,Diesel,Manual,62378,Third,Chandigarh,16,1197,7,1086147,701107,609963,50,13,4,376459,64.55,8.25,9,11.24,0
Volkswagen,Polo,2015,Diesel,Automatic,86406,First,Mumbai,19,999,3,796349,237152,225294,55,5,10,546552,29.78,3.43,5,2.74,0
Maruti,Dzire,2025,Diesel,Automatic,500,Second,Lucknow,27,1197,10,1128679,1072245,1018632,14,5,0,0,95,10,10,2144.49,0
Kia,Sonet,2022,CNG,Automatic,62891,Second,Coimbatore,21,1197,10,983720,699424,615493,37,12,3,296879,71.1,7.23,6,11.12,0
MG,ZS EV,2024,Petrol,Automatic,15205,First,Chandigarh,16,0,9,3339914,2835252,2721841,,4,1,430328,84.89,8.83,8,186.47,1
Tata,Tiago,2024,CNG,Manual,16965,Second,Hyderabad,28,1199,10,703068,611177,580618,11,5,1,83364,86.93,10,8,36.03,0
MG,Hector,2022,Petrol,Manual,61374,Third,Nagpur,15,1956,8,2097614,1360092,1074472,30,21,3,695422,64.84,8.63,8,22.16,0
Mahindra,Thar,2023,Petrol,Manual,36005,First,Chandigarh,17,2184,8,2542092,2058331,1749581,44,15,2,503263,80.97,9.71,8,57.17,0
Mahindra,Scorpio,2019,CNG,Manual,58955,First,Kolkata,23,2184,5,1808858,1018387,977651,40,4,6,751299,56.3,7.5,7,17.27,0
Maruti,Baleno,2023,Petrol,Manual,20672,First,Pune,13,1197,10,891183,707064,629286,24,11,2,172231,79.34,9.67,9,34.2,0
Hyundai,Aura,2019,Petrol,Manual,58302,First,Surat,16,1197,6,862104,393119,338082,40,14,6,458335,45.6,6.53,10,6.74,0
Ford,Figo,2019,Petrol,Manual,115628,Second,Surat,15,1194,5,807841,408605,351400,50,14,6,412649,50.58,5.46,5,3.53,0
Ford,Figo,2017,Petrol,Automatic,65990,First,Kolkata,21,1194,6,672441,309928,282034,36,9,8,375765,46.09,4.59,6,4.7,0
Honda,HR-V,2022,Diesel,Automatic,90785,Fourth,Kolkata,17,1498,8,1543910,996439,926688,40,7,3,511794,64.54,6.81,8,10.98,0
Toyota,Innova,2025,Diesel,Automatic,4102,Third,Jaipur,21,2393,9,3448393,3275973,3046654,29,7,0,0,95,8.52,10,798.63,0
Kia,Sonet,2015,Diesel,Manual,203552,Second,Chandigarh,16,1197,3,780618,117404,97445,43,17,10,648394,15.04,4.36,7,0.58,0
Mahindra,Thar,2025,Petrol,Manual,4226,First,Bangalore,15,2183,10,2504585,2379355,1951071,34,18,0,0,95,9.78,9,563.03,0
Maruti,Ertiga,2018,Petrol,Manual,118383,First,Hyderabad,13,1462,6,1144283,397180,373349,51,6,7,724295,34.71,6.11,9,3.36,0
Honda,HR-V,2021,Diesel,Manual,49194,Second,Kolkata,25,1498,8,1382921,918397,890845,22,3,4,449857,66.41,9.03,7,18.67,0
Nissan,Kicks,2024,Diesel,Manual,17953,First,Bhopal,22,1461,9,1435430,1252986,1102627,32,12,1,189779,87.29,8.69,4,69.79,0
Honda,Jazz,2020,Diesel,Automatic,83324,Third,Kolkata,19,1201,5,1190902,712635,662750,44,7,5,512755,59.84,6.77,8,8.55,0
Maruti,Ertiga,2021,Petrol,Automatic,65548,First,Chandigarh,22,1462,8,1019297,694345,631853,48,9,4,315369,68.12,9.52,10,10.59,0
Hyundai,Aura,2021,CNG,Manual,45765,First,Hyderabad,30,1197,7,902838,661689,569052,27,14,4,267154,73.29,8.82,9,14.46,0
Hyundai,Venue,2025,Petrol,Manual,293,Fourth,Bangalore,21,1197,9,1308647,1243214,1156189,39,7,0,0,95,10,8,4243.05,0
Hyundai,Alcazar,2018,Petrol,Manual,105456,First,Kolkata,19,2001,6,1891689,695952,654194,39,6,7,1193092,36.79,6.23,10,6.6,0
Honda,Elevate,2019,Diesel,Manual,49780,First,Chandigarh,21,1200,10,1229412,650973,572856,34,12,6,593690,52.95,8.54,8,,0
Skoda,Octavia,2013,Petrol,Automatic,120270,First,Ahmedabad,19,1984,4,2653035,397955,382036,52,4,12,2539792,15,2.81,5,3.31,1
Hyundai,Grand i10,2024,Petrol,Automatic,27579,Third,Ahmedabad,20,1197,10,920112,794884,731293,19,8,1,104891,86.39,8.52,10,28.82,0
Hyundai,Tucson,2021,Diesel,Automatic,40468,First,Bhopal,20,1996,8,3696663,2307826,1915495,23,17,4,1327892,62.43,9.34,10,57.03,1
Hyundai,Alcazar,2025,CNG,Automatic,4393,Second,Mumbai,27,1999,9,2398251,2278338,2096070,15,8,0,0,95,9.05,10,518.63,0
MG,Astor,2021,Diesel,Manual,65440,Second,Chandigarh,27,1497,6,1435764,980339,803877,,18,4,447021,68.28,7.41,6,22.78,0
Maruti,Ciaz,2016,Petrol,Automatic,133038,Second,Surat,21,1462,5,1062001,346318,301296,63,13,9,721120,32.61,7.97,10,2.6,0
Mahindra,Bolero,2010,Diesel,Manual,326639,Second,Lucknow,27,1493,2,700999,105149,95685,56,9,15,962205,15,5.34,8,0.32,0
Honda,WR-V,2023,Petrol,Automatic,24765,Second,Pune,21,1199,10,1223044,958621,862758,28,10,2,277129,78.38,8.75,7,38.71,0
Volkswagen,Polo,2019,Petrol,Manual,140049,Third,Chandigarh,14,999,6,1015219,523243,429059,37,18,6,461995,51.54,4.96,6,3.74,0
Kia,Sonet,2024,Petrol,Manual,16030,First,Hyderabad,15,1197,9,1343338,1180256,1109440,30,6,1,140929,87.86,7.34,6,73.63,0
Tata,Tiago,2023,Petrol,Automatic,30476,First,Hyderabad,16,1199,7,723710,545966,491369,45,10,2,163026,75.44,8.83,7,17.91,0
Honda,Jazz,2019,Petrol,Automatic,76649,Second,Chennai,20,1199,5,1148501,614907,590310,59,4,6,554270,53.54,6.05,9,8.02,0
Hyundai,Aura,2018,CNG,Automatic,99491,Third,Jaipur,22,1197,5,819619,359320,280269,57,22,7,475493,43.84,7.83,10,3.61,0
Maruti,Brezza,2023,Petrol,Automatic,30338,First,Chennai,20,1462,9,1201223,1015273,873134,33,14,2,206704,84.52,10,10,33.47,0
Volkswagen,Virtus,2013,Petrol,Manual,197298,First,Surat,19,1498,4,1043340,175176,159410,63,9,12,857917,16.79,4.55,5,0.89,0
Tata,Punch,2024,Petrol,Manual,14689,Second,Jaipur,17,1199,10,1035856,905441,878277,31,3,1,136264,87.41,,9,61.64,0
Kia,Sonet,2023,Petrol,Automatic,32394,Fourth,Coimbatore,20,1197,6,1173061,912641,739239,42,19,2,267955,77.8,8.39,6,28.17,0
MG,Gloster,2016,Petrol,Automatic,134181,First,Nagpur,19,1996,5,3652971,1269772,1117399,41,12,9,2422230,34.76,6.76,8,9.46,1
Nissan,Kicks,2021,Petrol,Manual,55979,Second,Ahmedabad,22,1460,6,1258005,835315,776842,42,7,4,388609,66.4,7.9,6,14.92,0
Maruti,Ertiga,2020,Diesel,Manual,120785,Third,Hyderabad,18,1462,7,1202983,786991,700421,58,11,5,418614,65.42,8.7,10,6.52,0
Volkswagen,Polo,2020,CNG,Manual,92453,Second,Delhi,27,999,7,1027743,581805,494534,32,15,5,443369,56.61,7.07,5,6.29,0
Ford,Aspire,2025,Diesel,Manual,1239,Second,Jaipur,21,1194,9,1195997,1136197,954405,13,16,0,0,95,8.34,4,917.03,0
Maruti,Ciaz,2019,Diesel,Automatic,104540,First,Jaipur,27,1462,5,1070890,529876,450394,40,15,6,522559,49.48,7.09,9,5.07,0
Honda,Amaze,2025,CNG,Automatic,500,Second,Chandigarh,20,1199,10,1119536,1063559,872118,11,18,0,0,95,10,7,2127.12,0
Kia,Carens,2019,CNG,Manual,131172,Second,Chandigarh,24,1497,5,1478913,841205,765496,36,9,6,656377,56.88,5.14,8,,0
Hyundai,Alcazar,2023,Petrol,Automatic,30432,First,Mumbai,16,1999,8,2022800,1648582,1434266,36,13,2,409051,81.5,8.46,9,54.17,0
Renault,Duster,2019,Diesel,Manual,60717,First,Mumbai,28,1496,10,1080382,505078,459620,27,9,6,575436,46.75,8.54,5,8.32,0
Maruti,Baleno,2016,Diesel,Automatic,100886,Third,Delhi,19,1197,5,860164,294778,238770,60,19,9,581268,34.27,5.95,10,2.92,0
Renault,Duster,2024,Petrol,Automatic,14054,First,Lucknow,21,1498,9,1631410,1418510,1177363,14,17,1,190525,86.95,7.6,5,100.93,0
Hyundai,Verna,2012,Diesel,Manual,189823,Second,Jaipur,18,1497,3,837352,125602,118065,46,6,13,810994,15,5.67,10,0.66,0
Ford,Figo,2014,Petrol,Manual,115275,Second,Chandigarh,21,1194,4,582586,151705,144119,53,5,11,446699,26.04,3.74,6,1.32,0
Renault,Kiger,2019,CNG,Automatic,145916,Fourth,Surat,30,997,6,790700,441685,340097,53,23,6,340727,55.86,5.89,5,3.03,0
Mahindra,Bolero,2022,Petrol,Manual,27589,First,Surat,15,1493,9,1399304,927738,770022,29,17,3,461287,66.3,7.83,9,33.63,0
Mahindra,XUV300,2016,Diesel,Manual,206920,Third,Pune,26,1199,5,968608,217355,169536,67,22,9,750632,22.44,7.13,7,1.05,0
Renault,Kiger,2021,Petrol,Automatic,61710,First,Delhi,19,999,8,894515,651028,572904,23,12,4,246596,72.78,6.82,6,10.55,0
Tata,Tiago,2018,Diesel,Manual,107963,First,Kolkata,24,1199,5,574841,273969,268489,38,2,7,310401,47.66,5.8,8,2.54,0
Maruti,Swift,2021,Petrol,Manual,38381,Second,Delhi,17,1197,7,1003766,650540,598496,39,8,4,345128,64.81,8.71,10,16.95,0
Toyota,Camry,2024,Petrol,Automatic,152470,First,Mumbai,14,2487,10,6201471,5253266,4465276,30,15,1,838239,84.71,10,10,344.54,1
Maruti,Ertiga,2015,Diesel,Automatic,285064,Fourth,Bangalore,25,1462,4,948266,142239,120903,64,15,10,829246,15,5.46,10,0.5,0
Ford,Aspire,2024,Petrol,Manual,11566,First,Coimbatore,13,1194,10,1092818,957308,928588,21,3,1,134560,87.6,7.39,5,82.77,0
Tata,Tiago,2017,Diesel,Manual,193586,Second,Lucknow,17,1197,6,555042,171896,154706,60,10,8,376118,30.97,6.18,9,0.89,0
Tata,Altroz,2024,Petrol,Automatic,15969,Second,Bangalore,22,1199,10,1148392,990602,842011,29,15,1,131463,86.26,10,9,62.03,0
Honda,City,2021,Petrol,Automatic,65064,Second,Coimbatore,14,1497,7,1213422,830708,772558,51,7,4,380889,68.46,6.95,7,12.77,0
Tata,Altroz,2023,Petrol,Manual,49053,Second,Hyderabad,,1199,8,981299,809767,704497,43,13,2,190336,82.52,8.31,8,16.51,0
Skoda,Slavia,2023,Petrol,Automatic,37171,First,Coimbatore,16,1498,8,1501109,1154653,1027641,37,11,2,315492,76.92,6.74,7,31.06,0
Maruti,WagonR,2011,Diesel,Manual,465254,Fourth,Kolkata,17,,1,529845,79476,66759,54,16,14,666630,15,5.39,9,0.17,0
Renault,Kwid,2020,Petrol,Automatic,65151,First,Pune,21,799,8,548258,307024,270181,37,12,5,236924,56,7.28,5,4.71,0
Volkswagen,Virtus,2024,Petrol,Automatic,14820,First,Jaipur,16,1498,10,1596940,1426546,1184033,19,17,1,195378,89.33,7.9,5,96.26,0
Ford,EcoSport,2024,CNG,Automatic,31496,Third,Jaipur,25,1497,7,1211161,1079628,971665,45,10,1,136632,89.14,8.03,5,34.28,0
MG,Astor,2025,Petrol,Automatic,1146,Third,Jaipur,16,1499,9,1851722,1759135,1477673,31,16,0,0,95,9.77,7,1535.02,0
Kia,Seltos,2023,Petrol,Manual,44267,Second,Jaipur,17,1497,7,1466306,1167912,1109516,29,5,2,256520,79.65,7.85,8,26.38,0
MG,ZS EV,2015,CNG,Manual,182055,First,Jaipur,20,0,3,2139720,348132,330725,49,5,10,1770769,16.27,4.21,8,1.91,1
Nissan,Kicks,2022,Diesel,Automatic,38392,First,Kolkata,16,1461,9,1308716,951829,780499,25,18,3,338117,72.73,7.39,4,24.79,0
Mahindra,XUV700,2025,Petrol,Automatic,4851,Fourth,Surat,19,2184,10,3022525,2871398,2584258,24,10,0,0,95,10,9,591.92,1
Volkswagen,Taigun,2024,Petrol,Manual,15997,Second,Nagpur,15,1498,9,1589876,1366339,1270695,14,7,1,213383,85.94,7.22,6,85.41,0
Volkswagen,Polo,2021,Petrol,Automatic,56668,Second,Bhopal,16,999,7,949391,617673,580612,30,6,4,309038,65.06,7.77,6,10.9,0
Maruti,Ciaz,2015,CNG,Manual,125558,Second,Lucknow,20,1464,3,830609,137798,124018,69,10,10,717003,16.59,5.98,10,1.1,0
MG,Gloster,2020,Petrol,Automatic,62833,Second,Mumbai,22,1996,8,3552183,2080868,1810355,33,13,5,1523337,58.58,6.59,6,33.12,1
Tata,Tiago,2019,Petrol,Automatic,70761,Second,Coimbatore,19,1199,6,604081,277031,271490,36,2,6,331560,45.86,6,8,3.92,0
Skoda,Slavia,2023,Petrol,Automatic,64730,Fourth,Surat,17,1498,8,1376009,1115805,903802,42,19,2,263623,81.09,7.91,7,17.24,0
Mahindra,XUV400,2024,Petrol,Manual,10544,Second,Surat,13,0,10,2463910,2190415,1839948,30,16,1,302459,88.9,7.95,8,207.74,0
MG,ZS EV,2014,Diesel,Manual,154836,Second,Pune,26,0,3,2086215,389704,339042,62,13,11,1733288,18.68,2.88,6,2.52,1
Toyota,Urban Cruiser,2024,Diesel,Manual,10144,Second,Bangalore,27,1460,10,1363944,1222912,1161766,20,5,1,165239,89.66,9.81,10,120.56,0
Renault,Kwid,2017,Petrol,Automatic,105370,First,Chandigarh,18,799,5,507387,154753,142372,59,8,8,364009,30.5,5.81,5,1.47,0
Maruti,Swift,2025,Petrol,Manual,897,Second,Chennai,19,1197,9,1005269,955005,821304,17,14,0,0,95,10,9,1064.67,0
Maruti,WagonR,2017,Diesel,Automatic,105808,Second,Mumbai,21,1197,6,719581,336116,299143,37,11,8,400205,46.71,6.14,9,3.18,0
Honda,WR-V,2018,Petrol,Manual,93972,First,Mumbai,21,1199,6,942775,433770,364366,41,16,7,497878,46.01,7.19,8,4.62,0
Maruti,Swift,2018,Petrol,Manual,175492,Second,Coimbatore,11,1197,7,773061,341074,289912,43,15,7,436640,44.12,7.9,9,1.94,0
Renault,Kwid,2016,Petrol,Automatic,105646,Second,Surat,15,799,4,396395,129859,125963,65,3,9,269177,32.76,4.9,5,1.23,0
MG,Hector,2024,Petrol,Manual,27183,Third,Jaipur,17,1956,9,2234230,1921661,1806361,23,6,1,248021,86.01,7.78,6,70.69,0
Honda,HR-V,2023,Petrol,Manual,18050,First,Bhopal,19,1498,8,1871637,1573298,1463167,25,7,2,351125,84.06,9.33,8,87.16,0
Maruti,Dzire,2022,Petrol,Manual,36567,First,Bhopal,14,1197,9,1067749,788212,740919,45,6,3,283910,73.82,9.27,10,21.56,0
Maruti,Brezza,2016,Diesel,Automatic,113471,First,Chandigarh,16,1460,5,863135,298213,274355,55,8,9,575358,34.55,7.04,10,2.63,0
MG,Astor,2024,CNG,Automatic,18321,Second,Mumbai,29,1497,9,1495727,1352585,1217326,18,10,1,179567,90.43,7.7,6,73.83,0
Maruti,Dzire,2023,CNG,Manual,29870,Second,Jaipur,26,1197,8,1130885,865579,813644,45,6,2,253053,76.54,8.94,10,28.98,0
Toyota,Urban Cruiser,2015,Diesel,Manual,192817,Second,Nagpur,18,1462,5,921429,184838,162657,55,12,10,755291,20.06,5.05,10,0.96,0
Nissan,Terrano,2014,Petrol,Manual,154349,First,Coimbatore,13,1461,5,814480,122172,102624,63,16,11,721591,15,5.45,6,0.79,0
Toyota,Camry,2022,Petrol,Automatic,44512,First,Chennai,13,2487,7,6394614,4580462,4305634,31,6,3,1729932,71.63,8.83,9,102.9,1
MG,Gloster,2021,Petrol,Automatic,61839,First,Chennai,21,1996,7,4302211,2944433,2708878,22,8,4,1233306,68.44,5.61,6,136.61,1
Mahindra,Scorpio,2018,Petrol,Manual,96027,Second,Hyderabad,21,2184,5,1909235,873856,760254,46,13,7,979956,45.77,7.49,9,9.1,0
MG,Astor,2025,Diesel,Automatic,500,First,Pune,20,1497,10,1761702,1673616,1472782,38,12,0,0,95,7.45,6,3347.23,0
Maruti,Dzire,2011,Diesel,Automatic,151142,First,Coimbatore,17,1197,2,596327,89449,84082,48,6,14,684099,15,5.62,9,,0
Kia,Carens,2022,Diesel,Automatic,57269,Second,Bhopal,14,1497,7,1611403,1207101,1098461,45,9,3,452483,74.91,8.46,7,21.08,0
Maruti,WagonR,2020,Petrol,Manual,49529,First,Delhi,18,1197,8,828667,500432,425367,31,15,5,324297,60.39,7.68,9,10.1,0
Maruti,Alto,2023,Petrol,Automatic,18426,First,Bangalore,17,796,9,564061,451305,392635,40,13,2,106113,80.01,8.99,10,24.49,0
Hyundai,Venue,2022,Diesel,Manual,25279,First,Coimbatore,23,,10,1043801,692248,629945,23,9,3,355374,66.32,10,8,27.38,0
Mahindra,Scorpio,2020,Petrol,Automatic,117453,Second,Delhi,24,2184,6,2034605,1350367,1296352,26,4,5,721251,66.37,8.67,9,11.5,0
MG,Astor,2023,Diesel,Automatic,38679,Second,Chandigarh,20,1497,8,1418499,1124160,978019,44,13,2,319296,79.25,7.93,8,29.06,0
MG,ZS EV,2021,Petrol,Automatic,50316,Third,Ahmedabad,19,0,5,3038765,2160258,1771411,33,18,4,892721,71.09,6.78,6,42.93,1
Toyota,Innova,2021,Diesel,Automatic,39797,First,Lucknow,21,2393,8,2424861,1532027,1440105,37,6,4,842028,63.18,7.63,10,38.5,0
Skoda,Octavia,2015,CNG,Automatic,166071,First,Nagpur,28,1984,4,2635163,441653,423986,,4,10,2145336,16.76,5.49,7,2.66,1
Volkswagen,Vento,2021,Petrol,Automatic,53105,First,Pune,22,1598,6,1267659,884192,857666,34,3,4,363481,69.75,5.78,7,16.65,0
MG,Gloster,2016,CNG,Manual,296115,Fourth,Ahmedabad,30,1998,5,3780245,1113282,946289,29,15,9,2714775,29.45,4.07,6,3.76,1
Ford,EcoSport,2019,CNG,Manual,64936,First,Delhi,27,1497,7,1197109,668585,581668,46,13,6,542494,55.85,6.48,4,10.3,0
Tata,Tigor,2021,Petrol,Automatic,84630,Second,Delhi,18,1199,8,748117,520689,484240,32,7,4,225722,69.6,9.43,9,6.15,0
Tata,Safari,2024,Diesel,Manual,6781,First,Lucknow,26,1956,10,2287058,2059038,2017857,32,2,1,271616,90.03,8.26,7,303.65,0
Maruti,WagonR,2021,PETROL,Manual,76605,Second,Lucknow,15,1197,8,785217,514631,437436,50,15,4,247420,65.54,8.85,9,6.72,0
Hyundai,Grand i10,2014,Petrol,Manual,129144,Second,Ahmedabad,14,1197,5,552510,82876,70444,63,15,11,484346,15,6.41,8,0.64,0
Nissan,Magnite,2018,Petrol,Manual,73020,First,Chandigarh,16,999,6,786178,382868,363724,29,5,7,401164,48.7,5.18,6,5.24,0
Mahindra,XUV400,2018,Diesel,Automatic,65330,First,Jaipur,18,0,5,1929873,946795,927859,,2,7,964208,49.06,6.13,9,14.49,0
Honda,Amaze,2022,Petrol,Manual,62810,Second,Kolkata,16,1199,7,1174329,796664,740897,35,7,3,388496,67.84,6.9,7,12.68,0
Nissan,Magnite,2020,Petrol,Manual,47839,First,Surat,15,999,8,973085,661697,542591,31,18,5,339003,68,7.69,5,,0
Hyundai,Aura,2011,CNG,Automatic,186319,Second,Pune,22,1197,6,622520,93378,86841,58,7,14,680525,15,5.15,9,0.5,0
Maruti,Dzire,2014,Diesel,Manual,203588,Second,Mumbai,26,1197,5,731452,109717,89967,45,18,11,737205,15,5.43,9,0.54,0
Kia,Carens,2024,Petrol,Manual,34010,Third,Surat,22,1497,8,1638692,1480558,1273279,39,14,1,170859,90.35,7.63,8,43.53,0
Skoda,Kushaq,2013,Petrol,Automatic,108576,First,Mumbai,22,1498,2,939449,140917,122597,51,13,12,1002309,15,5.28,6,1.3,0
Nissan,Terrano,2025,CNG,Manual,1241,Second,Delhi,25,1461,9,1319356,1253388,1052845,16,16,0,0,95,7.25,4,1009.98,0
Renault,Triber,2025,Diesel,Automatic,500,Third,Surat,20,999,8,1041751,989663,801627,46,19,0,0,95,6.83,6,1979.33,0
Kia,Sonet,2017,Petrol,Manual,216454,Third,Surat,20,1197,3,1037098,302936,287789,45,5,8,742919,29.21,5.32,7,1.4,0
Ford,Aspire,2024,Petrol,Manual,11394,First,Surat,15,1194,10,1120697,991032,822556,12,17,1,129498,88.43,8.48,4,86.98,0
Volkswagen,Taigun,2019,Petrol,Automatic,105405,Second,Chennai,18,1498,5,1188112,680431,625996,44,8,6,539611,57.27,4.93,6,6.46,0
Volkswagen,Polo,2025,Petrol,Automatic,500,Third,Nagpur,21,999,9,1080559,1026531,780163,37,24,0,0,95,8.54,5,2053.06,0
Mahindra,XUV700,2019,Petrol,Automatic,63916,First,Bhopal,16,2184,7,2603673,1484614,1336152,27,10,6,1085967,57.02,6.17,8,23.23,1
Hyundai,Venue,2019,CNG,Automatic,100773,Third,Chennai,20,1197,4,938486,556052,517128,42,7,6,385950,59.25,5.79,8,,0
Tata,Tigor,2013,Petrol,Manual,131663,First,Jaipur,13,1199,3,558071,83710,68642,71,18,12,548135,15,5.12,8,0.64,0
Honda,City,2017,Diesel,Manual,140874,First,Hyderabad,22,1497,4,1177735,402903,334409,42,17,8,786333,34.21,,8,2.86,0
Mahindra,XUV400,2022,Petrol,Manual,53006,Second,Kolkata,22,0,8,1964338,1366589,1311925,21,4,3,555819,69.57,7.46,9,25.78,0
Honda,City,2020,Petrol,Automatic,100142,Second,Chennai,23,1497,7,1421711,824450,733760,33,11,5,613526,57.99,6.32,9,8.23,0
MG,Gloster,2024,Petrol,Automatic,19695,Fourth,Nagpur,17,1996,10,5154941,4318294,3756915,25,13,1,695376,83.77,8.49,7,219.26,1
MG,Gloster,2024,Petrol,Automatic,13019,First,Chennai,,,9,4315175,3743414,3406506,13,9,1,565764,86.75,9.44,8,287.53,1
Nissan,Kicks,2022,Diesel,Manual,49582,Second,Lucknow,25,1461,8,1224457,815978,783338,32,4,3,381574,66.64,6.35,4,16.46,0
Hyundai,Tucson,2021,Petrol,Automatic,43821,First,Hyderabad,19,1998,7,3779186,2774300,2524613,47,9,4,1059072,73.41,9.48,10,63.31,1
MG,Gloster,2018,Petrol,Automatic,65106,First,Bhopal,18,1996,7,3636083,1854038,1705714,44,8,7,1742519,50.99,7.42,8,28.48,1
Tata,Tigor,2018,CNG,Manual,95074,Second,Ahmedabad,24,1199,6,657822,279048,267886,53,4,7,372967,42.42,6.61,8,2.94,0
Ford,Aspire,2024,Diesel,Manual,21669,Fourth,Delhi,17,1196,9,1047203,935152,794879,43,15,1,123520,89.3,6.36,4,43.16,0
Honda,HR-V,2023,CNG,Manual,35351,Second,Hyderabad,27,1498,9,1479837,1162855,1000055,29,14,2,311164,78.58,7.6,7,32.89,0
Skoda,Slavia,2017,Petrol,Automatic,129026,Third,Delhi,13,1498,3,1138523,412486,329988,50,20,8,697471,36.23,4.74,6,3.2,0
Kia,Seltos,2023,Diesel,Manual,19213,First,Chennai,25,1497,9,1555286,1236452,1162264,36,6,2,290193,79.5,8.39,7,64.35,0
Skoda,Kodiaq,2023,Petrol,Manual,58951,Third,Surat,22,1984,7,4948470,3950858,3358229,27,15,2,1020742,79.84,8.58,6,67.02,1
MG,ZS EV,2013,Petrol,Automatic,220025,Second,Nagpur,18,0,3,2009474,301421,292378,57,3,12,1779764,15,3.95,6,1.37,1
Skoda,Kodiaq,2020,Petrol,Automatic,80509,First,Bhopal,20,1984,6,4829097,2755965,2563047,32,7,5,2014104,57.07,7.34,7,34.23,1
Tata,Harrier,2023,Petrol,Manual,29856,First,Surat,15,1956,9,2570370,2051669,2010635,26,2,2,443709,79.82,,9,68.72,0
Honda,Jazz,2019,Petrol,Automatic,124897,Third,Surat,22,1199,6,914313,526644,489778,33,7,6,377429,57.6,5.56,8,4.22,0
Hyundai,Verna,2019,CNG,Manual,93365,First,Delhi,29,1497,5,1255472,598609,514803,36,14,6,630451,47.68,7.8,10,6.41,0
Skoda,Kushaq,2014,Petrol,Manual,132173,Second,Surat,13,1498,4,1053402,189190,155135,55,18,11,877447,17.96,6.53,7,1.43,0
Hyundai,i20,2018,Diesel,Automatic,105978,Second,Surat,25,,7,838012,347188,319412,49,8,7,507592,41.43,7.84,9,3.28,0
Tata,Nexon,2020,Petrol,Manual,89964,Third,Bangalore,20,1497,5,1080938,699042,573214,50,18,5,380637,64.67,5.94,7,7.77,0
Ford,EcoSport,2020,Petrol,Automatic,52577,First,Chennai,21,1497,8,1262847,654912,589420,48,10,5,574926,51.86,6.02,5,12.46,0
Hyundai,Verna,2015,Petrol,Automatic,100895,Second,Kolkata,15,1497,5,991939,310774,285912,38,8,10,706402,31.33,5.33,8,3.08,0
Toyota,Urban Cruiser,2024,CNG,Manual,9594,First,Lucknow,20,1462,10,1310821,1117605,961140,11,14,1,177018,85.26,9.01,10,,0
Skoda,Slavia,2017,CNG,Automatic,94556,First,Surat,24,1498,4,1179511,485840,461548,41,5,8,713058,41.19,5.6,5,5.14,0
Hyundai,Grand i10,2017,Petrol,Manual,133320,First,Mumbai,14,1197,6,763991,332412,275901,48,17,8,424306,43.51,6.1,8,2.49,0
Maruti,WagonR,2024,Petrol,Automatic,20729,Third,Chennai,16,1197,9,957832,821245,698058,28,15,1,126818,85.74,10,10,39.62,0
MG,ZS EV,2024,Petrol,Automatic,25465,Fourth,Ahmedabad,13,0,10,2834178,2463467,2020042,21,18,1,350414,86.92,7.31,6,96.74,1
Kia,EV6,2023,Petrol,Automatic,47787,Third,Jaipur,16,0,6,9473294,7472534,6351653,48,15,2,2172250,78.88,7.26,7,156.37,1
Honda,Elevate,2024,Diesel,Automatic,20364,Third,Mumbai,17,1200,8,1475628,1297814,999316,45,23,1,172389,87.95,8.73,9,63.73,0
Maruti,Baleno,2023,Petrol,Manual,25219,First,Chandigarh,14,1197,8,1008807,803313,682816,19,15,2,176971,79.63,9.23,10,31.85,0
Maruti,Alto,2018,Petrol,Automatic,90522,Second,Kolkata,13,796,7,443534,195997,178357,48,9,7,251065,44.19,6.82,9,4.4,0
Hyundai,Grand i10,2017,Diesel,Manual,130583,First,Jaipur,15,1197,7,645303,206948,177975,41,14,8,454504,32.07,7.01,10,1.58,0
Hyundai,Grand i10,2022,Diesel,Manual,26095,First,Mumbai,28,1197,9,865072,641537,577383,44,10,3,228104,74.16,7.62,8,24.58,0
Honda,HR-V,2021,Diesel,Manual,49194,Second,Kolkata,25,1498,8,1382921,918397,890845,22,3,4,449857,66.41,9.03,7,18.67,0
Hyundai,Tucson,2022,Petrol,Automatic,21036,First,Surat,19,1996,8,3653554,2546892,2088451,19,18,3,1186049,69.71,10,10,121.07,1
Ford,Aspire,2022,Diesel,Automatic,25330,First,Pune,16,1194,9,909560,666434,606454,18,9,3,244345,73.27,9.07,5,26.31,0
Hyundai,Tucson,2014,Petrol,Automatic,142215,First,Jaipur,18,1998,7,2717911,459055,408558,29,11,11,2266599,16.89,7.92,8,3.23,1
MG,Gloster,2021,Petrol,Automatic,71856,Second,Ahmedabad,14,1996,8,4769247,3337995,2870675,44,14,4,1530457,69.99,9,7,46.45,1
MG,ZS EV,2011,Diesel,Automatic,250092,First,Lucknow,16,0,2,1563550,234532,201697,66,14,14,1856578,15,4.91,8,0.94,1
Skoda,Slavia,2014,Petrol,Automatic,174173,Second,Jaipur,19,1498,3,925323,183954,154521,45,16,11,733669,19.88,4.94,7,1.06,0
Toyota,Camry,2022,Petrol,Automatic,25338,First,Ahmedabad,18,2487,9,5844095,3722688,3611007,40,3,3,1977358,63.7,9.62,10,146.92,1
Renault,Duster,2023,Petrol,Manual,28588,First,Ahmedabad,15,1498,9,1544949,1226226,1115865,35,9,2,316493,79.37,6.96,5,42.89,0
Hyundai,Creta,2022,Petrol,Manual,56288,Second,Delhi,15,1493,8,1593472,1167536,1109159,28,5,3,463839,73.27,8.3,9,20.74,0
Nissan,Kicks,2013,Petrol,Automatic,138364,First,Surat,15,1461,2,791860,118779,109276,52,8,12,729122,15,3.22,4,0.86,0
Hyundai,i20,2017,Petrol,Manual,141324,First,Hyderabad,13,1197,4,806338,283508,260827,61,8,8,524769,35.16,7.31,10,2.01,0
Toyota,Glanza,2023,Diesel,Automatic,32267,Second,Pune,26,1197,8,1064762,863628,785901,37,9,2,224349,81.11,7.55,9,26.77,0
Mahindra,Thar,2022,Petrol,Manual,35631,First,Surat,,2184,10,2281254,1491483,1237930,41,17,3,745856,65.38,7.73,7,41.86,0
Ford,Endeavour,2024,Petrol,Automatic,8040,Second,Kolkata,18,1996,10,6972469,6036763,5433086,16,10,1,946557,86.58,6.96,4,750.84,1
Honda,Amaze,2016,CNG,Manual,157270,First,Bangalore,24,1199,4,891245,252400,212016,42,16,9,649611,28.32,5.93,7,1.6,0
Mahindra,XUV400,2024,Petrol,Manual,12635,Third,Jaipur,17,0,9,2261489,1902590,1464994,39,23,1,303491,84.13,9.99,7,150.58,0
Mahindra,Scorpio,2024,Petrol,Manual,20845,Second,coimbatore,22,2184,9,2422761,2190902,1862266,25,15,1,275486,90.43,9.75,7,105.1,0
Tata,Nexon,2025,Diesel,Manual,500,Second,Lucknow,22,1497,10,1234094,1172389,1090321,35,7,0,0,95,10,9,2344.78,0
Mahindra,Bolero,2025,Diesel,Manual,2337,Third,Nagpur,16,1493,10,1507028,1431676,1331458,39,7,0,0,95,10,8,612.61,0
Maruti,Brezza,2019,Petrol,Automatic,69607,First,Surat,14,1462,9,1000809,579968,527770,30,9,6,437193,57.95,9.71,10,8.33,0
Volkswagen,Vento,2019,Petrol,Automatic,75554,First,Jaipur,18,1598,5,1212776,669694,609421,30,9,6,507839,55.22,4.4,5,8.86,0
Kia,Carens,2024,Petrol,Manual,7855,Second,Pune,16,1499,10,1667778,1450132,1406628,36,3,1,222082,86.95,,8,184.61,0
Honda,Jazz,2014,Petrol,Manual,190313,First,Surat,13,1201,4,881807,132271,124334,68,6,11,776454,15,5.69,7,0.7,0
Tata,Tigor,2021,Diesel,Manual,64053,First,Ahmedabad,20,1199,8,794656,558325,513659,36,8,4,247323,70.26,8.44,8,8.72,0
Skoda,Slavia,2024,Diesel,Automatic,19508,First,Chandigarh,20,1498,10,1674207,1455053,1411401,37,3,1,178882,86.91,8.34,5,131.92,0
MG,Astor,2023,Petrol,Automatic,30067,Second,Bangalore,19,1495,8,1503658,1263373,1035965,18,18,2,269931,84.02,7.21,6,42.02,0
Mahindra,Thar,2023,Petrol,Automatic,29745,Second,Kolkata,17,2184,10,2062458,1598404,1566435,42,2,2,414956,77.5,10,7,53.74,0
Mahindra,Scorpio,2023,Petrol,Manual,16226,First,Bangalore,13,2184,9,2254847,1744575,1622454,39,7,2,445988,77.37,8.41,8,107.52,0
Maruti,Brezza,2021,CNG,Manual,64262,First,Bangalore,25,1462,6,1235586,856755,728241,42,15,4,347227,69.34,6.63,10,13.33,0
Nissan,Kicks,2015,CNG,Automatic,142125,Second,Chennai,28,1459,5,1027135,154070,127878,58,17,10,888332,15,6.68,6,1.08,0
Hyundai,Alcazar,2015,Petrol,Manual,115262,Second,Chandigarh,21,1999,4,1640812,524731,493247,57,6,10,1125865,31.98,6.69,9,4.55,0
Ford,EcoSport,2020,Petrol,Automatic,65991,Second,Bangalore,16,1497,8,1115223,657870,572346,49,13,5,453478,58.99,6.87,5,9.97,0
Tata,Punch,2023,Diesel,Manual,35932,Second,Mumbai,30,1197,10,1182176,944676,812421,30,14,2,210361,79.91,9.92,7,26.29,0
Volkswagen,Taigun,2018,Petrol,Automatic,110928,First,Pune,21,1498,6,1200603,539550,501781,41,7,7,685504,44.94,5.22,7,4.86,0
Ford,Figo,2023,Petrol,Manual,45141,Third,Coimbatore,14,1194,9,841827,686509,583532,34,15,2,173104,81.55,6.66,5,15.21,0
MG,Astor,2021,CNG,Automatic,44424,First,Kolkata,27,1497,7,1630758,1034715,1003673,45,3,4,585613,63.45,8.98,8,23.29,0
Renault,Triber,2023,Diesel,Automatic,30379,First,Pune,28,999,7,1062905,857339,823045,19,4,2,223817,80.66,8.26,5,28.22,0
Maruti,WagonR,2022,Petrol,Manual,68753,Third,Surat,14,1197,6,719347,504262,453835,30,10,3,230796,70.1,7.95,9,7.33,0
Maruti,Brezza,2017,Petrol,Manual,71097,First,Coimbatore,17,1462,4,1106613,378461,367107,,3,8,726532,34.2,7.82,10,5.32,0
Hyundai,Alcazar,2017,Petrol,Manual,95921,First,Coimbatore,16,1999,4,1759920,741278,696801,,6,8,1042106,42.12,6.2,9,7.73,0
Hyundai,Creta,2025,Petrol,Manual,500,Third,Bangalore,22,1491,10,1593805,1514114,1377843,35,9,0,0,95,8.63,8,3028.23,0
Hyundai,Aura,2024,Petrol,Manual,23736,Third,Jaipur,18,1197,8,1043761,940741,837259,32,11,1,124328,90.13,10,9,39.63,0
Honda,Jazz,2023,Petrol,Manual,26148,First,Coimbatore,13,1199,10,1285507,971843,952406,30,2,2,290003,75.6,8.85,7,37.17,0
Renault,Duster,2024,Petrol,Manual,17192,Second,Pune,15,1498,10,1301703,1168018,1027855,36,12,1,140903,89.73,7.75,6,67.94,0
Mahindra,Bolero,2023,Petrol,Manual,37491,Third,Jaipur,15,1493,7,1380949,1107659,996893,25,10,2,271327,80.21,7.28,9,29.54,0
Tata,Tiago,2025,Petrol,Automatic,500,Third,Hyderabad,18,1199,9,837362,795493,700033,25,12,0,0,95,8.2,7,1590.99,0
Maruti,Brezza,2012,Petrol,Automatic,176385,Second,Pune,11,1462,3,700048,105007,99756,53,5,13,806681,15,4.53,10,0.6,0
Maruti,Dzire,2018,Petrol,Manual,131608,Second,Chennai,13,1197,5,824172,297443,261749,47,12,7,524769,36.09,7.48,10,2.26,0
Maruti,Ciaz,2016,Petrol,Manual,176568,Fourth,Chennai,14,1462,3,872166,262085,225393,37,14,9,615408,30.05,6.11,10,1.48,0
Maruti,WagonR,2016,Diesel,Manual,142066,First,Ahmedabad,25,1197,4,692484,232328,192832,41,17,9,464381,33.55,4.99,10,1.64,0
MG,Hector,2023,Petrol,Automatic,55596,Fourth,Pune,20,1956,8,2127318,1802689,1604393,31,11,2,374049,84.74,8.51,7,32.42,0
MG,Hector,2021,Diesel,Manual,88982,Second,Bhopal,17,1956,7,2002517,1457431,1384559,44,5,4,561588,72.78,6.27,6,16.38,0
MG,Gloster,2024,Petrol,Automatic,19548,Fourth,Surat,19,1996,8,4133348,3583612,2831053,19,21,1,538251,86.7,8.27,6,183.32,1
Hyundai,Aura,2016,CNG,Manual,146375,First,Kolkata,20,1197,6,759168,278007,258546,32,7,9,499341,36.62,7.73,9,1.9,0
Honda,Amaze,2017,CNG,Automatic,246584,Fourth,Delhi,30,1199,4,768061,295703,260218,64,12,8,492679,38.5,4,7,1.2,0
Kia,Seltos,2024,Petrol,Manual,9450,Second,Hyderabad,16,1497,9,1664197,1448184,1201992,35,17,1,170283,87.02,7.81,8,153.25,0
Tata,Altroz,2015,Petrol,Manual,290948,Fourth,Nagpur,15,1199,3,646984,134119,119365,49,11,10,503110,20.73,3.33,7,0.46,0
Maruti,Alto,2016,Petrol,Automatic,225566,Third,Coimbatore,,796,4,394546,118797,98601,45,17,9,266647,30.11,5.99,9,0.53,0
Mahindra,Thar,2021,Diesel,Manual,82987,Second,Bhopal,19,2184,6,1939734,1238714,1028132,42,17,4,646463,63.86,7.79,9,14.93,0
Renault,Kiger,2019,Diesel,Automatic,93026,First,Hyderabad,27,999,5,819363,386657,378923,42,2,6,430532,47.19,,6,4.16,0
Ford,EcoSport,2020,Petrol,Manual,94520,First,Bangalore,18,1497,6,977276,549717,494745,27,10,5,439013,56.25,6.73,4,5.82,0
Honda,Jazz,2021,Petrol,Automatic,70260,Second,Nagpur,14,1199,7,1012218,727582,698478,45,4,4,300564,71.88,5.8,7,10.36,0
Hyundai,Verna,2024,Petrol,Manual,13583,First,Bangalore,15,1497,9,1304469,1165282,1013795,29,13,1,176691,89.33,9.69,8,85.79,0
Skoda,Octavia,2017,Diesel,Automatic,73746,First,Lucknow,25,1984,4,2963213,966600,879606,38,9,8,2072903,32.62,3.48,5,13.11,1
Honda,Jazz,2020,Petrol,Manual,73283,First,Surat,16,1199,7,951827,629062,616480,48,2,5,323931,66.09,6.71,9,8.58,0
Kia,EV6,2013,Diesel,Automatic,152626,Second,Bhopal,19,0,3,5599317,839897,806301,64,4,12,5840108,15,5.35,6,5.5,1
Skoda,Octavia,2022,Petrol,Automatic,53665,Second,Jaipur,18,1984,8,3809927,2747719,2253129,32,18,3,1127383,72.12,6.74,6,51.2,1
Maruti,Dzire,2013,Petrol,Automatic,185020,First,Bhopal,18,1197,4,592150,88822,76386,58,14,12,600901,15,4.63,9,0.48,0
Ford,Endeavour,2020,Petrol,Automatic,60563,First,Coimbatore,15,1996,6,5114861,3214690,3021808,44,6,5,1995144,62.85,6.75,6,53.08,1
Maruti,Ertiga,2023,CNG,Manual,20236,First,jaipur,29,1462,9,1203213,910952,810747,17,11,2,267530,75.71,9.53,10,45.02,0
MG,ZS EV,2025,Petrol,Manual,500,First,Chennai,22,0,10,3497966,3323067,2990760,9,10,0,0,95,9.42,7,6646.13,1
Hyundai,Creta,2025,Petrol,Automatic,1132,First,Ahmedabad,19,1493,10,1609590,1529110,1406781,13,8,0,0,95,8.75,8,1350.8,0
Tata,Altroz,2022,Diesel,Automatic,54721,Second,Lucknow,24,1199,8,1021531,770642,670458,38,13,3,262179,75.44,7.36,8,14.08,0
MG,ZS EV,2023,Petrol,Automatic,38912,First,Nagpur,12,0,8,3185649,2471107,2421684,23,2,2,670248,77.57,6.73,7,63.51,1
Renault,Triber,2021,Petrol,Manual,45881,Second,Jaipur,22,999,9,781212,572315,492190,34,14,4,228669,73.26,8.19,6,12.47,0
Maruti,Dzire,2024,Petrol,Automatic,10479,First,Chandigarh,18,1197,10,1136589,1024862,901878,40,12,1,142633,90.17,8.08,9,97.8,0
Honda,HR-V,2018,Petrol,Manual,125824,Second,Pune,16,1498,6,1445240,596884,584946,49,2,7,854401,41.3,5.45,7,4.74,0
Ford,Figo,2025,Petrol,Manual,500,Third,Surat,16,1194,9,956863,909019,818117,36,10,0,0,95,7.76,4,1818.04,0
Hyundai,Venue,2024,Petrol,Automatic,14033,First,Chandigarh,19,1199,9,1178485,1054036,927551,28,12,1,134748,89.44,9.95,10,75.11,0
Honda,HR-V,2018,Petrol,Automatic,54196,First,Surat,16,1498,7,1321963,509616,463750,44,9,7,812260,38.55,7.24,7,9.4,0
Volkswagen,Virtus,2020,Petrol,Manual,80081,First,Hyderabad,21,1498,6,1219274,777165,714991,41,8,5,447580,63.74,5.14,6,9.7,0
Hyundai,Creta,2023,Diesel,Automatic,32398,First,Mumbai,22,1493,9,1428028,1139137,1093571,34,4,2,325081,79.77,9.11,8,,0
Nissan,Kicks,2022,Petrol,Automatic,41332,First,Lucknow,20,1461,8,1415280,1042070,948283,29,9,3,367924,73.63,5.84,4,25.21,0
Maruti,Dzire,2023,Diesel,Automatic,24173,Second,Mumbai,23,1197,8,921866,736017,625614,24,15,2,201148,79.84,8.78,9,30.45,0
Volkswagen,Taigun,2014,Petrol,Manual,265149,Fourth,Chennai,18,1498,3,1082571,162385,144522,41,11,11,1007730,15,3.66,7,0.61,0
MG,Hector,2017,Diesel,Automatic,179965,Fourth,Nagpur,17,1956,3,1734307,505550,470161,53,7,8,1209219,29.15,4.71,6,2.81,0
Toyota,Camry,2020,Petrol,Automatic,80438,First,Chandigarh,22,2487,7,5222168,2828326,2743476,19,3,5,2241174,54.16,6.54,8,35.16,1
Mahindra,Scorpio,2025,Petrol,Automatic,2708,Third,Lucknow,22,2184,8,2364105,2245899,2111145,19,6,0,0,95,9.93,8,829.36,0
Skoda,Octavia,2018,Petrol,Manual,104424,Third,Bhopal,22,1984,5,2721669,1232371,1010544,47,18,7,1495113,45.28,6.14,5,11.8,1
Renault,Duster,2021,CNG,Manual,54214,First,Jaipur,28,1498,8,1243150,825451,726396,39,12,4,410485,66.4,7.11,5,15.23,0
Ford,Aspire,2019,CNG,Manual,84176,Second,Surat,27,1194,7,1006594,467663,406866,43,13,6,541714,46.46,5.64,6,5.56,0
Hyundai,Venue,2020,Petrol,Automatic,88628,First,Bhopal,21,1197,6,1110616,759550,630426,25,17,5,383740,68.39,6.87,10,8.57,0
Nissan,Magnite,2012,Petrol,Automatic,168444,Second,Kolkata,15,999,2,625052,93757,87194,47,7,13,656735,15,2.05,4,0.56,0
Kia,EV6,2020,Diesel,Automatic,77182,First,Lucknow,25,0,8,8182759,4529157,3985658,29,12,5,3658564,55.35,7.17,6,58.68,1
Renault,Duster,2020,Petrol,Manual,72594,Second,Bhopal,20,1498,8,1249538,750472,682929,29,9,5,529217,60.06,5.53,5,10.34,0
Volkswagen,Polo,2013,Petrol,Manual,169610,Third,Jaipur,16,999,1,715066,107259,82589,77,23,12,619679,15,3.25,6,0.63,0
Skoda,Slavia,2017,Petrol,Automatic,116807,Fourth,Bangalore,21,1498,3,1354669,401252,349089,57,13,8,992650,29.62,4.3,6,3.44,0
Toyota,Urban Cruiser,2015,Petrol,Manual,103175,First,Chennai,17,1462,5,1015343,152301,135547,59,11,10,901551,15,5.53,10,3.96,0
Hyundai,Tucson,2019,Petrol,Automatic,66055,Second,Chandigarh,14,1998,5,2869279,1634341,1372846,26,16,6,1271436,56.96,6.88,9,24.74,1
Volkswagen,Virtus,2022,Petrol,Manual,70013,Third,Mumbai,21,1498,8,1350175,928650,863644,39,7,3,385940,68.78,6.98,5,13.26,0
Maruti,Dzire,2023,CNG,Manual,24065,Second,Bhopal,21,1197,8,1107139,881171,819489,44,7,2,252362,79.59,9.49,10,79.5,0
Kia,EV6,2020,Petrol,Automatic,80018,Second,Nagpur,15,0,8,6984826,4626748,4349143,45,6,5,2386760,66.24,7.16,7,57.82,1
Maruti,WagonR,2020,Petrol,Automatic,61433,Second,Surat,20,1199,6,672633,422346,392781,41,7,5,264266,62.79,8.29,9,6.87,0
Renault,Kwid,2018,Petrol,Manual,78363,First,Surat,20,799,7,476582,204882,194637,45,5,7,279343,42.99,5.12,6,2.61,0
Volkswagen,Taigun,2014,Diesel,Manual,264609,Third,Coimbatore,23,1498,2,930664,154490,128226,52,17,11,781656,16.6,4.12,6,0.58,0
Ford,Figo,2020,Petrol,Automatic,67072,Third,Pune,22,1194,5,763588,463803,408146,48,12,5,293661,60.74,6.5,6,6.92,0
Toyota,Glanza,2011,Petrol,Manual,140057,First,Kolkata,19,1197,1,557755,83663,78643,56,6,14,698063,15,3.35,9,0.6,0
Maruti,WagonR,2016,Diesel,Automatic,75336,First,Chennai,21,1197,4,622290,129187,122727,40,5,9,485173,20.76,4.87,9,1.71,0
Mahindra,Thar,2023,Petrol,Manual,14905,First,Chandigarh,18,2184,10,2113664,1669583,1602799,13,4,2,479899,78.99,10,8,112.01,0
Renault,Triber,2016,Diesel,Manual,161035,Fourth,Bangalore,26,999,6,797956,203000,158340,34,22,9,613701,25.44,5.67,6,1.26,0
Volkswagen,Taigun,2025,Petrol,Automatic,609,Second,Nagpur,21,1498,10,1724675,1638441,1572903,27,4,0,0,95,8.83,7,2690.38,0
Tata,Safari,2022,Petrol,Automatic,25924,First,Chandigarh,22,1956,10,2184920,1456904,1354920,24,7,3,670698,66.68,9.1,9,56.2,0
Volkswagen,Taigun,2015,Petrol,Automatic,218361,Second,Chandigarh,14,1498,4,1213713,386810,355865,45,8,10,837210,31.87,5.21,6,1.77,0
Hyundai,i20,2023,CNG,Manual,50524,Second,Surat,29,1197,7,1149594,945541,784799,36,17,2,232249,82.25,,8,18.71,0
MG,ZS EV,2025,Petrol,Automatic,1620,First,Hyderabad,18,0,9,3029852,2878359,2619306,36,9,0,0,95,8.24,8,1776.76,1
Skoda,Kodiaq,2020,Petrol,Automatic,45315,First,Mumbai,15,1984,7,4554430,2682103,2494355,43,7,5,1896335,58.89,8.58,7,59.19,1
Ford,EcoSport,2013,Petrol,Automatic,160817,Second,Pune,17,1497,2,699022,104853,96464,51,8,12,701953,15,3.86,5,0.65,0
Hyundai,i20,2025,Petrol,Manual,500,First,Delhi,18,1197,9,1146640,1089308,1013056,27,7,0,0,95,9.17,8,2178.62,0
Hyundai,Tucson,2016,Diesel,Automatic,132824,First,Hyderabad,26,1998,5,3226156,1031402,907633,37,12,9,2147535,31.97,4.95,8,7.77,1
Kia,Carens,2024,Petrol,Automatic,6947,Second,Pune,15,1497,10,1728503,1550812,1364714,40,12,1,211085,89.72,8.31,6,223.23,0
Volkswagen,Polo,2019,Diesel,Manual,54157,First,Nagpur,19,999,6,896941,439590,369255,48,16,6,446904,49.01,5.44,6,8.12,0
Renault,Triber,2024,Diesel,Automatic,15998,Third,Nagpur,18,999,8,1029878,889402,711521,38,20,1,127304,86.36,8.43,6,55.59,0
Renault,Triber,2020,CNG,Automatic,61292,Second,Mumbai,21,999,6,925310,613110,502750,28,18,5,317463,66.26,7.15,5,10,0
Skoda,Octavia,2016,Petrol,Automatic,128075,Third,Chennai,14,1984,3,2730819,1098881,967015,,12,9,1697127,40.24,5.69,5,8.58,1
Hyundai,Grand i10,2020,Petrol,Automatic,75176,First,Chennai,18,1197,6,793910,499845,434865,35,13,5,311931,62.96,6.99,10,6.65,0
Mahindra,Scorpio,2024,Petrol,Manual,13168,First,Chennai,22,2184,10,2412640,2082590,1895156,36,9,1,306301,86.32,8.65,7,158.16,0
Skoda,Kushaq,2024,Petrol,Manual,23809,Third,Kolkata,21,1498,10,1562308,1385298,1191356,39,14,1,186713,88.67,8.92,5,58.18,0
Skoda,Slavia,2018,CNG,Automatic,80459,First,Bangalore,29,1498,5,1300937,584380,555161,36,5,7,682770,44.92,6.29,7,7.26,0
Kia,Seltos,2023,Petrol,Manual,30294,First,Bhopal,13,1497,7,1551539,1210976,1089878,44,10,2,314491,78.05,8.08,6,39.97,0
Renault,Triber,2014,CNG,Automatic,122652,Second,Nagpur,23,999,3,585527,87829,83437,42,5,11,524243,15,3.13,6,0.72,0
Volkswagen,Virtus,2025,Diesel,Manual,955,Third,Surat,20,1498,9,1546781,1469441,1278413,35,13,0,0,95,7.5,5,1538.68,0
Renault,Kwid,2024,CNG,Automatic,10462,Second,Jaipur,23,799,10,691836,620715,546229,34,12,1,81227,89.72,8.96,7,59.33,0
Nissan,Magnite,2021,CNG,Automatic,66016,Second,Delhi,26,999,8,1070170,738738,679638,49,8,4,347785,69.03,6.33,6,11.19,0
Hyundai,Tucson,2019,Diesel,Automatic,158460,Third,Ahmedabad,22,1998,5,3105946,1691187,1369861,37,19,6,1355909,54.45,6.43,9,10.67,1
Honda,HR-V,2024,Diesel,Manual,11168,Third,Bangalore,20,1498,10,1610868,1408865,1169357,38,17,1,205224,87.46,9.49,8,126.15,0
Maruti,Brezza,2016,Petrol,Automatic,92027,Second,Kolkata,22,1462,4,995285,188506,180965,60,4,9,824090,18.94,7.55,10,2.05,0
Volkswagen,Taigun,2025,CNG,Automatic,1039,Fourth,Pune,25,1498,10,1810834,1720292,1513856,13,12,0,0,95,9.58,7,1655.72,0
Maruti,Swift,2021,Petrol,Manual,86291,Third,Kolkata,19,1197,6,830358,524038,424470,57,19,4,298323,63.11,8.47,10,6.07,0
Honda,Amaze,2023,Petrol,Manual,36959,First,Mumbai,16,1199,9,1143604,849583,798608,23,6,2,262306,74.29,8.17,8,22.99,0
Skoda,Slavia,2017,Petrol,Manual,171845,Second,Delhi,20,1498,4,1372177,483006,454025,55,6,8,868340,35.2,5.36,6,,0
Honda,City,2023,Petrol,Automatic,52449,Fourth,Chennai,19,1497,7,1609653,1301726,1015346,43,22,2,290562,80.87,8.26,7,24.82,0
Maruti,WagonR,2025,Petrol,Manual,500,Fourth,Surat,15,1195,9,805545,765267,604560,42,21,0,0,95,9.27,10,1530.53,0
Kia,Carens,2023,Petrol,Automatic,29053,First,Lucknow,20,1497,8,1679061,1338883,1298716,39,3,2,376827,79.74,7.19,8,94.32,0
Ford,Endeavour,2018,Diesel,Automatic,123746,Fourth,Chennai,22,1996,8,4975914,1990863,1632507,30,18,7,2882776,40.01,6.9,5,16.09,1
Maruti,Brezza,2022,CNG,Manual,100828,Fourth,Jaipur,24,1462,6,1290178,852678,690669,27,19,3,411155,66.09,8.06,9,8.46,0
Ford,Endeavour,2021,Petrol,Automatic,42921,Second,Hyderabad,14,1996,6,6096661,4019528,3617575,38,10,4,1933318,65.93,7.65,6,93.65,1
Tata,Tiago,2020,Diesel,Manual,67595,Second,Bangalore,22,1199,6,729368,428941,394625,32,8,5,285860,58.81,6.32,8,6.35,0
Toyota,Camry,2021,Petrol,Automatic,69566,Third,Delhi,13,2489,5,5447472,3430273,3052942,26,11,4,1881479,62.97,5.31,8,49.31,1
Mahindra,Bolero,2024,Petrol,Manual,12946,First,Delhi,16,1493,10,1249364,1117056,915985,14,18,1,147459,89.41,9.14,7,86.29,0
Skoda,Slavia,2020,CNG,Manual,150364,Third,Coimbatore,22,1498,5,1286548,715963,637207,62,11,5,547107,55.65,5.85,5,4.76,0
Hyundai,Venue,2024,Diesel,Manual,9475,First,Delhi,25,1197,9,1197235,1072722,1029813,32,4,1,131187,89.6,7.79,8,113.22,0
Hyundai,Alcazar,2021,Diesel,Automatic,85792,Third,Jaipur,16,1999,7,2242437,1535845,1228676,28,20,4,750327,68.49,7.61,10,17.9,0
MG,Gloster,2019,Diesel,Automatic,139825,Second,Pune,22,1996,7,3894364,2185517,2098096,32,4,6,1822547,56.12,7.08,7,15.63,1
Kia,Seltos,2024,Petrol,Manual,20011,Second,Pune,20,1497,10,1596236,1412349,1369978,31,3,1,163121,88.48,9.69,7,70.58,0
Renault,Triber,2020,CNG,Manual,65300,Second,Bhopal,28,999,7,798734,487706,477951,47,2,5,327127,61.06,7.84,5,7.47,0
Renault,Duster,2013,CNG,Manual,188820,First,Bhopal,24,1498,2,1007750,151162,126976,68,16,12,888484,15,3.11,6,0.8,0
Tata,Nexon,2023,Diesel,Manual,15840,First,Jaipur,22,1497,8,1327637,1077111,937086,38,13,2,270158,81.13,8.91,8,68,0
Tata,Altroz,2024,Petrol,Manual,15833,Third,Lucknow,17,1199,10,936339,805251,676410,22,16,1,109510,86,10,9,50.86,0
Kia,Seltos,2017,Petrol,Manual,196880,Third,Delhi,21,1497,5,1316351,461512,369209,,20,8,875763,35.06,5.19,6,2.34,0
Ford,Endeavour,2025,Diesel,Automatic,500,First,Lucknow,22,1996,9,6725370,6389101,5750190,27,10,0,0,95,8.84,6,12778.2,1
MG,Hector,2024,CNG,Automatic,19126,Second,Kolkata,26,1956,10,2204627,1937867,1666565,28,14,1,274650,87.9,8.27,6,101.32,0
Nissan,Terrano,2019,Petrol,Manual,124575,Third,Coimbatore,14,1461,6,1049050,560297,521076,33,7,6,509271,53.41,6.35,4,4.5,0
Toyota,Fortuner,2018,CNG,Manual,93603,Second,Chennai,30,2755,7,3666385,1511650,1239553,,18,7,2174322,41.23,,9,16.15,1
Ford,Endeavour,2024,Petrol,Automatic,6961,First,Chandigarh,20,1996,10,6189056,5547869,4604731,27,17,1,734522,89.64,7.3,6,796.99,1
Nissan,Terrano,2015,Diesel,Manual,108011,Second,Jaipur,17,1461,3,974219,228649,194351,57,15,10,752719,23.47,4.54,6,2.12,0
Hyundai,Alcazar,2020,Petrol,Automatic,83724,First,Kolkata,17,1999,6,2297630,1418097,1333011,34,6,5,833619,61.72,8.53,10,16.94,0
Maruti,Ciaz,2022,Petrol,Manual,57606,Second,Pune,22,1462,7,1364929,980837,941603,45,4,3,384236,71.86,9.63,10,17.03,0
Honda,City,2022,Diesel,Automatic,74744,Third,Pune,27,1497,8,1615363,1138830,1024947,45,10,3,525009,70.5,8.36,8,15.24,0
Maruti,Baleno,2021,Diesel,Automatic,123837,Third,Surat,22,1197,5,865867,631823,549686,61,13,4,258303,72.97,6.08,10,5.1,0
Tata,Tigor,2023,Petrol,Automatic,42829,Second,Surat,16,1199,9,832648,703504,626118,43,11,2,145483,84.49,7.21,8,16.43,0
Toyota,Innova,2020,Petrol,Automatic,84358,First,Surat,14,2393,7,2505886,1448402,1216657,30,16,5,1116247,57.8,6.47,8,17.17,0
Maruti,Brezza,2022,Petrol,Manual,39402,First,Coimbatore,21,1462,8,1332085,969491,862846,23,11,3,390220,72.78,9.23,10,24.61,0
Honda,Elevate,2022,Diesel,Manual,40680,First,Lucknow,18,1200,8,1092604,780228,686600,38,12,3,294544,71.41,8.78,8,19.18,0
Tata,Tiago,2023,Diesel,Automatic,27467,Second,Hyderabad,19,1199,9,722002,585904,556608,23,5,2,137043,81.15,9.44,9,21.33,0
Tata,Punch,2023,CNG,Automatic,18084,First,Bhopal,20,1199,8,1024945,862901,767981,47,11,2,187086,84.19,7.14,7,47.72,0
Hyundai,Alcazar,2024,CNG,Automatic,10878,First,Chandigarh,27,1999,9,2594177,2359663,2123696,15,10,1,292797,90.96,9.03,10,216.92,0
Ford,Endeavour,2012,Petrol,Automatic,180889,Third,Hyderabad,15,1996,1,3467239,520085,431670,58,17,13,4025630,15,1.64,4,2.88,1
Ford,Endeavour,2022,Petrol,Automatic,34081,First,Lucknow,17,1996,9,5388550,3846885,3269852,31,15,3,1458325,71.39,9.01,6,112.87,1
Tata,Nexon,2021,Petrol,Automatic,42485,Second,Chandigarh,22,1496,6,1286845,843912,801716,24,5,4,462724,65.58,8.53,8,19.86,0
Mahindra,Thar,2023,Petrol,Manual,33844,Second,Ahmedabad,20,2184,7,2054445,1609041,1351594,43,16,2,463242,78.32,9.29,9,47.54,0
Ford,Figo,2024,Petrol,Manual,12529,Third,Mumbai,17,1194,8,1003973,863115,819959,,5,1,122751,85.97,7.06,4,68.89,0
Hyundai,Verna,2021,Petrol,Automatic,63632,First,Nagpur,15,1497,6,1221159,794974,723426,28,9,4,420489,65.1,7.24,9,12.49,0
Hyundai,Verna,2021,Petrol,Automatic,44318,First,Bangalore,15,1497,8,1189765,769302,753915,43,2,4,405662,64.66,8.69,9,17.36,0
Honda,Amaze,2024,Petrol,Manual,19166,Second,Mumbai,24,1199,10,1088209,973729,944517,36,3,1,115425,89.48,10,9,50.81,0
Maruti,Ciaz,2024,Petrol,Manual,8859,Second,Lucknow,14,1462,10,1280663,1156694,1064158,14,8,1,142808,90.32,10,10,130.57,0
Toyota,Fortuner,2020,Petrol,Automatic,123493,Third,Bangalore,19,2755,5,4545320,2376293,1901034,35,20,5,2035909,52.28,8.29,10,19.24,1
Hyundai,Aura,2024,Petrol,Automatic,12964,First,Ahmedabad,13,1197,9,1094384,941936,847742,37,10,1,125910,86.07,8.6,9,72.66,0
Honda,HR-V,2022,Petrol,Automatic,63197,Third,Lucknow,20,1498,7,1721459,1127211,991945,41,12,3,574744,65.48,7.15,9,17.84,0
Tata,Tiago,2017,Petrol,Automatic,90399,First,Surat,14,1199,5,533139,193049,187257,34,3,8,343567,36.21,5.53,7,2.14,0
Ford,EcoSport,2024,Petrol,Manual,13286,First,Lucknow,14,1497,9,1286619,1168507,1039971,29,11,1,140949,90.82,7.75,5,87.95,0
Hyundai,Grand i10,2022,Diesel,Manual,40933,First,Jaipur,27,1197,8,837315,541240,454641,25,16,3,280176,64.64,8.04,9,13.22,0
Hyundai,Alcazar,2021,Petrol,Automatic,35381,First,Nagpur,13,1999,7,2101201,1348550,1321579,39,2,4,753656,64.18,6.94,9,38.12,0
Tata,Safari,2022,Petrol,Manual,31463,Second,Delhi,20,1956,8,2162367,1595826,1388368,22,13,3,574593,73.8,7.03,7,50.72,0
Kia,EV6,2016,CNG,Automatic,170912,Second,Hyderabad,25,0,5,5567936,1550670,1318069,30,15,9,4170373,27.85,4.51,6,9.07,1
Kia,EV6,2020,Petrol,Automatic,124950,Third,Surat,21,0,5,8065264,4619783,3880617,46,16,5,3241795,57.28,6.1,6,36.97,1
Maruti,Swift,2017,Petrol,Manual,164181,Third,Pune,20,1197,4,685786,242905,204040,55,16,8,441726,35.42,4.96,10,1.48,0
Tata,Tigor,2021,Diesel,Automatic,34305,First,Chennai,28,1199,7,744569,514497,437322,38,15,4,224487,69.1,8.86,8,15,0
Toyota,Innova,2013,Petrol,Manual,273840,Fourth,Chennai,14,2393,2,1691406,253710,197893,72,22,12,1470358,15,5.13,8,0.93,0
Hyundai,i20,2022,Petrol,Manual,50408,First,Kolkata,17,1197,9,952778,703245,646985,28,8,3,275334,73.81,7.82,10,13.95,0
MG,ZS EV,2021,Petrol,Manual,108601,Third,Surat,14,0,7,2582562,1873390,1554913,,17,4,725381,72.54,6.52,8,17.25,1
Maruti,Brezza,2024,Petrol,Manual,29711,Fourth,Surat,22,1462,8,1389625,1233431,1060750,35,14,1,165100,88.76,8.68,9,41.51,0
Kia,EV6,2018,Petrol,Automatic,82212,Second,Coimbatore,17,0,7,7579242,3281811,2986448,23,9,7,4154462,43.3,,6,39.92,1
Tata,Harrier,2020,Diesel,Manual,43978,Second,Kolkata,27,1956,7,2020236,1082644,1060991,25,2,5,878354,53.59,8.22,7,24.62,0
Renault,Kwid,2020,Petrol,Automatic,101317,Second,Kolkata,21,799,8,566043,342625,335772,51,2,5,212459,60.53,8.9,7,3.38,0
Ford,Endeavour,2020,Petrol,Manual,95482,Third,Kolkata,13,1998,5,5382916,3253434,2700350,35,17,5,2054409,60.44,5.77,4,34.07,1
Skoda,Octavia,2023,Petrol,Automatic,61503,Third,Kolkata,22,1984,9,4070627,3349718,3115237,22,7,2,768595,82.29,8.06,5,54.46,1
Ford,Aspire,2016,Petrol,Manual,127770,Second,Jaipur,20,1194,5,708499,243440,204489,54,16,9,479774,34.36,4.5,4,1.91,0
Skoda,Octavia,2024,Petrol,Automatic,9519,First,Jaipur,13,1984,10,3413603,2847627,2363530,7,17,1,464280,83.42,9.58,6,299.15,1
MG,Astor,2023,Diesel,Manual,45531,Second,Chennai,28,1497,7,1731278,1408221,1253316,25,11,2,356650,81.34,7.48,8,30.93,0
Kia,Sonet,2025,Petrol,Manual,4631,First,Pune,16,1197,10,1176962,1118113,1084569,15,3,0,0,95,10,8,241.44,0
Hyundai,Alcazar,2020,CNG,Automatic,121441,Fourth,Delhi,29,1999,7,2232365,1498140,1243456,28,17,5,785178,67.11,6.72,9,12.34,0
Maruti,Brezza,2018,Diesel,Manual,115901,Second,Pune,27,1462,7,942789,335727,292082,45,13,7,582891,35.61,8.77,10,2.9,0
Tata,Punch,2025,Diesel,Manual,1452,Fourth,Chandigarh,19,1199,10,1036373,984554,945171,10,4,0,0,95,,7,678.07,0
Ford,Figo,2025,Diesel,Manual,500,Fourth,Pune,27,1194,9,1135949,1079151,841737,21,22,0,0,95,8.98,5,2158.3,0
Toyota,Glanza,2024,Diesel,Automatic,16964,Second,Bangalore,22,1197,10,1044401,896722,798082,37,11,1,122228,85.86,10,10,52.86,0
MG,Gloster,2023,Diesel,Automatic,63284,Fourth,Kolkata,22,1996,8,4990562,3878165,3257658,26,16,2,978119,77.71,6.44,6,61.28,1
Renault,Duster,2022,Diesel,Automatic,48299,Third,Nagpur,28,1498,8,1230477,895910,797359,34,11,3,340422,72.81,7.08,6,18.55,0
Toyota,Glanza,2021,Petrol,Manual,54679,First,Ahmedabad,18,1197,6,1069866,703543,626153,44,11,4,359820,65.76,8.35,8,12.87,0
Tata,Tigor,2019,CNG,Automatic,94365,First,Jaipur,,1199,6,763172,410662,394235,27,4,6,340529,53.81,6.89,9,4.35,0
Renault,Triber,2023,CNG,Manual,18562,Second,Mumbai,21,999,10,925589,716035,622950,42,13,2,196740,77.36,7.53,6,38.58,0
Maruti,Ciaz,2023,Petrol,Automatic,35245,Second,Kolkata,21,1462,9,1123078,865893,796621,16,8,2,255195,77.1,9.86,10,,0
Maruti,Alto,2021,Diesel,Automatic,115208,Third,Surat,21,796,6,484701,308948,250247,58,19,4,172839,63.74,7.28,10,2.68,0
Tata,Harrier,2023,Petrol,Manual,43749,Fourth,Bhopal,21,1956,7,2126638,1720875,1634831,21,5,2,423039,80.92,9.32,9,39.34,0
MG,Gloster,2020,Diesel,Automatic,75032,Second,Bhopal,23,1996,8,3612828,2370737,1944004,17,18,5,1248801,65.62,7.84,6,31.6,1
Honda,HR-V,2023,Petrol,Automatic,25828,Third,Delhi,13,1498,8,1873122,1521537,1354167,23,11,2,378733,81.23,7.52,9,58.91,0
Honda,Amaze,2022,Petrol,Manual,32508,First,Mumbai,17,1199,7,1011246,774513,728042,31,6,3,259752,76.59,8.73,9,23.83,0
Maruti,Ciaz,2021,Petrol,Manual,70658,First,Kolkata,18,1462,8,1304854,842022,766240,42,9,4,456367,64.53,7.4,10,11.92,0
Tata,Altroz,2020,Diesel,Automatic,77062,Second,Bhopal,26,1199,7,895390,591315,579488,44,2,5,324504,66.04,7.27,9,,0
Hyundai,Tucson,2019,Petrol,Automatic,135002,Second,Ahmedabad,15,1998,5,3102870,1832555,1667625,24,9,6,1346116,59.06,7.29,8,13.57,1
MG,Hector,2024,Petrol,Manual,18311,Third,Bangalore,21,1956,10,1967903,1805944,1553111,33,14,1,218507,91.77,9.79,8,98.63,0
Honda,HR-V,2023,Petrol,Automatic,33826,First,Nagpur,15,1498,7,1666242,1351488,1121735,34,17,2,310055,81.11,8.78,8,39.95,0
MG,Hector,2024,Petrol,Automatic,21518,Second,Bhopal,17,1956,10,2411814,2172562,1824952,35,16,1,265308,90.08,8.89,7,,0
Volkswagen,Polo,2014,Diesel,Manual,159659,First,Jaipur,17,999,5,677318,101597,99565,59,2,11,585053,15,5.14,6,0.64,0
Volkswagen,Vento,2024,Diesel,Manual,18332,Second,Bangalore,24,1598,10,1531393,1293108,1215521,18,6,1,204002,84.44,8.98,5,70.54,0
Kia,EV6,2014,Petrol,Automatic,219173,Second,Kolkata,18,0,3,6001491,900223,882218,61,2,11,5330752,15,4.08,8,4.11,1
Toyota,Urban Cruiser,2025,CNG,Manual,500,First,Delhi,24,1462,9,1235506,1173730,962458,22,18,0,0,95,9.95,10,2347.46,0
Skoda,Kodiaq,2013,Diesel,Automatic,144436,Second,Bangalore,22,1984,2,3703408,555511,461074,57,17,12,3313501,15,4.13,6,3.85,1
Renault,Triber,2020,Petrol,Manual,50456,First,Kolkata,18,997,8,898690,527351,500983,43,5,5,395652,58.68,5.71,5,10.45,0
Honda,City,2024,CNG,Manual,13716,First,Ahmedabad,,1497,10,1725398,1469348,1425267,25,3,1,218024,85.16,9.89,8,107.13,0
Honda,Elevate,2018,Diesel,Manual,78900,First,Ahmedabad,28,1200,6,1085434,389779,378085,33,3,7,663985,35.91,7.52,9,4.94,0
Renault,Duster,2022,Petrol,Automatic,79147,Fourth,Ahmedabad,15,1498,6,1359410,924806,841573,42,9,3,414971,68.03,7.27,7,11.68,0
Mahindra,Thar,2017,Petrol,Manual,123969,First,Nagpur,13,2184,6,1910761,806914,782706,38,3,8,1079501,42.23,,7,6.51,0
Toyota,Camry,2015,Diesel,Automatic,154846,First,Nagpur,21,2487,5,4342970,651445,599329,33,8,10,3865596,15,6.86,8,4.21,1
Renault,Kiger,2022,Petrol,Manual,55587,First,Pune,21,999,7,845400,637854,567690,48,11,3,218588,75.45,7.78,5,11.47,0
MG,Hector,2023,Petrol,Automatic,30846,First,Delhi,13,1956,9,2300174,1973549,1914342,30,3,2,391330,85.8,9.77,8,63.98,0
Nissan,Terrano,2023,Diesel,Automatic,21178,Second,Chandigarh,25,1461,10,1485373,1193942,979032,42,18,2,328783,80.38,7.61,5,56.38,0
Hyundai,Aura,2022,Petrol,Automatic,35971,First,Chennai,15,1197,9,809499,599595,557623,45,7,3,223567,74.07,10,10,16.67,0
Tata,Tiago,2021,Petrol,Manual,60698,First,Mumbai,13,1199,6,682692,447504,434078,37,3,4,222882,65.55,8.95,9,7.37,0
Ford,Endeavour,2023,Petrol,Automatic,34519,Fourth,Jaipur,21,1996,7,5464430,4345861,3737440,19,14,2,1235944,79.53,8.14,4,125.9,1
Maruti,Ciaz,2023,CNG,Manual,36521,Second,Chennai,25,1462,9,1173372,989856,831479,17,16,2,208073,84.36,8.44,10,27.1,0
Kia,Carens,2024,CNG,Automatic,26340,Fourth,Bhopal,25,1497,10,1379889,1211680,945110,28,22,1,141224,87.81,9.51,6,46,0
Mahindra,XUV400,2024,Diesel,Automatic,15812,First,Bangalore,17,0,10,2200425,1940334,1726897,41,11,1,271831,88.18,8.36,9,122.71,0
Tata,Harrier,2012,Diesel,Automatic,241663,Second,Kolkata,25,1956,3,1491127,223669,187881,64,16,13,1465044,15,5.8,7,0.93,0
Maruti,Swift,2016,Petrol,Automatic,132595,First,Chennai,17,1197,4,686962,259190,228087,62,12,9,430941,37.73,5.09,10,1.95,0
Ford,Endeavour,2025,Petrol,Automatic,500,Second,Bangalore,20,1996,10,7026325,6675008,6141007,27,8,0,0,95,9.13,5,13350.02,1
Tata,Nexon,2023,Diesel,Manual,19845,First,Delhi,21,1497,10,1468674,1178904,1049224,37,11,2,287646,80.27,9.13,8,59.41,0
MG,ZS EV,2023,Petrol,Automatic,37110,First,Surat,21,0,7,3455668,2701295,2350126,34,13,2,713460,78.17,8.3,7,72.79,1
Volkswagen,Vento,2020,Petrol,Automatic,61247,First,Kolkata,16,1600,6,1177661,673504,599418,29,11,5,502486,57.19,7.33,7,11,0
Volkswagen,Taigun,2025,CNG,Automatic,2173,Second,Mumbai,29,1498,10,1498666,1423732,1238646,15,13,0,0,95,8.48,7,655.19,0
Honda,HR-V,2021,Petrol,Automatic,59725,First,Bangalore,20,1498,8,1445225,900519,756435,46,16,4,509361,62.31,9.78,9,15.08,0
Volkswagen,Virtus,2017,Diesel,Manual,115277,Second,Coimbatore,25,1498,4,1257520,343931,282023,43,18,8,882038,27.35,6.82,7,2.98,0
Skoda,Kushaq,2018,Petrol,Manual,94111,Third,Delhi,14,1498,5,1206368,456007,364805,46,20,7,723003,37.8,5.26,5,4.85,0
Nissan,Kicks,2021,CNG,Manual,67213,Fourth,Delhi,23,1461,5,1368187,980716,853222,45,13,4,393632,71.68,6.45,5,14.59,0
Mahindra,XUV400,2024,Diesel,Automatic,22145,Third,Nagpur,20,0,8,2044564,1809030,1664307,30,8,1,243048,88.48,7.17,7,81.69,0
MG,Astor,2014,CNG,Manual,157052,Second,Bangalore,20,1497,4,1034014,155102,127183,49,18,11,965419,15,4.14,7,0.99,0
Ford,Figo,2024,Diesel,Automatic,8942,Second,Nagpur,21,1196,10,1082305,941821,838220,40,11,1,145024,87.02,8.03,6,105.33,0
Honda,Jazz,2020,Petrol,Automatic,92229,Second,Lucknow,13,1201,8,1081370,624815,612318,51,2,5,486579,57.78,8.4,9,6.77,0
Skoda,Octavia,2022,Diesel,Automatic,246050,First,Chennai,21,1984,8,3589868,2449366,2057467,43,16,3,1083275,68.23,5.87,5,99.55,1
Volkswagen,Vento,2020,Petrol,Manual,85525,Third,Jaipur,18,1598,6,1190358,744449,684893,36,8,5,430421,62.54,6.59,7,8.7,0
Honda,City,2021,Diesel,Manual,89921,Second,Lucknow,17,1497,6,1439304,888770,870994,33,2,4,517404,61.75,6.21,7,9.88,0
Mahindra,Bolero,2024,Petrol,Automatic,9003,First,Jaipur,13,1492,10,1267615,1140599,1106381,34,3,1,164627,89.98,8.69,8,126.69,0
Mahindra,Scorpio,2024,Petrol,Automatic,26565,Third,Chennai,19,2184,8,2428313,2073050,1886475,47,9,1,317530,85.37,8.88,9,78.04,0
MG,Astor,2019,Petrol,Manual,70567,Second,Lucknow,19,1497,8,1456710,858439,729673,29,15,6,605374,58.93,5.8,6,12.16,0
Maruti,Ertiga,2020,Petrol,Automatic,84900,Second,Pune,21,1460,8,1144180,633074,588758,44,7,5,496765,55.33,6.97,9,7.46,0
Renault,Kwid,2015,Diesel,Automatic,101899,Second,Kolkata,28,799,4,415116,67373,60635,60,10,10,353224,16.23,4.71,7,0.66,0
Honda,HR-V,2023,Petrol,Manual,20662,First,Surat,17,1498,10,1640446,1381419,1257091,18,9,2,282479,84.21,8.9,7,66.86,0
Kia,Sonet,2022,Petrol,Manual,71361,Second,Surat,21,1195,9,1146949,763753,702652,16,8,3,354518,66.59,8.68,7,10.7,0
Volkswagen,Polo,2022,Petrol,Manual,48641,Third,Surat,22,999,7,919755,706003,550682,34,22,3,238777,76.76,6.74,6,14.51,0
Skoda,Octavia,2012,Petrol,Automatic,125663,Second,Chandigarh,16,1984,4,2149861,322479,287006,39,11,13,2021667,15,5.63,5,2.57,1
Kia,Carens,2024,Petrol,Manual,8559,Second,Kolkata,17,1497,10,1613798,1387059,1179000,14,15,1,211666,85.95,10,7,162.06,0
Mahindra,Bolero,2014,Petrol,Manual,127325,First,Bangalore,21,1493,4,921436,138215,127157,60,8,11,782747,15,4.92,9,1.09,0
Renault,Triber,2022,Petrol,Manual,58637,Third,Coimbatore,21,999,7,952781,642269,558774,54,13,3,309012,67.41,7.1,7,10.95,0
MG,Astor,2024,Diesel,Manual,31110,Fourth,Mumbai,22,1497,9,1582884,1391513,1154955,42,17,1,172823,87.91,8.73,8,44.73,0
Kia,EV6,2018,Petrol,Automatic,102012,Fourth,Bangalore,22,0,5,7450336,3409273,2761511,35,19,7,3894200,45.76,4.85,7,33.42,1
Nissan,Kicks,2022,CNG,Automatic,68324,Second,Pune,22,1461,8,1453018,1057506,898880,48,15,3,407085,72.78,8.14,5,15.48,0
Mahindra,XUV300,2023,Petrol,Manual,53043,Third,Chandigarh,19,1199,8,1284833,1045982,962303,33,8,2,220744,81.41,9.04,9,19.72,0
Nissan,Magnite,2025,Petrol,Automatic,2837,Second,Lucknow,15,997,10,1043839,991647,862732,18,13,0,0,95,8.84,5,349.54,0
Mahindra,XUV300,2016,Petrol,Manual,100312,First,Chennai,13,1199,6,861852,278722,270360,55,3,9,592184,32.34,7.98,9,2.78,0
Kia,Seltos,2024,Petrol,Manual,10240,First,Hyderabad,20,1495,9,1745785,1564048,1532767,25,2,1,184156,89.59,8.91,8,152.74,0
Volkswagen,Taigun,2014,Diesel,Automatic,151804,First,Bangalore,28,1498,5,1128032,169204,140439,45,17,11,1022551,15,5.22,6,1.11,0
Volkswagen,Taigun,2022,Petrol,Manual,46765,First,Kolkata,15,1498,7,1311945,866539,753888,41,13,3,414848,66.05,6.56,6,18.53,0
Maruti,Brezza,2023,Diesel,Automatic,25541,First,Ahmedabad,19,1462,10,1347691,1066023,1044702,38,2,2,281082,79.1,9.22,10,103.03,0
Maruti,Ciaz,2024,Diesel,Manual,17148,Second,Coimbatore,26,1462,10,1376727,1205599,988591,21,18,1,182326,87.57,10,10,70.31,0
Tata,Nexon,2018,Petrol,Manual,113681,First,Mumbai,22,1497,5,989801,378994,337304,52,11,7,601801,38.29,6.01,9,5.92,0
Renault,Triber,2018,Petrol,Automatic,72961,First,Pune,19,999,6,711102,243125,199362,53,18,7,454741,34.19,4.95,5,3.33,0
Renault,Kiger,2023,CNG,Manual,43489,Second,Mumbai,22,999,8,865826,701232,624096,41,11,2,190158,80.99,9.24,7,16.12,0
Toyota,Glanza,2023,Petrol,Manual,37863,Second,Bhopal,18,1197,7,1034070,779275,740311,29,5,2,233107,75.36,6.95,9,20.58,0
Honda,HR-V,2023,Diesel,Manual,14504,First,Kolkata,24,1498,9,1692128,1408696,1155130,43,18,2,320699,83.25,9.16,9,97.12,0
Honda,Jazz,2016,Petrol,Manual,148582,Third,Delhi,18,1199,3,796792,223659,196819,61,12,9,567683,28.07,5.49,7,1.51,0
MG,ZS EV,2024,Petrol,Manual,17088,First,Jaipur,21,0,9,3194904,2917905,2480219,34,15,1,361478,91.33,7.91,6,170.76,1
Volkswagen,Virtus,2022,Petrol,Manual,36295,Fourth,Chennai,20,1498,6,1581974,1170344,1053309,30,10,3,439390,73.98,6.93,7,32.25,0
Renault,Duster,2015,CNG,Manual,140251,First,Ahmedabad,21,1498,4,877826,149757,134781,46,10,10,712139,17.06,3.92,5,1.07,0
Honda,HR-V,2025,Diesel,Automatic,500,Third,Chennai,18,1498,8,2033215,1931554,1699767,43,12,0,0,95,9.08,9,3863.11,0
Mahindra,XUV700,2022,Diesel,Automatic,40774,Second,Mumbai,23,2184,8,2837869,2023684,1962973,21,3,3,898335,71.31,7.46,7,49.63,1
Renault,Triber,2024,Diesel,Automatic,16533,Third,Delhi,20,999,9,1045612,906650,825051,26,9,1,130684,86.71,10,7,54.84,0
Volkswagen,Taigun,2024,CNG,Manual,12402,Second,Mumbai,21,1498,9,1680732,1521902,1491463,27,2,1,208160,90.55,9.23,6,122.71,0
Maruti,Brezza,2019,Petrol,Manual,75942,First,Coimbatore,20,1462,7,1059836,600079,564074,25,6,6,447758,56.62,6.81,9,7.9,0
Mahindra,XUV300,2024,Diesel,Manual,13039,Second,Nagpur,25,1199,10,1397918,1263018,1086195,39,14,1,151859,90.35,7.72,7,96.86,0
Honda,Amaze,2024,CNG,Manual,15447,First,Delhi,27,1199,10,1108896,932692,904711,39,3,1,147284,84.11,10,9,60.38,0
Honda,Elevate,2023,Petrol,Manual,52045,Third,Bhopal,13,1200,8,1231074,1017236,915512,27,10,2,239044,82.63,8.83,9,19.55,0
Toyota,Glanza,2025,Petrol,Manual,500,First,Delhi,21,1197,9,996295,946480,889691,23,6,0,0,95,7.89,9,1892.96,0
Renault,Kwid,2023,Diesel,Automatic,26401,Third,Surat,22,799,7,554942,449225,345903,29,23,2,119792,80.95,6.84,7,17.02,0
Toyota,Innova,2017,Diesel,Manual,124364,First,Hyderabad,22,2393,4,2211230,622682,566640,55,9,8,1601777,28.16,5.97,9,5.01,0
Honda,HR-V,2024,Diesel,Automatic,24806,Third,Bangalore,24,1498,10,1866272,1591743,1400733,45,12,1,234538,85.29,9.97,9,64.17,0
Tata,Harrier,2014,Petrol,Automatic,105446,First,Surat,20,1956,4,1745793,394723,363145,41,8,11,1356352,22.61,5.32,9,3.74,0
Toyota,Fortuner,2024,Diesel,Automatic,15076,First,Pune,16,2755,10,5798855,4990494,4641159,19,7,1,781229,86.06,8.45,9,331.02,1
Honda,HR-V,2023,Diesel,Manual,19483,First,Bangalore,19,1498,10,1809106,1484552,1454860,14,2,2,328253,82.06,9.21,8,192.87,0
Honda,Elevate,2021,Petrol,Manual,54966,Second,Nagpur,18,1200,6,1066626,689147,627123,30,9,4,364128,64.61,8.37,9,12.54,0
Ford,Aspire,2021,Petrol,Manual,45058,First,Chennai,,1194,6,1056779,660169,547940,45,17,4,368107,62.47,5.17,5,14.65,0
Mahindra,XUV400,2022,Petrol,Manual,106867,Fourth,Chennai,23,0,7,2385317,1734602,1630525,45,6,3,664551,72.72,6.13,7,16.23,0
Hyundai,Creta,2024,Petrol,Manual,25188,Fourth,Bangalore,15,1493,8,1515003,1324112,1112254,18,16,1,177048,87.4,7.16,8,52.57,0
Toyota,Innova,2023,Petrol,Automatic,42420,Third,Nagpur,17,2393,6,2663340,2195124,1712196,50,22,2,510309,82.42,7.37,8,51.75,0
Volkswagen,Taigun,2024,Petrol,Manual,14590,Second,Kolkata,21,1498,10,1526077,1351341,1243233,20,8,1,202858,88.55,9.44,6,92.62,0
Tata,Punch,2019,Petrol,Automatic,113440,Third,Surat,14,1199,6,1049745,462517,425515,58,8,6,572670,44.06,5.95,8,4.08,0
Mahindra,XUV300,2018,Petrol,Automatic,90486,First,Surat,17,1199,7,945421,365783,358467,38,2,7,593953,38.69,8.04,8,4.04,0
Skoda,Kushaq,2021,Petrol,Automatic,55849,First,Surat,18,1498,8,1334198,988907,830681,21,16,4,364645,74.12,7.94,7,17.71,0
Kia,Carens,2020,Diesel,Automatic,98518,Third,Chandigarh,20,1497,7,1350842,811585,657383,49,19,5,567056,60.08,7.19,8,8.24,0
Skoda,Slavia,2023,Petrol,Automatic,14646,First,Jaipur,16,1498,8,1560236,1258018,1169956,41,7,2,331929,80.63,7.87,7,85.89,0
Honda,HR-V,2023,Petrol,Manual,31196,Fourth,Lucknow,21,1498,7,1663807,1326886,1220735,47,8,2,348853,79.75,6.9,8,42.53,0
Maruti,Dzire,2020,Petrol,Automatic,103500,Second,Chennai,20,1197,8,959272,514169,473035,48,8,5,416933,53.6,7.47,10,4.97,0
Nissan,Magnite,2021,Petrol,Manual,60989,Third,Delhi,17,999,5,866545,573479,504661,60,12,4,310446,66.18,7.16,6,9.4,0
Maruti,Brezza,2022,Diesel,Manual,32749,Second,Hyderabad,21,1462,8,1120380,756256,710880,42,6,3,351247,67.5,8.06,10,23.09,0
Maruti,Ertiga,2022,Petrol,Manual,50148,First,Surat,14,1462,7,1333308,934782,859999,35,8,3,403246,70.11,7.16,10,18.64,0
Nissan,Terrano,2024,Petrol,Automatic,22437,Third,Coimbatore,19,1461,8,1532757,1312193,1075998,45,18,1,178680,85.61,7.92,6,154.56,0
Toyota,Urban Cruiser,2022,Diesel,Manual,58297,Second,Jaipur,18,1462,8,1153588,755138,664521,25,12,3,378827,65.46,9.08,8,,0
Hyundai,Aura,2016,Diesel,Automatic,140248,Third,Mumbai,16,1197,3,725784,147479,132731,52,10,9,598592,20.32,6.51,8,1.05,0
Honda,HR-V,2024,Petrol,Manual,5195,First,Jaipur,17,1498,9,1870060,1662109,1362929,16,18,1,200469,88.88,8.13,7,319.94,0
Tata,Punch,2024,Diesel,Manual,5138,First,Hyderabad,21,1199,10,1030990,913147,867489,24,5,1,119226,88.57,10,9,177.72,0
Tata,Safari,2021,Petrol,Automatic,95823,Third,Hyderabad,17,1954,5,2311817,1465923,1202056,38,18,4,776672,63.41,7.51,9,,0
Maruti,Swift,2021,Petrol,Manual,66624,Fourth,Surat,16,1197,7,993195,724039,666115,24,8,4,287248,72.9,9.3,10,10.87,0
Mahindra,Thar,2021,CNG,Automatic,67194,Second,Coimbatore,21,2184,7,2156809,1445493,1286488,42,11,4,747906,67.02,7.12,7,21.51,0
Kia,EV6,2015,CNG,Automatic,150085,Third,Delhi,29,0,3,6731110,1443149,1370991,45,5,10,5410588,21.44,6.06,7,9.62,1
Renault,Duster,2021,Diesel,Manual,35412,First,Nagpur,18,1498,7,1239084,815936,685386,51,16,4,425362,65.85,5.79,5,23.04,0
Kia,Seltos,2021,Diesel,Manual,36383,First,Kolkata,22,1497,7,1296971,902691,740206,41,18,4,372460,69.6,8.53,8,24.81,0
Hyundai,Venue,2017,Petrol,Automatic,216226,Third,Chennai,18,1197,4,959765,316338,275214,67,13,8,664263,32.96,6.96,10,1.46,0
Maruti,WagonR,2020,Petrol,Automatic,139940,Third,Lucknow,17,1197,5,662536,410176,381463,32,7,5,235615,61.91,8.02,10,2.93,0
Toyota,Innova,2021,Diesel,Manual,93586,Third,Hyderabad,19,2393,5,2976512,2147553,1911322,61,11,4,867871,72.15,8.4,10,22.95,0
Honda,HR-V,2025,Petrol,Automatic,500,Third,Hyderabad,13,1498,10,1692334,1607717,1350482,27,16,0,0,95,8.63,9,3215.43,0
Volkswagen,Polo,2024,Petrol,Manual,31901,Third,Hyderabad,17,999,7,1054845,900837,810753,22,10,1,134740,85.4,8.44,7,28.24,0
Tata,Altroz,2023,Petrol,Automatic,41641,Second,Delhi,18,1199,10,954734,769229,715382,13,7,2,182749,80.57,8.19,9,18.47,0
Mahindra,XUV300,2025,Petrol,Manual,3919,Second,Kolkata,19,1199,9,1295205,1230444,1021268,36,17,0,0,95,8.64,7,313.97,0
Renault,Triber,2025,Petrol,Manual,500,First,Nagpur,21,999,9,951612,904031,840748,22,7,0,0,95,9.02,5,1808.06,0
Hyundai,Alcazar,2024,Petrol,Manual,13636,First,Bangalore,19,1999,9,2472885,2218919,1841702,15,17,1,263641,89.73,8.69,8,162.73,0
Volkswagen,Vento,2016,Petrol,Automatic,152240,First,Nagpur,15,1598,6,1101647,355170,316101,43,11,9,759111,32.24,4.7,5,2.33,0
Toyota,Innova,2023,CNG,Manual,29794,Second,Pune,27,2393,8,2686722,2120092,1844480,30,13,2,554116,78.91,9.56,8,71.16,0
Maruti,Ciaz,2024,Petrol,Automatic,10778,Second,Hyderabad,22,1462,9,1448769,1265354,1202086,18,5,1,163231,87.34,7.79,9,117.4,0
Renault,Triber,2023,Petrol,Automatic,27851,Second,Coimbatore,15,999,9,1087429,873749,856274,18,2,2,205852,80.35,7.51,5,31.37,0
Tata,Harrier,2024,Petrol,Manual,16321,Second,Jaipur,21,1956,9,2613400,2309200,1985912,25,14,1,311099,88.36,9.61,8,141.49,0
Honda,HR-V,2023,Petrol,Manual,15483,First,Pune,22,1498,8,1642420,1319848,1135069,34,14,2,281110,80.36,7.41,9,85.24,0
Ford,EcoSport,2014,Diesel,Manual,176149,First,Chennai,18,1497,5,954982,143247,124624,64,13,11,813602,15,6.06,5,0.81,0
Honda,HR-V,2022,Petrol,Manual,36997,First,Bangalore,,1498,8,1837840,1250282,1212773,44,3,3,587687,68.03,7.2,7,33.79,0
Honda,HR-V,2016,Petrol,Automatic,106788,First,Bhopal,24,1498,6,1330619,302981,296921,48,2,9,995763,22.77,7.66,9,2.84,0
Tata,Safari,2024,Petrol,Automatic,18681,Third,surat,16,1956,8,2656475,2408891,2023468,43,16,1,322953,90.68,7.64,9,128.95,0
MG,Astor,2010,Petrol,Manual,178923,First,Delhi,13,1497,1,822115,123317,106052,71,14,15,918219,15,3.02,7,0.69,0
Hyundai,i20,2019,Petrol,Automatic,90938,Third,Bangalore,15,1197,6,937068,470689,428326,61,9,6,469566,50.23,7.81,8,5.18,0
Toyota,Glanza,2016,Diesel,Manual,86513,First,Chandigarh,19,1197,4,815679,159138,140041,51,12,9,643555,19.51,5.3,9,1.84,0
Volkswagen,Polo,2024,Diesel,Manual,16793,First,Jaipur,20,999,9,1177534,1025278,1004772,42,2,1,153268,87.07,8.15,7,61.05,0
Honda,HR-V,2017,Diesel,Manual,99519,Second,Mumbai,23,1498,4,1441858,495854,436351,43,12,8,965605,34.39,5.53,8,4.98,0
Mahindra,Bolero,2021,Petrol,Manual,63327,Second,Chandigarh,19,1493,10,1261522,767762,721696,18,6,4,463757,60.86,10,9,12.12,0
Renault,Duster,2024,Diesel,Manual,17674,Second,Chennai,28,1498,10,1374534,1162855,965169,36,17,1,180412,84.6,8.79,5,65.79,0
Volkswagen,Polo,2023,Diesel,Manual,56968,Third,Lucknow,23,999,8,1060188,814648,700597,39,14,2,221978,76.84,7.5,5,14.3,0
Maruti,Alto,2022,CNG,Automatic,46144,Second,Kolkata,24,796,7,546549,393515,354163,49,10,3,163753,72,7.67,10,8.53,0
Volkswagen,Taigun,2019,Petrol,Automatic,80536,First,Hyderabad,18,1498,5,1327287,743147,661400,59,11,6,593082,55.99,4.65,5,9.23,0
MG,Hector,2024,Diesel,Automatic,8680,First,Mumbai,26,1956,10,2341324,2070198,1738966,21,16,1,265398,88.42,7.63,6,238.5,0
Honda,WR-V,2022,Diesel,Automatic,62494,Third,Chandigarh,28,1199,7,1365618,1020116,816092,35,20,3,365894,74.7,7.14,8,16.32,0
Renault,Triber,2023,CNG,Automatic,31931,First,Mumbai,26,999,9,1039233,807587,791435,18,2,2,227052,77.71,9.27,5,25.29,0
Skoda,Octavia,2016,Petrol,Automatic,176979,Second,Bhopal,20,1984,5,2494852,513939,467684,48,9,9,2009681,20.6,6.17,7,2.9,1
Ford,Aspire,2020,Petrol,Automatic,61639,First,Delhi,18,1194,8,959686,612471,526725,39,14,5,349178,63.82,5.71,4,9.94,0
Nissan,Magnite,2024,Petrol,Automatic,19066,Second,Coimbatore,19,999,9,1175086,1023969,849894,21,17,1,158558,87.14,9.35,5,53.71,0
Mahindra,Bolero,2015,Petrol,Manual,110176,Second,Bhopal,20,1493,5,1086125,219940,182550,60,17,10,852473,20.25,5.13,8,2,0
Ford,Endeavour,2022,CNG,Automatic,39041,Third,Jaipur,23,1996,6,6135307,4591663,4270246,48,7,3,1565899,74.84,5.2,5,117.61,1
Renault,Kwid,2025,Petrol,Manual,500,First,Mumbai,20,799,10,703137,667980,587822,34,12,0,0,95,9.85,6,1335.96,0
Kia,Sonet,2018,Petrol,Manual,145656,Second,Chennai,19,1197,6,889780,322990,300380,29,7,7,549564,36.3,6.44,6,2.22,0
Nissan,Magnite,2025,Diesel,Manual,500,Third,Delhi,17,999,8,1015650,964867,858731,43,11,0,0,95,6.54,6,1929.73,0
Maruti,Brezza,2020,Diesel,Manual,109290,Second,Bhopal,20,1462,8,1063749,712924,641631,39,10,5,373265,67.02,9.13,10,6.52,0
Ford,Aspire,2025,Petrol,Automatic,2007,First,Ahmedabad,19,1194,10,1119560,1063582,904044,21,15,0,0,95,9.58,5,529.94,0
Maruti,Brezza,2024,Petrol,Automatic,16345,First,Bangalore,13,1462,10,1228418,1100416,1034391,31,6,1,129125,89.58,8.87,9,67.32,0
Mahindra,XUV400,2017,Diesel,Automatic,115585,First,Surat,16,0,5,1692909,643644,605025,57,6,8,1078887,38.02,6.27,9,,0
Skoda,Slavia,2015,CNG,Manual,173398,First,Coimbatore,23,1498,5,1215977,182396,173276,38,5,10,1070935,15,5.53,5,1.05,0
Maruti,Dzire,2025,Petrol,Manual,2258,Third,Nagpur,15,1197,10,1092704,1038068,851215,32,18,0,0,95,10,9,459.73,0
Skoda,Kushaq,2025,Petrol,Manual,360,Second,Chennai,21,1498,10,1476721,1402884,1220509,24,13,0,0,95,8.87,6,3896.9,0
Kia,Sonet,2022,Diesel,Automatic,51052,First,Surat,18,1197,7,1260268,905124,868919,50,4,3,380796,71.82,6.4,8,30.25,0
Mahindra,XUV400,2017,Diesel,Manual,157330,Third,Chennai,24,0,5,1810373,524102,435004,40,17,8,1312374,28.95,6.9,8,3.33,0
Renault,Kwid,2013,CNG,Manual,107835,First,Lucknow,22,799,3,395451,59317,52792,46,11,12,382604,15,3.79,5,0.55,0
Honda,Jazz,2024,Petrol,Automatic,6493,First,Lucknow,19,1199,10,1383794,1190339,1023691,24,14,1,163672,86.02,10,7,183.33,0
Mahindra,XUV400,2024,Diesel,Manual,13819,Second,Ahmedabad,22,0,10,2314851,1993781,1754527,41,12,1,285723,86.13,9.39,9,144.28,0
Toyota,Fortuner,2012,Diesel,Manual,139845,First,Kolkata,19,2755,3,3154161,473124,454199,51,4,13,3065093,15,3.91,8,3.38,1
Toyota,Glanza,2023,CNG,Manual,22229,First,Bhopal,,1197,10,1005868,786186,754738,15,4,2,231222,78.16,10,8,35.37,0
Tata,Altroz,2024,Diesel,Automatic,25806,Second,Kolkata,24,1199,10,1001617,876414,718659,35,18,1,128673,87.5,10,9,33.96,0
Maruti,Brezza,2022,Petrol,Manual,43237,Third,Mumbai,13,1462,7,1287300,857727,669027,40,22,3,399736,66.63,7.5,10,19.84,0
Volkswagen,Taigun,2024,Petrol,Automatic,18156,Third,Kolkata,20,1498,8,1390726,1203256,1070897,48,11,1,161938,86.52,8.58,5,66.27,0
Skoda,Octavia,2024,CNG,Automatic,20573,Third,Pune,27,1984,8,3947448,3478096,2852038,27,18,1,468098,88.11,7.24,7,169.06,1
Mahindra,XUV400,2023,Petrol,Manual,30990,Second,Bangalore,14,0,8,2444852,1900383,1767356,24,7,2,517885,77.73,8.82,8,61.32,0
Tata,Tigor,2022,Diesel,Manual,79519,Fourth,Mumbai,16,1199,7,945836,689987,579589,34,16,3,274638,72.95,6.95,8,8.68,0
Kia,Seltos,2025,CNG,Manual,500,Second,Pune,23,1497,9,1399792,1329802,1263311,30,5,0,0,95,8.45,8,,0
Skoda,Kushaq,2019,Petrol,Manual,86043,Second,Chennai,13,1498,5,1371562,595120,583217,45,2,6,749982,43.39,5.84,7,6.92,0
Kia,EV6,2023,Diesel,Automatic,41444,Second,Ahmedabad,21,0,7,8944956,6818739,5591365,38,18,2,1981390,76.23,6.37,7,164.53,1
MG,Astor,2015,Petrol,Automatic,121925,First,Chennai,18,1497,4,1189855,227024,217943,56,4,10,965585,19.08,6.36,7,1.86,0
Mahindra,XUV300,2018,Petrol,Automatic,112087,First,Lucknow,16,1199,5,1078384,480635,413346,34,14,7,580242,44.57,7.47,9,4.29,0
Tata,Punch,2024,Petrol,Manual,31444,Fourth,Coimbatore,16,1199,7,1102203,955279,802434,17,16,1,150517,86.67,8.76,9,30.38,0
Toyota,Fortuner,2015,Petrol,Automatic,170329,First,Chennai,19,2755,3,3362721,504408,428746,36,15,10,3046986,15,5.07,10,2.96,1
Honda,City,2022,CNG,Manual,26373,First,Hyderabad,29,1497,10,1342399,958204,852801,22,11,3,385291,71.38,7.24,7,36.33,0
Hyundai,Grand i10,2021,Diesel,Manual,90024,Second,Kolkata,19,1197,7,897410,633750,519675,37,18,4,273448,70.62,8.6,8,7.04,0
Hyundai,Verna,2023,Petrol,Automatic,30090,Third,Chennai,17,1497,6,1544951,1320160,1069329,45,19,2,268763,85.45,7.19,10,74.13,0
Nissan,Terrano,2023,Petrol,Manual,31829,First,Hyderabad,18,1461,8,1205277,923121,766190,41,17,2,251326,76.59,7.87,4,29,0
Renault,Duster,2020,Petrol,Automatic,66996,First,Hyderabad,17,1498,7,1287367,816576,669592,31,18,5,490186,63.43,,5,12.19,0
Skoda,Kodiaq,2022,Petrol,Automatic,35576,Second,Delhi,17,1984,8,5276743,3749653,3337191,21,11,3,1512646,71.06,6.11,5,105.4,1
Maruti,Ciaz,2024,CNG,Manual,22209,Third,Chandigarh,24,1462,8,1267101,1074121,902261,33,16,1,164753,84.77,9.6,9,48.36,0
Renault,Kiger,2012,CNG,Automatic,188507,Second,Mumbai,23,999,6,515092,77263,71081,52,8,13,463724,15,4.27,7,0.41,0
Mahindra,XUV700,2023,Diesel,Automatic,31938,First,Surat,28,2184,7,2581104,1991321,1772275,36,11,2,562107,77.15,7.8,9,62.35,1
Maruti,Brezza,2012,Diesel,Automatic,186959,First,Mumbai,20,1462,4,790663,118599,106739,70,10,13,861813,15,5.67,9,0.63,0
Hyundai,i20,2019,Petrol,Manual,122677,Fourth,Kolkata,18,1197,4,945774,492275,452893,41,8,6,449604,52.05,6.27,10,4.01,0
Kia,EV6,2022,CNG,Automatic,42118,First,Bangalore,24,0,7,7449969,5166553,4339904,32,16,3,2499068,69.35,6.46,6,191.23,1
Honda,City,2024,Petrol,Manual,22493,Second,Bhopal,13,1497,9,1652723,1496044,1451162,21,3,1,171387,90.52,8.86,7,66.51,0
Skoda,Kushaq,2023,CNG,Automatic,36896,Second,Bangalore,21,1498,7,1381895,1045818,868028,35,17,2,303317,75.68,5.97,6,28.35,0
Tata,Tiago,2022,Petrol,Automatic,33229,First,Mumbai,20,1199,9,846552,566343,532362,25,6,3,267306,66.9,8.57,9,17.04,0
Renault,Triber,2025,CNG,Manual,4376,Third,Hyderabad,24,999,9,934027,887325,745353,28,16,0,0,95,9.53,5,202.77,0
Mahindra,Scorpio,2025,Petrol,Automatic,5777,First,Coimbatore,22,2184,10,2059732,1956745,1702368,40,13,0,0,95,9.19,9,338.71,0
Mahindra,Bolero,2020,Diesel,Manual,88270,First,Nagpur,19,1493,9,1126968,613634,564543,48,8,5,506877,54.45,9.24,7,6.95,0
Kia,EV6,2023,Petrol,Automatic,22886,First,Pune,16,0,9,9381702,7138537,6924380,33,3,2,2050087,76.09,8.98,7,311.92,1
MG,Hector,2023,CNG,Automatic,25715,First,Pune,23,1956,10,2030521,1699546,1512595,23,11,2,349067,83.7,9.84,8,66.09,0
Hyundai,Creta,2020,Petrol,Automatic,94653,Second,Nagpur,15,1492,8,1411550,905368,778616,41,14,5,547444,64.14,7.96,10,25.26,0
Tata,Tigor,2014,Petrol,Automatic,97498,First,Bhopal,21,1199,3,533872,80080,72872,48,9,11,498234,15,5.02,9,0.82,0
Kia,Seltos,2022,Petrol,Manual,41465,First,Hyderabad,15,1497,7,1533470,1085390,976851,38,10,3,429785,70.78,8.07,6,26.18,0
Mahindra,XUV400,2021,Diesel,Automatic,54496,First,Kolkata,26,0,8,2256539,1449600,1319136,39,9,4,786228,64.24,7.86,7,26.6,0
Mahindra,XUV300,2023,Diesel,Automatic,35342,Third,Kolkata,27,1199,8,1147526,938332,900798,50,4,2,218537,81.77,8.88,9,26.55,0
Mahindra,XUV400,2024,Diesel,Automatic,16397,Fourth,Pune,27,0,8,2516004,2235972,1900576,42,15,1,329274,88.87,8.23,7,136.36,0
Volkswagen,Taigun,2022,Petrol,Automatic,43285,Third,Coimbatore,21,1498,8,1582437,1203126,962500,25,20,3,426290,76.03,7.93,5,27.8,0
Mahindra,XUV400,2022,Petrol,Manual,57353,Second,Coimbatore,13,0,8,2213571,1614357,1323772,19,18,3,596398,72.93,7.79,7,28.15,0
Renault,Duster,2022,Petrol,Automatic,65188,Third,Pune,22,1498,6,1233385,879403,817844,53,7,3,347747,71.3,7.06,5,13.49,0
MG,ZS EV,2024,Petrol,Automatic,21265,Third,Coimbatore,22,0,8,3027626,2541692,2211272,33,13,1,401124,83.95,9.36,7,,1
Renault,Duster,2024,Petrol,Manual,25520,Third,Jaipur,13,1498,10,1294402,1135708,1078922,33,5,1,141034,87.74,9.8,7,44.5,0
Ford,EcoSport,2019,Diesel,Manual,75755,First,Pune,18,1497,5,1129565,638881,600548,43,6,6,463314,56.56,7.21,6,8.43,0
Mahindra,XUV700,2024,Diesel,Manual,23036,Third,Mumbai,27,2184,9,2819021,2484967,2137071,34,14,1,358825,88.15,9.55,7,107.87,1
Skoda,Slavia,2024,Diesel,Automatic,19887,First,Bangalore,23,1498,10,1508523,1331271,1118267,26,16,1,198199,88.25,8.9,5,66.94,0
Skoda,Kushaq,2016,Diesel,Automatic,110311,Second,Chennai,19,1498,5,1190077,313704,279196,54,11,9,888076,26.36,6.68,6,2.84,0
Ford,Aspire,2022,Diesel,Manual,47087,Fourth,Bangalore,17,1194,6,1104543,839784,680225,39,19,3,297493,76.03,4.84,4,17.83,0
Toyota,Urban Cruiser,2023,Petrol,Automatic,33648,Second,Bhopal,21,1462,7,1217812,1014072,912664,49,10,2,219940,83.27,7.1,8,30.14,0
Ford,Aspire,2024,Diesel,Manual,14501,Third,Jaipur,21,1194,9,958040,833398,741724,43,11,1,104935,86.99,8.27,6,57.47,0
Mahindra,XUV700,2024,Petrol,Automatic,18619,Second,Jaipur,18,2184,9,2797828,2412007,2050205,12,15,1,374951,86.21,8.77,8,129.55,1
Skoda,Slavia,2024,Petrol,Automatic,12124,Second,Hyderabad,18,1498,9,1655217,1481253,1214627,18,18,1,211219,89.49,9.37,5,122.18,0
Hyundai,Aura,2021,Diesel,Manual,40207,First,Kolkata,17,1197,7,936194,686136,631245,45,8,4,265003,73.29,7.75,10,17.07,0
Renault,Kwid,2025,Petrol,Manual,280,Second,Pune,15,799,10,617179,586320,539414,33,8,0,0,95,9.82,5,2094,0
Kia,Seltos,2023,CNG,Manual,30413,Second,Jaipur,26,1497,9,1609801,1228117,1080742,40,12,2,345959,76.29,7.99,8,40.38,0
Nissan,Magnite,2019,Diesel,Automatic,127310,Third,Chandigarh,27,999,4,961466,481886,424059,47,12,6,500677,50.12,5.34,6,3.79,0
Mahindra,Scorpio,2021,Petrol,Manual,70149,Second,Kolkata,16,2184,8,1840271,1368057,1217570,30,11,4,513436,74.34,7.51,9,19.5,0
Maruti,Dzire,2016,CNG,Manual,135114,Second,Lucknow,28,,6,809416,206724,171580,42,17,9,604069,25.54,7.26,10,1.53,0
Hyundai,Verna,2024,CNG,Manual,16255,Second,Coimbatore,28,1497,10,1457683,1262353,1161364,33,8,1,176383,86.6,9.53,10,77.66,0
Mahindra,XUV400,2015,Diesel,Automatic,283227,Fourth,Hyderabad,25,0,5,1649580,524731,435526,54,17,10,1161806,31.81,4.46,7,1.85,0
Ford,Endeavour,2021,Diesel,Automatic,58543,Third,Coimbatore,25,1996,6,6059226,4034838,3752399,24,7,4,2023298,66.59,6.63,4,68.92,1
Kia,Sonet,2023,Petrol,Manual,35593,Second,Coimbatore,19,1197,7,1266426,980593,951175,47,3,2,261302,77.43,7.91,8,27.55,0
Ford,Endeavour,2021,Petrol,Automatic,78365,Second,Mumbai,16,1996,7,5454360,3700783,3219681,32,13,4,1598132,67.85,6.28,4,47.22,1
Hyundai,Venue,2020,Petrol,Automatic,77978,Second,Coimbatore,18,1196,7,909641,557064,523640,41,6,5,358575,61.24,7.81,10,7.14,0
Skoda,Slavia,2024,Petrol,Manual,19595,Second,Bangalore,14,1498,10,1585435,1369340,1218712,36,11,1,172706,86.37,9.93,7,69.88,0
Maruti,Baleno,2023,Diesel,Manual,42340,Third,Coimbatore,17,1197,8,1018156,814422,659681,40,19,2,187211,79.99,8.96,10,19.24,0
Renault,Duster,2025,Diesel,Automatic,5924,Fourth,Coimbatore,23,1498,10,1515638,1439856,1324667,21,8,0,0,95,8.43,5,243.05,0
Tata,Altroz,2024,Petrol,Manual,20074,Second,Mumbai,17,1199,9,1067242,912491,821241,36,10,1,134860,85.5,9.56,7,45.46,0
Mahindra,XUV400,2018,Petrol,Manual,114575,Second,Bangalore,13,0,6,1815472,760319,691890,46,9,7,1101088,41.88,5.3,8,6.64,0
Skoda,Slavia,2025,Diesel,Manual,1434,Fourth,Bangalore,24,1498,9,1870718,1777182,1528376,35,14,0,0,95,9.58,6,1239.32,0
Kia,Sonet,2024,Diesel,Automatic,10853,First,Kolkata,26,1197,9,1295076,1113506,1035560,,7,1,166438,85.98,10,8,102.6,0
Renault,Duster,2019,Diesel,Automatic,959970,First,Bangalore,20,1498,7,1058941,586970,534142,30,9,6,460570,55.43,7.11,6,6.11,0
Mahindra,Bolero,2022,Petrol,Manual,33264,First,Ahmedabad,21,1493,8,1396098,1010495,889235,19,12,3,361674,72.38,7.33,7,30.38,0
Tata,Punch,2020,Diesel,Manual,106150,Second,Kolkata,27,1199,9,1031039,598208,580261,26,3,5,446917,58.02,8.95,9,5.64,0
Honda,WR-V,2014,Petrol,Automatic,224640,Second,Chennai,13,1199,3,891376,133706,112313,60,16,11,806073,15,5.03,8,0.6,0
Volkswagen,Virtus,2023,Diesel,Manual,25013,First,Bhopal,28,1498,8,1389187,1140105,980490,25,14,2,264026,82.07,7.65,6,45.58,0
Kia,Seltos,2025,Diesel,Automatic,910,Second,Nagpur,21,1497,10,1629346,1547878,1315696,39,15,0,0,95,10,7,1700.96,0
Mahindra,Thar,2025,Diesel,Manual,500,Third,Mumbai,20,2184,8,2575664,2446880,1957504,36,20,0,0,95,9.52,7,4893.76,0
Toyota,Innova,2016,Petrol,Automatic,150390,Second,Ahmedabad,15,2393,5,2109601,464112,389854,33,16,9,1699076,22,4.97,9,3.09,0
Honda,Elevate,2021,Petrol,Manual,89702,Fourth,Bangalore,17,1200,5,1275979,918066,734452,28,20,4,360666,71.95,5.42,7,10.23,0
Tata,Tigor,2022,Diesel,Manual,72064,Third,Kolkata,22,1199,7,899096,594662,481676,48,19,3,291496,66.14,6.35,7,22.27,0
Renault,Kiger,2017,Diesel,Manual,98048,First,Surat,20,999,5,764715,262450,246703,33,6,8,522734,34.32,4.31,6,2.68,0
Renault,Kwid,2017,Petrol,Automatic,115453,First,Surat,17,799,5,420101,184214,162108,44,12,8,240348,43.85,5.07,5,1.6,0
Maruti,Swift,2023,CNG,Automatic,50126,Second,Hyderabad,24,1197,8,1011967,814532,676061,20,17,2,192734,80.49,8.09,9,16.25,0
Toyota,Urban Cruiser,2025,Petrol,Automatic,1911,Second,Chandigarh,19,1462,10,1494634,1419902,1363105,35,4,0,0,95,8.56,9,743.02,0
Nissan,Magnite,2019,Petrol,Automatic,49074,First,Chennai,15,999,6,762436,346984,298406,38,14,6,419091,45.51,4.8,5,7.07,0
Renault,Triber,2012,CNG,Manual,168422,First,Lucknow,27,999,4,525537,78830,70947,46,10,13,551151,15,5,6,0.47,0
Kia,Sonet,2011,Diesel,Automatic,374450,Third,Bangalore,19,1197,1,663652,99547,86605,59,13,14,663815,15,2.89,6,0.27,0
Maruti,Swift,2024,Diesel,Automatic,25541,Third,Delhi,22,1197,9,948391,828135,654226,30,21,1,102292,87.32,9.01,10,32.42,0
Tata,Nexon,2022,Diesel,Manual,66529,Third,Nagpur,17,1497,6,1359372,897457,834635,50,7,3,439432,66.02,9.03,9,13.49,0
Skoda,Slavia,2023,CNG,Manual,51768,Third,Chennai,28,1498,6,1634459,1332410,1185844,47,11,2,340191,81.52,6.24,6,25.74,0
Toyota,Urban Cruiser,2024,Diesel,Manual,17711,Third,Lucknow,22,1462,9,1265314,1122460,897968,47,20,1,174464,88.71,10,8,63.38,0
Hyundai,Tucson,2023,Petrol,Automatic,38180,First,Kolkata,17,1998,9,3956171,3202124,2721805,39,15,2,754590,80.94,9.19,8,226.38,1
Maruti,WagonR,2025,Petrol,Automatic,4751,First,Coimbatore,14,1197,10,785893,746598,716734,,4,0,0,95,10,9,157.15,0
Ford,Endeavour,2015,Petrol,Automatic,164100,First,Delhi,13,1996,5,4307176,983758,816519,54,17,10,3329437,22.84,4.26,6,5.99,1
Kia,Sonet,2012,Petrol,Manual,143060,First,Kolkata,22,1197,4,689443,103416,88937,58,14,13,751279,15,3.9,7,0.72,0
Toyota,Fortuner,2023,Petrol,Automatic,40669,Second,Bhopal,21,2753,7,5083513,4283876,3641294,18,15,2,898004,84.27,9.28,9,105.34,1
Honda,Elevate,2019,Diesel,Manual,93914,First,Hyderabad,,1200,7,1202724,622409,578840,41,7,6,610628,51.75,7.35,7,6.63,0
Tata,Safari,2021,Petrol,Automatic,95145,Second,Ahmedabad,15,1956,8,2033636,1353588,1177621,32,13,4,692346,66.56,8.88,7,14.23,0
Skoda,Kushaq,2021,Petrol,Automatic,38588,First,Kolkata,17,1498,6,1245810,795075,691715,49,13,4,437506,63.82,7.71,6,20.6,0
Mahindra,XUV400,2016,Diesel,Automatic,200430,Second,Kolkata,19,0,8,1641965,463855,417469,32,10,9,1199464,28.25,7.01,8,2.31,0
Hyundai,i20,2023,Petrol,Manual,25777,First,Kolkata,13,1197,9,1161707,911939,802506,44,12,2,236078,78.5,7.52,9,35.38,0
Maruti,Ertiga,2023,Petrol,Automatic,42850,Third,Bangalore,16,1462,6,1334716,1001837,951745,42,5,2,299180,75.06,6.92,9,23.38,0
Renault,Duster,2020,Diesel,Automatic,185012,Fourth,Chandigarh,17,1498,7,1300301,746242,671617,26,10,5,564690,57.39,5.19,5,4.03,0
Tata,Punch,2025,Diesel,Manual,5037,Second,Chandigarh,16,1199,9,1259566,1196587,1064962,17,11,0,0,95,7.59,8,237.56,0
MG,Astor,2024,Petrol,Manual,15727,Third,Pune,,1497,9,1812535,1538479,1276937,42,17,1,221333,84.88,8.21,8,97.82,0
Kia,Sonet,2015,Petrol,Automatic,161895,Second,Chennai,16,1197,3,866336,152994,146874,61,4,10,710348,17.66,6.24,8,0.95,0
Skoda,Kushaq,2020,Petrol,Automatic,50125,First,Pune,19,1498,7,1289359,710050,631944,35,11,5,554135,55.07,8.15,7,14.17,0
Skoda,Kodiaq,2024,Petrol,Manual,15613,Second,Nagpur,,1984,9,5851122,5187604,4928223,33,5,1,646220,88.66,9.3,5,332.26,1
Mahindra,Bolero,2010,CNG,Manual,134179,First,Coimbatore,,1493,3,797655,119648,107683,72,10,15,838800,15,4.42,7,0.89,0
Tata,Safari,2010,Petrol,Automatic,267474,First,Kolkata,18,1956,2,1243033,186454,162214,48,13,15,1673170,15,5.02,9,0.7,0
Honda,Amaze,2018,Petrol,Automatic,90567,Second,Nagpur,20,1199,7,881261,349508,342517,51,2,7,512819,39.66,7.71,7,3.86,0
Ford,EcoSport,2024,Petrol,Automatic,18519,Third,Pune,20,1497,8,1311119,1143689,1052193,28,8,1,173056,87.23,7.58,4,61.76,0
Tata,Safari,2024,Diesel,Manual,10294,First,Chennai,19,1956,10,2580002,2208997,1877647,39,15,1,329306,85.62,10,9,214.59,0
Nissan,Terrano,2025,Petrol,Automatic,1746,First,Delhi,13,1461,10,1506955,1431607,1402974,23,2,0,0,95,7.41,6,819.94,0
Nissan,Magnite,2019,Petrol,Manual,98473,First,Mumbai,16,999,6,783137,401357,341153,33,15,6,392666,51.25,5.07,5,4.08,0
Nissan,Magnite,2010,Diesel,Automatic,126504,First,Hyderabad,22,999,2,571790,85768,73760,74,14,15,680975,15,4.07,5,,0
MG,ZS EV,2024,Diesel,Automatic,28196,Third,Mumbai,28,0,8,3546463,3038254,2430603,24,20,1,437352,85.67,6.47,6,107.75,1
Maruti,Dzire,2022,Diesel,Manual,66138,Third,Chennai,17,1199,7,1085457,778164,708129,46,9,3,306761,71.69,7.21,10,11.77,0
Mahindra,XUV400,2017,Diesel,Automatic,171832,Third,Coimbatore,22,0,4,1920649,841820,782892,65,7,8,1078949,43.83,7.01,9,4.9,0
Skoda,Kodiaq,2023,Diesel,Automatic,20091,First,Hyderabad,27,1984,9,5131727,4215200,3751528,11,11,2,989457,82.14,8.51,7,209.81,1
Renault,Duster,2025,CNG,Manual,500,Third,Pune,30,1498,10,1550497,1472972,1222566,15,17,0,0,95,8.67,6,2945.94,0
Maruti,Baleno,2023,Petrol,Manual,48603,Third,Jaipur,13,1197,8,1101825,844108,810343,,4,2,228163,76.61,8.21,10,17.37,0
Ford,Endeavour,2023,Petrol,Automatic,33057,First,Lucknow,18,1996,9,5777359,4430656,4164816,25,6,2,1253275,76.69,7.49,5,134.03,1
Volkswagen,Vento,2023,Petrol,Manual,24866,First,Jaipur,17,1598,8,1342240,1058758,963469,29,9,2,266726,78.88,6.82,7,42.58,0
Maruti,Swift,2024,Petrol,Automatic,14740,First,Ahmedabad,21,1197,9,1114585,956982,842144,23,12,1,132313,85.86,10,10,,0
Volkswagen,Vento,2012,Diesel,Manual,193507,First,Mumbai,16,1598,4,738570,110785,101922,57,8,13,730029,15,3.85,7,0.57,0
Hyundai,i20,2020,Petrol,Automatic,130257,Fourth,Jaipur,20,1197,7,1057859,615779,529569,26,14,5,425393,58.21,8.95,9,4.73,0
Toyota,Glanza,2023,Diesel,Manual,35209,First,Chennai,19,1197,9,1046090,862187,784590,31,9,2,185943,82.42,,10,24.49,0
Kia,Sonet,2023,Petrol,Manual,20603,Second,Mumbai,17,1197,10,1122946,927890,881495,38,5,2,225736,82.63,7.47,6,45.04,0
Renault,Kwid,2024,Diesel,Manual,15937,First,Delhi,17,799,10,678549,598615,514808,28,14,1,89723,88.22,8.2,5,37.56,0
Skoda,Kushaq,2020,CNG,Manual,100466,Third,Ahmedabad,21,1498,6,1364471,789482,750007,35,5,5,579593,57.86,5.06,5,7.86,0
Hyundai,Tucson,2015,Diesel,Automatic,86687,First,Jaipur,21,1998,3,2892941,594210,534789,59,10,10,2303796,20.54,6.75,10,6.85,1
Maruti,Brezza,2017,Petrol,Automatic,132650,First,surat,19,1462,4,1042976,360035,298829,34,17,8,651724,34.52,6.77,10,2.71,0
Kia,Seltos,2017,Petrol,Manual,170438,Third,Bangalore,15,1497,4,1049991,322767,267896,56,17,8,701856,30.74,5,8,1.89,0
Renault,Triber,2021,Petrol,Manual,55932,Second,Surat,20,999,8,1009249,713639,685093,47,4,4,307318,70.71,8.46,6,12.76,0
Toyota,Fortuner,2017,CNG,Automatic,107616,First,Coimbatore,27,2755,6,3750385,1298008,1116286,51,14,8,2454020,34.61,8.09,10,12.06,1
Ford,Endeavour,2017,Petrol,Automatic,195021,Third,Lucknow,13,1996,4,5194301,2350940,1810223,50,23,8,2844171,45.26,5.44,6,12.05,1
MG,Astor,2023,PETROL,Manual,24480,First,Mumbai,15,1497,9,1465475,1156406,1040765,40,10,2,271072,78.91,8.76,6,47.24,0
Kia,Carens,2022,Petrol,Manual,43396,Second,Lucknow,14,1497,7,1518019,1108761,1008972,43,9,3,423372,73.04,7.4,6,25.55,0
Nissan,Kicks,2021,Diesel,Manual,61916,Second,Coimbatore,22,1461,6,1120929,731854,644031,41,12,4,402256,65.29,5.82,4,11.82,0
Mahindra,XUV300,2022,Diesel,Manual,51843,Fourth,Nagpur,28,1197,7,1139072,827307,719757,46,13,3,337984,72.63,7.22,9,15.96,0
Volkswagen,Vento,2024,Petrol,Automatic,23875,Second,Bhopal,15,1598,10,1452762,1258963,1208604,41,4,1,168454,86.66,8.55,5,52.73,0
Toyota,Urban Cruiser,2023,CNG,Manual,35604,Second,Pune,27,1462,10,1109477,927633,862698,18,7,2,201412,83.61,10,10,26.05,0
Honda,HR-V,2021,Petrol,Manual,53821,Fourth,Hyderabad,,1498,5,1537180,1069262,908872,27,15,4,436286,69.56,5.74,7,19.87,0
MG,Gloster,2015,Diesel,Automatic,162764,First,Mumbai,25,1996,5,2906385,749556,697087,43,7,10,2226675,25.79,5.1,7,4.61,1
Skoda,Slavia,2021,CNG,Manual,95246,Fourth,Surat,20,1498,7,1580117,976986,840207,42,14,4,578944,61.83,5.64,5,10.26,0
Renault,Kiger,2021,Petrol,Automatic,53801,Second,Bhopal,18,999,6,793198,527000,458490,,13,4,274201,66.44,5.49,7,,0
Skoda,Octavia,2023,CNG,Automatic,32823,First,Mumbai,26,1984,10,3866099,3198037,2782292,30,13,2,731094,82.72,9.12,7,97.43,1
MG,ZS EV,2021,Petrol,Automatic,50721,First,Nagpur,19,0,6,3249455,2110196,1878074,32,11,4,1081815,64.94,,7,41.6,1
Kia,Seltos,2014,Diesel,Automatic,256951,Third,Kolkata,22,1497,2,1065560,252218,199252,61,21,11,841862,23.67,5.14,6,0.98,0
Hyundai,Alcazar,2020,Petrol,Manual,67192,Second,Kolkata,20,2001,8,1954667,1191955,1048920,33,12,5,734566,60.98,7.31,9,17.74,0
Ford,Aspire,2022,Diesel,Manual,27687,Second,Lucknow,17,1194,9,971207,677805,562578,37,17,3,304081,69.79,5.86,4,24.48,0
Volkswagen,Vento,2023,Petrol,Automatic,33032,First,Bhopal,22,1598,10,1311034,998483,968528,29,3,2,292945,76.16,9.68,7,30.23,0
Nissan,Kicks,2014,Petrol,Automatic,152363,Third,Ahmedabad,14,1461,4,1012965,260838,208670,52,20,11,762690,25.75,5.36,5,1.71,0
Kia,Sonet,2012,CNG,Manual,180867,Third,Mumbai,24,1197,3,681942,102291,87970,60,14,13,713941,15,2.9,7,0.57,0
Honda,Elevate,2025,Diesel,Manual,1567,Fourth,Ahmedabad,21,1200,9,1421671,1350587,1134493,31,16,0,0,95,8.85,9,861.89,0
Kia,Seltos,2019,CNG,Manual,91892,Second,Bhopal,26,1497,5,1242686,547030,508737,37,7,6,676243,44.02,6.61,8,5.95,0
MG,Gloster,2025,Petrol,Automatic,4415,First,Surat,21,1996,10,5094142,4839434,4210307,19,13,0,0,95,7.97,6,1096.13,1
Renault,Duster,2019,Petrol,Automatic,100021,Third,Chennai,16,1498,6,1063713,599189,473359,43,21,6,451788,56.33,6.5,7,5.99,0
Maruti,Brezza,2019,Diesel,Manual,64725,First,Delhi,17,1462,5,1006258,472438,392123,56,17,6,520603,46.95,5.93,9,7.3,0
Hyundai,Verna,2023,Petrol,Manual,36011,Third,Lucknow,15,1497,7,1589788,1220003,1098002,51,10,2,347599,76.74,8.98,8,33.88,0
Volkswagen,Virtus,2023,Diesel,Automatic,35243,Second,Hyderabad,25,1498,7,1681560,1321538,1083661,28,18,2,377327,78.59,8.02,5,37.5,0
Maruti,Ciaz,2018,Diesel,Manual,125202,Second,Chennai,19,1462,7,1068655,436652,366787,46,16,7,631201,40.86,7.29,10,3.49,0
Ford,EcoSport,2022,Petrol,Manual,72968,Third,Nagpur,15,1497,6,1147214,841940,757746,28,10,3,331186,73.39,6.96,5,11.54,0
Volkswagen,Virtus,2020,Diesel,Manual,88623,Second,Jaipur,23,1498,7,1465687,795135,683816,49,14,5,656576,54.25,5.43,5,8.97,0
Kia,Sonet,2022,Petrol,Manual,54959,First,Kolkata,20,1197,7,1063775,738366,679296,32,8,3,303820,69.41,6.95,8,13.43,0
Renault,Triber,2024,Diesel,Manual,30112,Third,Pune,28,999,8,992199,906473,852084,31,6,1,104358,91.36,6.71,5,30.1,0
Volkswagen,Vento,2018,Diesel,Automatic,112811,Second,Pune,20,1598,5,1068164,486869,467394,47,4,7,610319,45.58,5.31,6,4.32,0
Hyundai,Grand i10,2019,Petrol,Manual,67785,First,Bangalore,18,1197,6,682865,337540,320663,44,5,6,358160,49.43,6.44,9,4.98,0
Ford,Endeavour,2021,Petrol,Automatic,61313,First,Chandigarh,20,1996,8,5323016,3817667,3588606,19,6,4,1582123,71.72,7.51,6,62.27,1
Skoda,Slavia,2024,Petrol,Automatic,15634,First,Nagpur,14,1498,10,1427250,1267683,1128237,37,11,1,151510,88.82,8.02,5,234.48,0
Mahindra,Thar,2025,Diesel,Manual,500,First,Pune,22,2184,10,2461247,2338184,1917310,38,18,0,0,95,8.37,7,4676.37,0
Mahindra,XUV400,2015,CNG,Manual,199244,Second,Surat,29,0,8,1623704,243555,209457,32,14,10,1343647,15,8.9,9,1.22,0
Tata,Safari,2012,Petrol,Automatic,235471,First,Surat,18,1956,5,1680677,252101,231932,63,8,13,1983974,15,3.85,7,1.07,0
Honda,WR-V,2017,Petrol,Automatic,262547,Fourth,Bhopal,22,1199,5,1106469,350308,280246,32,20,8,734510,31.66,6.87,7,1.33,0
Maruti,Alto,2019,Petrol,Automatic,90464,Second,Coimbatore,14,796,6,471166,240530,230908,47,4,6,224670,51.05,7.59,10,2.66,0
Toyota,Glanza,2013,Petrol,Automatic,176252,First,Lucknow,15,1197,3,654312,98146,89312,45,9,12,706580,15,6.62,10,0.56,0
Toyota,Urban Cruiser,2024,Diesel,Manual,12712,First,Ahmedabad,24,1462,9,1324258,1222554,1063621,33,13,1,137349,92.32,7.73,8,96.17,0
Skoda,Kushaq,2025,Petrol,Automatic,2012,Third,Ahmedabad,15,1498,10,1490233,1415721,1160891,43,18,0,0,95,10,6,703.64,0
Nissan,Kicks,2021,Diesel,Manual,67822,First,Pune,20,1461,7,1252137,886888,744985,30,16,4,352898,70.83,7.4,5,13.08,0
Kia,EV6,2018,Petrol,Manual,139087,Third,Kolkata,14,0,6,7115059,3329136,2863056,46,14,7,3807604,46.79,6.25,8,23.94,1
Honda,WR-V,2017,Diesel,Automatic,135348,First,Delhi,17,1199,6,1020141,266460,255801,,4,8,729177,26.12,7.44,8,1.97,0
Hyundai,Alcazar,2024,Petrol,Manual,18293,Second,Jaipur,22,1999,10,2213729,1960257,1705423,16,13,1,295197,88.55,9.63,10,107.16,0
Hyundai,Tucson,2024,Diesel,Automatic,21133,Second,Kolkata,26,1998,9,3592241,3048375,2865472,16,6,1,467472,84.86,9.33,9,144.25,1
MG,ZS EV,2016,Diesel,Manual,159170,Third,Kolkata,28,0,5,2619844,535496,428396,53,20,9,2099134,20.44,4.32,6,3.36,1
Hyundai,Verna,2025,CNG,Manual,500,First,Delhi,27,1497,10,1593709,1514023,1408041,,7,0,0,95,8.46,8,3028.05,0
Kia,EV6,2021,Petrol,Automatic,69561,Second,Lucknow,15,0,6,7158720,4449860,4227367,35,5,4,2537657,62.16,6.87,7,63.97,1
Renault,Kiger,2019,Petrol,Manual,110155,Second,Surat,16,999,7,758407,436159,396904,47,9,6,333785,57.51,8.12,6,3.96,0
Toyota,Glanza,2025,Diesel,Manual,500,First,Surat,21,1197,10,995487,945712,888969,15,6,0,0,95,10,9,1891.42,0
